source,firm,title,min_years,position_levels,employment_types,desc_excerpt,is_grad,is_internship,job_family,note
hand,National University of Singapore,"Executive, Graduate Studies' Office, School of Computing",1,Executive,Full Time,administers the graduate studies programme,0,0,other,"'graduate' is the subject matter, not the seniority"
hand,ByteDance,Backend Engineer Graduate (ShortText Recommendation) - 2026 Start,0,Professional,Full Time,,1,0,software_engineering,"tagged Professional, not Fresh/entry - level filters miss it"
hand,Merck,"Associate, GOglobal Graduate Program - Data & AI",1,Junior Executive,Permanent,,1,0,data_science,genuine grad programme tagged 1 year
hand,Leonteq Securities,"Graduate, Trading",1,Fresh/entry level,Contract,,1,0,quant_trading,grad programme tagged 1 year
hand,Asahi Global Procurement,Go Graduate Finance,3,Professional,Full Time,,0,0,finance_accounting,"graduate in title, three years demanded"
hand,CTES Consulting,"Assistant Manager, Academic (Graduate Programmes) - 3340",5,Middle Management,Full Time,,0,0,general_management,"five years, and 'graduate' is the subject matter"
hand,Charles & Keith,MANAGEMENT ASSOCIATE (TRAINEE MANAGER),0,Fresh/entry level,Full Time,,1,0,general_management,real programme whose title contains 'Manager'
hand,Shinhan Bank,Risk Management Associate/Assistant Manager,1,Executive,Full Time,,0,0,risk_compliance,'Management Associate' only as a substring of 'Risk Management'
hand,MORE YOGURT PREMIUM,MANAGEMENT ASSOCIATE,2,Senior Management,Full Time,,0,0,general_management,two structured signals contradict the programme title
hand,Ola Party,#2 Ola Trainee - AI Product Manager (Fresh Grads only),0,Fresh/entry level,Full Time,,1,0,product_management,"says fresh grads outright, loses to the word Manager"
hand,Deloitte Singapore Assurance,Amplify Program Audit & Assurance Graduate Intern,0,Fresh/entry level,Full Time,,1,1,risk_compliance,internship must be flagged even on a graduate-titled row
hand,Barclays,Research Analyst Summer Internship Programme 2027 Singapore,0,Fresh/entry level,Internship/Attachment,,1,1,investment,internship detected from employmentTypes as well as title
hand,Squarepoint Capital,Junior Quant Researcher,1,Non-executive,Full Time,,1,0,quant_research,"weak title marker, uncontradicted by experience"
hand,ams-OSRAM,"Senior Engineer/ Engineer, RD Packaging & Module Engineering",0,Professional,Full Time,,1,0,engineering,"dual-rung posting, junior half open at zero years"
hand,Recruit Express,Senior Data Analyst #ESY,2,Senior Executive,Full Time,,0,0,data_analyst,"no junior rung, no rescue"
hand,Google Asia Pacific,"Software Engineer, Safe Coding Team - Singapore",1,Professional,Full Time,,0,0,software_engineering,"target firm, but the posting claims nothing about graduates"
hand,Jane Street,Software Engineer,,,,,0,0,software_engineering,ATS row with no structured field and no grad wording
hand,Nanyang Technological University,Research Fellow (Power Grids and Markets),0,Professional,Contract,phd graduate,0,0,other,"postdoc, not a graduate hire"
hand,Xiaomi Technologies,Computer Software Engineer (Fresh Graduate),0,Fresh/entry level,Full Time,,1,0,software_engineering,"plain positive, guards against over-tightening"
hand,Infineon Technologies Asia Pacific,International Graduate Program (IGP) - Technical Marketing Engineer,0,Fresh/entry level,Permanent,,1,0,sales_marketing,named programme at a semiconductor MNC
mcf,HELIUS TECHNOLOGIES PTE. LTD.,BUSINESS ANALYST,3,Executive,Full Time,"we are seeking an experienced business analyst – corporate actions to support and enhance corporate actions applications within a banking environment. the ideal candidate will possess strong domain expertise in corporate actions processing, hands-on experience in system testing, and the ability to collaborate effectively with business users, operations teams, and technology stakeholders. key responsibilities 1. corporate actions domain & bau support act as the subject matter expert (sme) for corporate actions applications within the assigned business domain. maintain in-depth knowledge of application architecture, system interfaces, data flows, and business processes. provide day-to-day production and bau support by responding to business queries and resolving functional issues. business analysis, testing & project delivery gather, analyze, and document business requirements for system enhancements and regulatory initiatives. work closely with technology, operations, and business stakeholders to deliver functional solutions. define testing strategies, test scenarios, and acceptance criteria. lead system integration testing (sit), user acceptance testing (uat), and regression testing activities. documentation & governance prepare and maintain comprehensive business requirement documents, functional specifications, solution designs, process flows, and testing documentation. ensure documentation complies with organizational governance standards and audit requirements. stakeholder management collaborate with business, operations, technology, and external vendors to deliver high-quality solutions. facilitate requirement workshops, walkthroughs, and solution discussions. required skills & experience bachelor's degree in business, information technology, computer science, finance, or a related discipline. 3+ years of experience as a business analyst within banking or financial services. strong functional knowledge of corporate actions , covering both mandatory and voluntary events . hands-on experience supporting corporate actions operations and related applications. thanks, and best regards karanam vijaya kiran (ea registration no: r1443178) hp: +65 92333815 recruitment manager helius technologies pte ltd (ea licence no: 11c3373) https://www.linkedin.com/in/vijay-karanam-68462131/",0,0,business_analyst,reviewed:veto:3-years-required
mcf,STRATEGY SOLUTIONS SERVICES,Technical Sales Engineer (Tai Seng) (Basic + Transport Allowance + Mobile Allowance),1,Executive,Permanent|Full Time,"responsibilities: build and maintain strong relationships with clients, suppliers and business partners to identify and develop new business opportunities. manage full sales cycle, including lead generation, proposal preparation, negotiation, and deal closure to achieve sales target. prepare quotations, proposals and product documentation. provide pre-sales and post-sales support. work closely with management to review sales performance, provide project updates, and implement sales strategies. requirements: min. diploma in any engineering field min 1-2 year experience in electrical is a must class 3 driving license is a must possess own vehicle will be an advantage (company will provide car) able to communicate and make presentations effectively, be it in writing or verbally. good time management. self-motivated, target-focused and customer-centric strong communication and interpersonal skills. what we offer aws /vb kindly email your resume in ms words format to mr lex ong shee hean (r1106602): lex@strategysolutions.com.sg (note: the following information should be included in the resume. thank you) date of availability detailed job scope reason for leaving for all employments salary expectation shortlisted candidates will be notified for an interview. mom license: 09c3018",0,0,sales_marketing,reviewed:no-route
mcf,CMC-APAC PRIVATE LIMITED,Full Stack Software Engineer,3,Professional,Full Time,"about the role we are seeking a full stack software engineer to design, develop, and enhance modern web applications that support school operations and management. you will work across both frontend and backend technologies to build secure, scalable, and user-friendly solutions that improve operational efficiency, automate business processes, and deliver better visibility into school operations. this role is ideal for engineers who enjoy building products end-to-end and working closely with users to create impactful digital solutions. key responsibilities full stack development design, develop, test, deploy, and maintain modern web applications. build new features and enhance existing applications based on business and user requirements. translate functional requirements into scalable, secure, and maintainable software solutions. participate throughout the full software development lifecycle, from design to production support. frontend development develop responsive, accessible, and intuitive user interfaces using modern javascript frameworks. build reusable ui components and optimise application performance. collaborate with designers and product managers to deliver high-quality user experiences. backend development develop restful apis, backend services, and business logic. implement authentication, authorisation, and role-based access control. integrate applications with databases, enterprise systems, and third-party services. ensure application security, reliability, and scalability. database & workflow development design and maintain database schemas and application data models. develop workflow automation and business process solutions. ensure data integrity, security, and auditability. devops & quality implement automated testing and secure coding practices. participate in code reviews and maintain coding standards. support ci/cd pipelines, deployment automation, monitoring, and troubleshooting. continuously improve application performance, reliability, and maintainability. user engagement collaborate with users to understand business challenges and validate solutions. participate in prototyping, usability testing, and continuous product improvement. recommend enhancements to improve user experience and operational efficiency. requirements minimum qualifications bachelor's degree in computer science, software engineering, information technology, or a related discipline. minimum 3–5 years of experience in full stack software development or application development. proven experience delivering production-grade web applications. required technical skills frontend technologies javascript or typescript react next.js angular vue.js responsive web design accessibility standards backend technologies experience with one or more of the following: node.js python java .net go strong understanding of: restful apis service-oriented architecture authentication and authorisation application security database technologies postgresql mysql microsoft sql server data modelling database design query optimisation cloud & devops experience or familiarity with: aws microsoft azure git ci/cd pipelines automated testing docker or containerisation application monitoring and operational support soft skills strong analytical and problem-solving skills excellent communication and stakeholder management skills passion for building high-quality software products self-motivated with strong ownership and accountability collaborative team player with the ability to work across cross-functional teams ability to adapt in an agile, fast-paced environment strong user focus and commitment to continuous improvement what we're looking for the ideal candidate should have: 3–5 years of full stack software engineering experience strong frontend and backend development skills experience building scalable web applications good understanding of databases, apis, and cloud technologies knowledge of devops practices and ci/cd a passion for delivering user-centric softwa",0,0,software_engineering,reviewed:veto:3-years-required
mcf,NANYANG TECHNOLOGICAL UNIVERSITY,"Associate Professor / Assistant Professor, Digital Filmmaking",3,Professional,Full Time,"young and research-intensive, nanyang technological university (ntu singapore) is ranked among the world's top universities. agile, bold, and inventive, ntu singapore shapes the future by combining technology and human creativity to tackle the toughest challenges facing society today. the school of art, design and media (adm) is situated within the college of humanities, arts and social sciences (cohass), aims to be asia's leading centre for innovative, interdisciplinary humanities, arts and social science teaching and research. at home in a technological university, cohass's scholars connect systems of knowledge from continents and disciplines. much of our research focuses on four interdisciplinary priorities: digital culture and society; health, culture and society; global asia; and art, science and ecology. the school of art design and media offers one degree the undergraduate level, and several degrees at the graduate level. adm is firmly rooted in a studio-based learning model and interprets globally established theories and practice extended into a contemporary asian cultural context. adm offers a bachelor of fine arts in art design and media: the bachelor of fine arts in art, design and media prepares students to thrive at the intersection of artistic expression and emerging technologies. at the heart of the programme, creativity is nurtured as a tool for innovation, cultural transformation and new forms of storytelling. students learn to create original work to respond to real-world challenges and succeed in the fast-evolving creative industries. they will gain a broad-based yet focused creative education that encourages experimentation and cross-disciplinary exploration. this single degree programme offers four distinct specialisations, enabling students to develop expertise in their chosen field: animation and game art cinematic arts communication design and photographic practice transversal design: object and interaction adm graduate programmes: adm graduate programmes provide research and coursework opportunities in a wide spectrum. candidates are encouraged to develop innovative ways of thinking and to produce creative works in a diverse range of media. the master of arts (m.a.) by research and the doctor of philosophy (ph.d.) by research degree is available in art, design and media; and the master of science (m.sc.) by coursework is available in game design art and technology. adm research adm areas of research and practice are informed by the strategic research directions of the school and the interdisciplinary practice led by its highly versed industry-related professionals, academics and educators. therefore, adm faculty are expected to continue their creative practice while also contributing to scholarly research in line with the college’s major research directions: digital culture and society; health, culture and society; global asia; and art, science and ecology. some of the relevant topics include: ai industry practices, ethics and governance, southeast asian art, design and media; art, design and media histories and criticism; cultural identity and heritage; visual art and digital humanities, audio and media art (animation / film / interactive); and design studies. the nanyang technological university (ntu) invites applications for the position of assistant professor (tenure-track) and associate professor (tenure-track) in digital filmmaking at the school of art design media. this role is essential to advancing the university’s commitment to excellence in film, media, and digital creative practice within an asian context at a leading global research university. the successful candidate will contribute to adm’s program in the cinematic arts and the rapidly evolving fields of film and moving image media, through research, teaching, and academic service, within an interdisciplinary and practice-led environment. applicants should demonstrate familiarity with, or significant engagement in, asian and/or southea",0,0,other,reviewed:veto:academic-track
mcf,ES RECRUITMENT PTE. LTD.,Software Engineer (C++ / Python / AI-ML / Video Analytics),4,Senior Executive,Contract,"software engineer (c++ / python / ai-ml / video analytics) salary: s$5,600 – s$6,400 basic + 1 month bonus contract: 1-year project renewable location: changi airport singapore employment: agency payroll about the role we are looking for a software engineer with strong hands-on experience in c++, python and windows-based software development to join a 1-year renewable project supporting the development and enhancement of an in-house intelligent video surveillance system . this is an exciting opportunity for engineers who enjoy working across software development, video analytics, ai/ml, hardware integration and system troubleshooting . you will work closely with clients and third-party development teams to deliver software enhancements, integrate new technologies and ensure solutions perform reliably in live environments. what you will do work with clients to define software development scope, requirements and design specifications , and follow through from development to implementation. work with third-party developers to define requirements, monitor development progress, conduct sandbox testing and support deployment into live client environments. develop, troubleshoot, optimise and enhance intelligent video surveillance software . prepare software engineering documentation including design specifications, test plans, test cases, project progress reports and final reports . work with development teams to evaluate and integrate new hardware, including:motor control systems using rs232 / rs485 image capture cardsnew-generation 4k cameras develop software toolkits for data analytics where required. develop and implement ai/ml models for video analysis where applicable. troubleshoot software, hardware integration and system performance issues. work with internal, client and third-party teams to ensure solutions are successfully tested and deployed. only locals to apply what we're looking for must-have skills diploma / degree in computer science, software engineering, computer engineering or related disciplines . 3-6yrs hands-on software development experience using c++ and python . experience with windows sdk or windows-based software development. experience with opencv or other computer vision libraries/frameworks. good understanding of software development lifecycle, testing and troubleshooting. experience working with developers, clients or external vendors on software development projects. strong advantage experience in ai / machine learning / computer vision . experience with ml frameworks such as pytorch, tensorflow or similar . experience in real-time video processing / video analytics . knowledge of rs232 / rs485 or serial communication protocols . experience integrating software with cameras, image capture devices or other hardware. experience developing data analytics tools . familiarity with ai-assisted coding/development tools . why join? up to s$6,400 basic salary + 1 month bonus 1-year project renewable opportunity work on an intelligent video surveillance and video analytics platform. gain exposure to c++, python, ai/ml, computer vision and hardware-software integration . opportunity to work with clients and third-party technology developers on real-world deployments. suitable for engineers looking to broaden their experience across software engineering + ai/ml + intelligent surveillance technologies . interested? if you have strong c++ / python development experience and are interested in working on ai-powered video surveillance, computer vision and intelligent video analytics , we would like to hear from you. ea license no: 09c4235 i ea reg: r1103307 (hong mei lin)",0,0,data_science,reviewed:veto:4-years-required
mcf,RECRUIT EXPRESS PTE LTD,Senior Data Analyst #ESY,2,Senior Executive,Contract|Full Time,"enterprise data modelling · define, maintain and enhance enterprise data models across key business domains including customer, policy, product, distribution, claims, finance and operations. · develop conceptual, logical and physical data models aligned to target data architecture and analytics priorities. · identify and close data model coverage gaps across core source systems and analytical platforms. · establish common business definitions, entities, attributes and relationships across business domains. · partner with business stakeholders, data engineers and solution architects to translate business requirements into scalable data models. semantic layer & ai/genai enablement · design and maintain semantic models to support self-service analytics, reporting and ai-enabled use cases. · build and maintain snowflake semantic layers and business-friendly data structures for analytics consumers. · support adoption of genai and ai agent use cases through well-defined business terminology, metrics and semantic relationships. · define reusable business metrics, hierarchies, dimensions and measures for enterprise-wide consistency. data product design & documentation · work closely with data engineering teams to translate data models into implementation specifications. · produce mapping documents, business glossaries, metadata definitions, lineage documentation and model diagrams. · support onboarding of new data sources and integration into the enterprise data model. · review proposed data structures and ensure alignment with enterprise modelling standards. stakeholder engagement · collaborate with finance, distribution, operations, product and technology teams to understand business concepts and modelling requirements. · facilitate workshops to define enterprise business entities, relationships and standard definitions. · support strategic initiatives such as enterprise reporting, self-service analytics, snowflake adoption and ai/genai programmes. requirements experience · 2-3+ years of experience in data modelling, analytics engineering, semantic layer development or related disciplines. · hands-on experience supporting semantic layer design or development, including defining business-friendly entities, dimensions, measures, metrics, hierarchies, joins and relationships for analytics consumption. · experience translating business terminology and reporting requirements into reusable semantic models, business definitions and implementation-ready specifications. · strong knowledge of conceptual, logical and physical data modelling techniques. · strong sql skills and experience working with large-scale data platforms. · experience producing erds, business glossaries, metadata documentation and source-to-target mapping specifications. · ability to bridge business stakeholders and technical teams, translating business requirements into data models and engineering-ready specifications. technical skills · snowflake experience is strongly preferred, including experience working with curated data models, analytical views and business-facing data structures. · good understanding of semantic layer development, including defining business entities, dimensions, measures, metrics, joins, hierarchies and reusable business definitions. · experience designing semantic models that support self-service analytics, dashboarding, reporting and ai/genai-enabled data consumption. · ability to translate business terminology into structured semantic models that can be consumed by analytics tools, bi platforms and ai agents. · experience with metrics modelling, business glossary design, data product modelling, metadata management and source-to-target mapping will be advantageous. · knowledge or experience with oracle cloud, aws s3 and airflow will be advantageous. · understanding of genai, ai agents, knowledge graphs, business ontologies or semantic models will be advantageous. education · bachelor’s degree in computer science, information systems, data anal",0,0,data_analyst,reviewed:veto:seniority-in-title
mcf,JENGA CORP PTE. LTD.,Senior Business Consultant (Corporate Services & Client Advisory),2,Executive,Permanent|Full Time,"about the company jenga by anderson global, is expanding our business consulting team and we are currently hiring across multiple levels, including: business consultant senior business consultant business consulting manager we welcome candidates with varying levels of experience who are motivated, client-focused, and interested in building a career in business consulting, corporate services, and advisory. depending on experience and capability, successful candidates will be placed into suitable roles within the team. about the role you will be part of a dynamic consulting environment supporting regional and international clients across business advisory, corporate services, compliance, and operational support functions. working closely with senior team members and management, you will gain exposure to client management, consulting projects, compliance matters, business operations, and strategic advisory work across multiple industries. key responsibilities manage and support client accounts and business portfolios. gather and analyse client requirements and assist in delivering business solutions. support compliance reviews and ensure clients meet statutory and regulatory requirements. conduct research, business analysis, and process improvement initiatives. assist with risk identification and mitigation efforts. maintain proper client documentation and records. support relationship management and stakeholder engagement activities. assist in identifying partnerships and business opportunities to drive growth and brand awareness. track, monitor, and support business development and sales performance initiatives. stay updated on market trends, emerging technologies, ai, fintech, web3, and industry developments. senior-level candidates may additionally: lead client engagements and advisory discussions. mentor junior team members. drive strategic initiatives and business development efforts. manage larger portfolios and more complex client matters. requirements we welcome applications from both fresh graduates and experienced professionals. preferred backgrounds include: business consulting professional services corporate secretarial finance & accounting economics customer service / relationship management requirements may vary depending on the level applied for. general preferred qualifications: bachelor’s degree in economics, commerce, management, finance, or related disciplines. strong analytical and problem-solving skills. positive attitude, self-driven mindset, and willingness to learn. good communication and interpersonal skills. ability to work independently in a fast-paced environment. strong attention to detail and ability to manage multiple priorities. proficiency in english; chinese language capability is an advantage to liaise with chinese-speaking clients. learning & development exposure to live consulting and advisory projects. opportunities to develop client management and business consulting skills. hands-on experience in compliance, risk management, and operational advisory. structured guidance and training for junior candidates. career progression opportunities within a growing international firm. if you are interested in exploring opportunities with us, feel free to apply. candidates will be assessed and considered for the most suitable role based on their experience and capabilities.",0,0,management_consulting,reviewed:veto:seniority-in-title
mcf,THE HONGKONG AND SHANGHAI BANKING CORPORATION LIMITED,Alternatives Investment Specialist,8,Professional,Full Time,"hsbc global private banking helps high net worth and ultra-high net worth clients manage, grow, and preserve their wealth for generations to come. our network of global experts helps clients access investment opportunities around the world, plan for future with wealth and succession planning, manage their portfolio with tailored solutions, and find the right support for their philanthropy. we are currently seeking a high calibre professional to join our team as a alternatives investment specialist. in this role you will: work closely with investment counsellors and relationship managers for client engagements regarding new hsbc product launches and ongoing alternative investment opportunities. drive the penetration and growth of alternative investments among private wealth clients in asia by being an ambassador of hsbc alternatives product suite. serve as the subject matter expert on alternatives, and articulate views of the hsbc aig group at key internal and external engagements. contribute to projects related to strategic planning, new product launches and other business development and marketing initiatives to foster growth of alternatives business in asia strong focus on teamwork, with particular emphasis on knowledge sharing and collaboration within the team. actively participate in alternative investment group meetings, demonstrating leadership. traveling in the region may be required at times for client engagements and events. to be successful you will need: bachelor’s degree in a relevant discipline advanced years of experience within a financial services company with focus on client engagement and investment/product advisory. experience and extensive knowledge of alternatives – private markets and hedge funds entrepreneurial mindset with a focus to deliver high standards and drive business growth strong communicator and problem solver with the ability to multi-task and deliver exceptional service independently. dynamic team player with demonstrated interpersonal skills in managing both internal and external stakeholders the chosen candidate for this role will be required to undergo enhanced vetting. subject to local laws, this will require the individual to satisfactorily pass a series of additional checks as part of the recruitment process and on an ongoing basis, if appointed to the role. hsbc group reserves its position with regards to any steps which it may take in relation to any material adverse findings which arise either when the checks are originally completed, and/or if relevant, on an ongoing basis. opening up a world of opportunity www.hsbc.com/careers hsbc is committed to building a culture where all employees are valued, respected and opinions count. we take pride in providing a workplace that fosters continuous professional development, flexible working and opportunities to grow within an inclusive and diverse environment. personal data held by the bank relating to employment applications will be used in accordance with our privacy statement, which is available on our website. issued by the hongkong and shanghai banking corporation limited. https://www.youtube.com/embed/nia2codfg6e?si=sfoweymq5fs3ve5i%22",0,0,other,reviewed:veto:8-years-required
mcf,PERSOL SINGAPORE PTE. LTD.,"Risk and Control Analyst (Bank, Contract till end Dec 2026) UID:2269",2,Junior Executive,Contract,"responsibilities network management associate 1) to support nostro and custody on-boarding and rfi/rfp due diligence reviews: a) collate and analyse agents’ responses against assessment check list. b) coordinate and collate feedback from cross functional stakeholders. c) data analysis: collate data on agents related cost to support network optimization. 2) to support network management risk & control initiatives: a) maintain agents service and escalation issues log to support agents' sla oversight. b) conduct annual risk control reviews on dormant agents and maintain accurate repository records. c) collate and reconcile agent legal documentations to ensure proper and secure safekeeping. 3) to support network management digital initiatives a) to create dashboards translating data to actionable insights to support bu analysis of cash and custodian agents b) collaborate internally, with business, and technology teams to on projects via 4d framework and shared project timelines. requirements • degree in accountancy or a finance-related discipline, with experience in mis or financial reporting within the banking industry. • strong analytical skills with a good understanding of the business environment and attention to detail. • excellent written and verbal communication skills, with the ability to summarise complex issues effectively. • ability to work in a dynamic and challenging environment while managing multiple priorities. • strong innovative and inquisitive mindset. • quick learner with a positive attitude towards initiating and driving change. • good knowledge of banking products, particularly treasury-related products. • good visualisation skills using ms office tools, advanced excel we regret that only shortlisted candidates will be notified. interested candidates may apply through the application system. we regret to inform only shortlisted candidates will be notified. ea license no. 01c4394 • rcb no. 200007268e •ea registration • lim jia jie ea registration no. r22108969 by sending us your personal data and curriculum vitae (cv), you are deemed to consent to persol singapore pte ltd and its affiliates to collect, use and disclose your personal data for the purposes set out in the privacy policy available at https://www.persolsingapore.com/policies. you acknowledge that you have read, understood, and agree with the privacy policy.",0,0,strategy_consulting,reviewed:no-route
mcf,AMETHYST ASIA PARTNERS PTE. LTD.,"Executive Director, Quantitative Hedge Fund",5,Middle Management,Full Time,"our client is an asset management firm that focuses on quantitativeinvestment strategy. as business continues to grow, they are planning to expandtheir operations to singapore. they are looking for a executive director with investment/ technology background to join the team. key responsibilities: · serve as a licensed representative under the ai lfmc license. · act as one of the points of contact for mas, ensuring effectivecommunication, timely submissions, and compliance with all regulatory mandates. · supervise corporate governance, ensuring that all policies,documentation, and controls align with regulatory standards. · support the implementation and maintenance of internal compliance frameworks and risk management processes. · offer expert guidance on local operational issues, including administrative, legal, and technology-related matters. requirements: · bachelor’s degree in finance, business, computer science or relateddiscipline. · minimum of 5 years of experience in quantitative fund or hedge fund, withinvestment modelling or investment research experience · at least 2 years of managerial experience. · must meet the fit and proper criteria as set out by mas. · strong knowledge of financial markets, investment products, andquantitative strategies. · familiarity with mas regulations, particularly under the securities andfutures act (sfa). interested parties please send your resume to loretta chan atloretta@amethystasiapartners.com regrettably only shortlisted candidates will be contacted ea license number: 20c0180| registration no: r1876188 |",0,0,investment,reviewed:veto:5-years-required
mcf,ARYAN SOLUTIONS PTE. LTD.,IT Infrastructure Engineer (Platform Operations Engineer),5,Senior Executive,Permanent,"technical requirements experience with infrastructure platforms such as vmware, hyper-v, or nutanix experience with red hat linux and/or windows server environments familiarity with enterprise storage, backup, ha, and dr solutions strong understanding of monitoring, observability, logging, and alerting practices solid understanding of networking fundamentals such as tcp/ip, dns, routing, firewalls, load balancing, and segmentation familiarity with hybrid infrastructure environments, including aws or azure role overview the platform operations engineer supports on-premises and hybrid infrastructure platforms that underpin mission-critical systems. this role focuses on platform reliability, operational stability, and infrastructure improvement in a government or regulated environment. the engineer will work with an existing internal team and l1 vendor engineers to oversee day-to-day operational support, ensure timely resolution of incidents and issues, and provide deeper technical analysis when required. the role also includes technical and security governance responsibilities, including reviewing technical changes, supporting service request (sr) review and approval, and ensuring infrastructure changes and operations align with operational, security, and architectural requirements. this role supports a multi-year technology refresh programme while maintaining stable day-to-day operations with minimal downtime. it also includes technical project coordination responsibilities such as planning, tracking dependencies, managing risks and issues, and driving follow-up across internal teams and vendors to support the agency’s longer-term transition towards cloud and hybrid infrastructure. key responsibilities work with l1 vendor engineers and the internal team to oversee day-to-day operational support and maintenance of critical infrastructure platforms across on-premises and hybrid environments. provide technical oversight across compute, storage, virtualisation, operating systems, backup, disaster recovery (dr), high availability (ha), and related infrastructure platforms. lead incident management for complex issues, including technical deep dives, root cause analysis, recovery planning, and timely resolution follow-up. manage and coordinate vendor activities to ensure operational tasks, incidents, service requests, and technical deliverables are completed effectively and within expected timelines. review and assess technical changes, service requests (srs), implementation plans, and recovery approaches to ensure they are practical, supportable, and aligned with operational, security, and architectural requirements. support technical and security governance activities, including change review, risk awareness, compliance alignment, and operational readiness checks. support infrastructure modernisation and the multi-year technology refresh programme while maintaining stable day-to-day operations with minimal downtime. plan, coordinate, and track technical infrastructure activities across internal teams and vendors for refresh, upgrade, migration, and other technical project initiatives. track project risks, issues, dependencies, action items, and status updates to ensure milestones, operational commitments, and implementation readiness are met. work with application, network, security, and vendor teams to resolve platform-related issues and maintain runbooks, sops, governance artefacts, and supporting documentation. requirements at least 5 years of experience in infrastructure or platform operations experience supporting production or mission-critical environments strong technical understanding of infrastructure operations across virtualisation, operating systems, storage, backup, networking, and related platforms experience working with vendor-supported operating models and managing external support teams able to participate in technical troubleshooting, issue deep dives, and problem resolution for complex incidents experience suppor",0,0,software_engineering,reviewed:veto:5-years-required
mcf,FUGRO SINGAPORE MARINE PTE. LTD.,Computer Vision Engineer - Soil Imaging & Laboratory AI,3,Professional,Contract|Full Time,"who we are: do you want to join our geo-data revolution? fugro’s global reach and unique know-how will put the world at your fingertips. our love of exploration and technical expertise help us to provide our clients with invaluable insights. we source and make sense of the most relevant geo-data for their needs, so they can design, build and operate their assets more safely, sustainably and efficiently. but we’re always looking for new talent to take the next step with us. for bright minds who enjoy meaningful work and want to push our pioneering spirit further. for individuals who can take the initiative but work well within a team. job summary: the computer vision engineer – soil imaging & laboratory ai will develop image analytics and computer vision capabilities to support fugro’s geotechnical laboratory digitalisation, xct imaging workflows and ai-enabled ground intelligence initiatives. the role will focus on digital soil photography, xct image analytics, soil structure identification, sample quality assessment, feature detection, segmentation and image-derived inputs for laboratory testing and geotechnical interpretation. the role will contribute to the marine ground digital twin initiative, especially ai-enhanced laboratory testing intelligence, soil imaging classification and sample quality index development. this is a 3-year fixed term contract for placement in singapore, and only open to sg/pr candidates. key responsibilities: 1. develop computer vision models for laboratory imaging • build image processing and computer vision models for soil photographs, xct scans and other laboratory imaging datasets. • develop models for image classification, feature detection, segmentation and sample assessment. 2. develop xct and soil image analytics workflows • analyse xct images for soil structure, voids, fissures, disturbance, heterogeneity and sample integrity. • support development of image-based sample quality indicators, including sample quality index methodology. 3. support ai-assisted soil classification and specimen selection • develop image-based models to support soil classification, structure assessment and ai-assisted specimen selection. • convert image-derived features into useful inputs for laboratory testing and geotechnical interpretation. 4. prepare and manage imaging datasets • establish image pre-processing, annotation, labelling and quality control workflows. • work with laboratory and geotechnical specialists to define ground-truth labels, validation datasets and acceptance criteria. 5. integrate image analytics with broader data workflows • work with data scientist and digital teams to combine image-derived outputs with laboratory test results, cpt data and other geotechnical datasets. • support integration into dashboards, laboratory workflows, labpro / lims data structures or digital twin analytics. 6. validate and document computer vision models • validate model outputs against expert assessment, laboratory observations and geotechnical indicators. • document image processing methods, model assumptions, training datasets, limitations and validation results. requirements: education: • bachelor’s degree in computer science, computer engineering, data science, electrical engineering, imaging science, applied mathematics, physics, geoscience or a related discipline. • or master’s degree in computer vision, artificial intelligence, image processing, scientific imaging or related field is preferred. working experience: 3 to 8 years • 3+ years’ experience in computer vision, image processing, deep learning, scientific imaging or applied ai development. • hands-on experience with image classification, segmentation, feature detection, object detection and image pre-processing. • experience with non-standard, noisy, scientific, engineering or industrial image datasets is preferred. • experience with xct / ct imaging, medical imaging, industrial inspection, materials imaging, geoscience imaging, remote sensing o",0,0,data_science,reviewed:veto:3-years-required
mcf,PERSONNEL LINK JOBHUB PTE. LTD.,Business & Projects Senior Associate (Investment firm) - $7K to $10K,3,Senior Executive,Permanent,"business & projects senior associate supports the delivery of operational and change initiatives business analysis & solutioning project delivery& coordination & stakeholder management market & external engagement requirements min 3–5 years’ experience in the investment management industry, with exposure to operations, settlements, or middle office roles salary: $7k to $10k interested candidates are welcome to email resume to jazmin@personnellink.com.sg and cc to career@personnellink.com.sg",0,0,investment,reviewed:veto:3-years-required
mcf,X STAR TECHNOLOGY PTE. LTD.,Data Analyst,2,Professional,Permanent|Full Time,"job responsibilities provide end-to-end data analysis support for new products or operational initiatives, from conceptualization (including market research and profitability analysis) to execution (project planning, go-to-market strategy, and performance tracking including roi). monitor and analyze key loan portfolio metrics and business performance indicators using advanced analytical tools. design, develop, and maintain interactive dashboards and reports using tools such as power bi and tableau. customize dashboards and reporting solutions to meet the needs of different business units and stakeholders. collaborate with cross-functional teams (e.g., product, finance, operations, sales, marketing) to support data-driven strategic planning and execution. job requirements bachelor’s degree in data analytics, statistics, mathematics, finance, economics, computer science, or a related field. minimum 2–5 years of experience in data analysis, business analysis, or related roles. experience in financial services, fintech, or loan/credit-related analysis is highly preferred. proficient in data visualization tools such as power bi and/or tableau. strong skills in excel (advanced level), including pivot tables, data modeling, and formulas. working knowledge of sql for data extraction and manipulation. familiarity with python or r for data analysis (preferred but not mandatory). experience with data modeling, dashboard design, and reporting automation.",0,0,data_analyst,reviewed:no-route
mcf,INTUIT RECRUITMENT PTE. LTD.,Full Stack / Software Engineer (AI Platform),3,Executive,Contract|Full Time,"our esteemed client in the it industry is seeking a full stack / software engineer (ai platform) to join their dynamic team: employment type: 36 months contract position: full stack / software engineer location: central working hours: monday to friday, office hours salary package: up to $6,900 + bonus job responsibilities: design, develop, and maintain production-grade software applications, including web applications, apis, backend services, and frontend components. build ai-powered applications by integrating large language models (llms), retrieval-augmented generation (rag), vector databases, agent frameworks, and related ai technologies. develop secure, scalable, and reliable software using modern engineering practices such as ci/cd, automated testing, containerisation, infrastructure as code (iac), and cloud-native architectures. build reusable frameworks, developer tools, and internal libraries to support ai application development. monitor, troubleshoot, and optimise deployed applications to ensure performance, scalability, and reliability. work closely with data scientists, ai engineers, and business stakeholders to deliver ai-driven solutions. stay up to date with emerging software engineering and ai technologies, recommending improvements where appropriate. job requirements: at least a diploma in computer science, software engineering, information systems, or a related discipline. strong programming skills in python and experience with modern backend frameworks such as fastapi, flask, or django. experience developing full-stack applications, including restful apis, authentication, databases, and frontend integration (e.g. react). experience developing cloud-native applications using aws, azure, or google cloud platform (gcp). familiarity with docker, kubernetes, and ci/cd pipelines. knowledge of ai engineering concepts such as llms, rag, embeddings, vector databases, langchain, langgraph, or similar frameworks. strong understanding of software architecture, object-oriented programming, and software design best practices. ready to apply? here’s how: click the apply button, or email your resume (in ms word or pdf format) to adelin@intuitrecruitment.com . include the job title in your email subject line for prompt processing. only shortlisted candidates will be notified. by submitting your application, you consent to the collection and use of your personal data under personal data protection act (pdpa). adelin chong | ea personnel reg no.: r1875641 intuit recruitment pte ltd | ea license no.: 25c2793",0,0,software_engineering,reviewed:veto:3-years-required
mcf,NORTON ROSE FULBRIGHT (ASIA) LLP,Projects Associate,5,Professional,Full Time,"we are seeking a mid to senior level associate lawyer to join our projects practice in singapore. our team is a tier 1 ranked projects team advising sponsors, lenders and investors on many of the most complex and innovative energy and infrastructure projects in the region. you will work predominantly on cross-border transactions across a diverse range of sectors including power and renewables, energy transition, low-carbon fuels, battery mineral and metals supply chains and digital assets such as towers, sub-sea cable, and data centres. experience in these sectors would be helpful. we are seeking an associate with strong technical expertise and project document drafting skills, capable of managing workstreams and demonstrating exceptional teamwork. the candidate should possess the ability to develop strategies, understand the commercial aspects of project financed infrastructure and provide practical, business-oriented advice to our international clients. skills and experience required mid-senior level (5 to 6 years uk equivalent pqe), qualified in singapore, england & wales or their equivalent in a common law jurisdiction. prior experience drafting and negotiating project documents in the context of limited recourse finance infrastructure projects is required. experience with power/renewables, energy, utilities and infrastructure projects. a sound working knowledge of general construction and operation contractual arrangements and internationally recognised standard forms (such as fidic) would be ideal. additional experience with other project documentation such as power purchase agreements, offtake contracts, feedstock and fuel supply contracts, concession contracts, interface agreements and ancillary security documents would be beneficial. strong drafting skills. demonstrates critical thinking and can apply themself to preparing sophisticated and client friendly due diligence reports that focus on matters of particular importance to the relevant transaction. able to apply themself to complex and intricate transactions involving multiple jurisdictions and that require a more creative approach. international experience and a forward-thinking outlook would be valued. communicates effectively, in both practical and intellectual terms. demonstrates a keenness to learn and expand their experience. an excellent team player. strong academic background. mandarin or other asian language skills would be beneficial. possesses strong organisational and transaction management skills and the willingness to drive a complex and time-critical transaction to a successful and timely outcome. experience of project finance documentation is also welcome.",0,0,other,reviewed:veto:5-years-required
mcf,HYPERSCAL SOLUTIONS PTE. LTD.,"Research Fellow (1-year contract), SMU Urban Institute",1,Manager,Contract,"company description singapore management university is a place where high-level professionalism blends together with a healthy informality. the 'family-like' atmosphere among the smu community fosters a culture where employees work, plan, organise and play together - building a strong collegiality and morale within the university. our commitment to attract and retain talent is ongoing. we offer attractive benefits and welfare, competitive compensation packages, and generous professional development opportunities - all to meet the work-life needs of our staff. no wonder, then, that smu continues to be given numerous awards and recognition for its human resource excellence. responsibilities the smu urban institute, launched in early 2024, is a university-level research institute dedicated to advancing an interdisciplinary research agenda. leveraging smu's strategic position as a dynamic management university in singapore's city centre, the institute aims to make a meaningful impact through the study of asian cities. we are currently seeking individuals with specific skillsets to support the various ongoing research projects at the institute. we are searching for a research fellow (rf) to work with the lead pi of a project on ""inclusive ai governance in southeast asian cities"". the project will last four years, and will involve fieldwork in singapore, malaysia, thailand, indonesia, vietnam, and the philippines. the project seeks to better understand inclusive ai governance in holistic terms, by which we mean consideration of both its upstream and downstream formulations and effects. as much of the work will be interdisciplinary in scope, candidates with academic backgrounds in a broad range of social science disciplines are welcome to apply. these include, but are not limited to, geography, anthropology, sociology, environmental studies, and more. candidates with qualitative and/or quantitative skillsets are welcome to apply. the rf will work closely with the pi to execute the project. the job scope involves: qualitative research: building and maintaining a database of contacts; (snowball) sampling; conducting interviews; transcribing, coding, and analysing interview data. quantitative research: liaising with panel providers; survey design; project management; data cleaning and analysis. conducting primary fieldwork in singapore, kuala lumpur, jakarta, bangkok, manila, ho chi minh city, and bangkok. project management: coordinating amongst project pis; assisting the lead pi with administrative tasks like irb approvals; organising stakeholder workshops in singapore and overseas; liaising with internal and external project stakeholders; annual project reporting. publishing: drafting papers for publication in top-tier academic journals; developing and delivering the final project outputs. people management: managing research assistants, student assistants, and fieldwork assistants. any other ad hoc tasks that will contribute to the success of the project. qualifications a phd in the field of urban studies, human/urban geography, urban sociology, anthropology, southeast asian studies, or another cognate field is required. the successful applicant will ideally have: excellent qualitative research skills. excellent written communication skills (demonstrated through published work). a demonstrated interest in issues related to thematic debates concerning smart cities, platform urbanism, urban development, urban infrastructure, (southeast) asia, and so on. other information #li-xl1 please note that your application will be sent to and reviewed by the direct employer - singapore management university",0,0,other,reviewed:veto:academic-track
mcf,TONIK FINANCIAL PTE. LTD.,Chief Technology Officer (CTO),10,Senior Management,Full Time,"about the job: we are seeking an exceptional chief technology officer to own tonik bank's overall technology vision and lead our technology organisation. this is a board-level executive role at the heart of our mission to revolutionise digital banking in southeast asia. as cto, you will set the technology strategy for the bank, provide executive oversight across engineering, architecture, data, infrastructure, and security, and represent technology at the highest levels of the organisation, including the ceo and the board. the ideal candidate is a seasoned technology executive with deep expertise in ai, enterprise architecture, cloud platforms, cybersecurity, and scalable systems design. you will embody tonik's values of innovation, customer-centricity, and relentless execution, building high-performing technology teams and delivering a platform that empowers millions of customers with accessible, secure, and personalised financial products. job responsibilities: • technology vision and strategy: own the bank's overall technology vision, strategy, and multi-year roadmap in alignment with tonik's business objectives. set direction across engineering, architecture, data, and infrastructure. serve as the most senior technology voice in the organisation. • ai and innovation agenda: set the bank-wide agenda for artificial intelligence and machine learning across products and internal operations. identify emerging technologies and translate them into competitive advantages. sponsor r&d initiatives and next-generation banking capabilities. • enterprise architecture and scalable systems: own enterprise architecture governance and cloud-first strategy (aws) across the bank's technology estate. ensure alignment with togaf-based frameworks. drive cost optimisation and performance engineering at an enterprise level. • engineering and platform leadership: provide executive oversight of the head of engineering and engineering leadership team, ensuring delivery of high-quality, reliable, and secure software across all product areas. set standards for engineering excellence, ci/cd, and operational maturity. • cyber securityand risk: own the bank's technology risk and cybersecurity posture. partner with information security, risk, and compliance functions to protect customer data and platform integrity. ensure business continuity and disaster recovery readiness. • people leadership and talent development: build, lead, and inspire a world-class technology organisation. define organisational structure, hiring strategy, and leadership pipelines across engineering, architecture, and security. foster a culture of ownership, collaboration, psychological safety, and continuous learning. • regulatory compliance and governance: ensure all technology operations comply with bsp (bangko sentral ng pilipinas) digital banking regulations, pci-dss, and data privacy requirements. own audit-ready technology governance and documentation, partnering closely with compliance, risk, and legal teams. • board and executive engagement: serve as the primary technology representative to the ceo and board. communicate technology strategy, investment priorities, delivery progress, and risk posture clearly to the board and external stakeholders, including investors and regulators. • customer-centric technology strategy: champion a customer-first technology culture where every strategic decision is rooted in delivering superior customer experiences. partner with product, design, and business leadership to ensure technology enables personalisation, accessibility, and reliability for tonik's growing customer base. preferred experience and qualifications: • bachelor's or master's degree in computer science, engineering, or a related technical field. • 10+years of progressive experience in technology, with a track record in a senior executive technology leadership role (cto, vp engineering, or equivalent). • proven track record of leading technology organisations in fintech, di",0,0,engineering,reviewed:veto:10-years-required
mcf,EVERSAFE ACADEMY PTE. LTD.,Principal Advisor (Quality & Regulatory Strategy),8,Senior Management,Permanent,"management advisor job summary the management advisor leads the design, approval, and continuous improvement of academic and workforce development programs within a private education institution (pei) in singapore. this role ensures full compliance with ssg/tpg regulations and edutrust certification standards. reporting directly to the managing director, the management advisor integrates program strategy and quality assurance with regulatory governance to drive sustainable institutional growth and minimize audit risks. key responsibilities programme management lead end-to-end course design, review, validation, and ssg/tpg approval processes via tpgateway. align curricula with skillsfuture frameworks, industry needs, and ges performance benchmarks. implement continuous improvement initiatives using data analytics, stakeholder feedback, and digital innovation tools. promote academic excellence and learning quality through structured qa systems and benchmarking against national and international standards. regulatory compliance oversee edutrust certification and renewal cycles, ensuring full compliance across all seven criteria and required documentation. manage submissions and respond to ssg/cpe audits with actionable improvement and corrective plans. ensure adherence to iso, pdpa/dptm, and international student policies (including student’s pass requirements). administer wsg/skillsfuture grants and statutory filings, and produce compliance reports for internal and external audits. develop systems to identify risk trends and propose preventive and corrective measures for institutional compliance stability. reporting structure reports to: managing director collaborates with the academic, finance, hr, and quality assurance divisions, as well as external auditors and ssg/cpe officers. advisory scope: provides strategic guidance to management on compliance, operational governance, and program design alignment. skills and competencies technical expertise in-depth understanding of ssg regulations, tpgateway processes, and edutrust frameworks (7 criteria, gd4, award tiers). competence in iso, dptm, pdpa, and related quality management standards. proficiency in interpreting regulatory guidelines into operational and academic workflows. analytical & strategic thinking strong quantitative analysis skills to interpret ges/pei metrics and drive data-informed decisions. ability to integrate compliance requirements into strategic planning and institutional development. interpersonal & leadership skills excellent stakeholder engagement with regulators, auditors, and cross-functional teams. strong communication, problem-solving, and change management capabilities in a fast-paced, multicultural environment. education and qualifications a bachelor’s degree in education, business administration, or a related discipline is required. master’s degree preferred. 5–8 years of relevant experience in program management and compliance within a private education institution. at least 3 years of direct experience handling ssg/edutrust/tpg audits, validations, or related compliance work. professional training or certification in edutrust, ssg/tpg compliance, or iso lead auditor is desirable. salary and benefits base salary: s$5,000–s$7,000 per month (depending on qualifications and experience). benefits: 12–14 days of annual leave, flexible work arrangements, and continuous professional development support (including certification sponsorship). opportunities to contribute to strategic planning, process digitalization, and institutional audit readiness.",0,0,risk_compliance,reviewed:veto:8-years-required
mcf,KULICKE & SOFFA PTE. LTD.,Senior/Staff Software Engineer (Systems),5,Professional,Permanent|Full Time,"successful candidate will be part of a global software engineering team leading the design and development of advanced semiconductor manufacturing equipment, collaborating with innovative cross-functional teams to integrate software onto complex mechatronics systems ensuring high precision, reliability and performance. primary tasks include developing real-time control algorithms and formulating solutions for system level issues. strong knowledge of embedded systems, automation and semiconductor domain is highly preferred. the senior software engineer is a key contributor in the design, development, and optimization of system-level software for high-performance semiconductor equipment. you will work across disciplines and geographies to deliver scalable, real-time software solutions that meet stringent performance and reliability standards. this is a hands-on, system-level engineering role with opportunities to grow into architecture and leadership responsibilities. also, demands deep technical expertise, and a strategic mindset to drive innovation and continuous improvement. the impact you’ll bring lead technical innovation: drive the architecture and implementation of software solutions that enhance equipment performance and reliability. build future-proof skills: deepen your expertise in real-time systems, automation, and large-scale production software. mentor and guide: support junior engineers through code reviews, design discussions, and technical mentoring. responsibilities design and develop software for real-time application and automation. translate functional requirements into technical specifications and system designs. participate in software design reviews and contribute to platform evolution. perform unit testing, debugging, and performance tuning for robust system behavior. investigate and resolve software defects, proposing design improvements where applicable. collaborate with cross-functional and cross-geographical teams throughout the development lifecycle. document software specifications, changes, and releases clearly and accurately. support continuous improvement of software tools, workflows, and development practices. qualifications bachelor’s or master’s degree in software/computer/electrical engineering, or related field. typically 5+ years in large-scale software development ( preferably in system-level or embedded software ). proficient in c#/c++ programming and object-oriented design principles. strong analytical, debugging, and problem-solving skills. proven experience with real-time systems and multi-threaded application development. experience with software lifecycle tools (e.g., version control, git, jira). effective communication skills and a collaborative, team-oriented mindset. experience in equipment control systems or semiconductor industry is a plus. company overview founded in 1951, kulicke and soffa industries, inc. (nasdaq: klic) specialize in developing cutting-edge semiconductor and electronics assembly solutions enabling a smarter and more sustainable future. ever-growing range of products and services supports growth and facilitates technology transitions across large-scale markets. please refer to the website for more details: www.kns.com. equal opportunity kulicke & soffa recruits on the basis of merit (such as skills, experience or ability to perform the job), regardless of age, race, gender, religion, marital status and family responsibilities, or disability.",0,0,software_engineering,reviewed:veto:5-years-required
mcf,WHITE SOCIETY PTE. LTD.,INVESTMENT BROKERS,1,Executive,Full Time,"job summary facilitate investment transactions and provide guidance on investment opportunities key responsibilities 1. client acquisition: attract and retain clients, understanding their financial goals, risk tolerance, and investment objectives. 2. investment advice: provide investment advice, recommending suitable financial products. 3. portfolio management: assist clients in managing their investment portfolios and monitoring performance. 4. market research: stay up-to-date on market trends, economic conditions, and regulatory changes, providing informed investment guidance. 5. compliance: ensure adherence to regulatory requirements, industry standards, and company policies.*",0,0,risk_compliance,reviewed:no-route
mcf,ALWAYSHIRED PTE. LTD.,Customer Supply Chain Planner (Manufacturing),2,Executive,Permanent|Full Time,"responsibilities act as the primary point of contact for assigned customer accounts on planning, delivery, and supply-related matters. respond to customer inquiries promptly and professionally to ensure high customer satisfaction. provide regular and ad-hoc updates on production schedules, delivery timelines, and order status. monitor production plans and ensure alignment with customer delivery requirements. analyze supply chain performance and support root cause analysis for delivery or planning gaps. participate in continuous improvement initiatives to enhance planning accuracy and operational performance. work closely with internal teams to ensure smooth order fulfillment and customer support. ensure compliance with industry and responsible business standards. requirements bachelor's degree in supply chain management or a related discipline. minimum 2 years of relevant experience in supply chain planning, customer planning, or production planning preferred. strong analytical, communication, and interpersonal skills. proficient in microsoft excel. knowledge of sap and/or mrp systems will be an advantage. self-motivated, proactive, and able to work independently. comfortable working in a fast-paced environment and under tight deadlines. working hours & location: location: tampines working days: wednesday to sunday (5-day work week) working hours: 7:00 am – 3:00 pm work arrangement: office: wednesday to friday work from home (wfh): saturday & sunday interested candidates please apply online or send your latest cv to alex.fong@alwayshired.com.sg alwayshired pte ltd reg no: r1549345 ea: 24c2293 we regret to inform that only shortlisted candidates will be notified. please note that your response to this advertisement will constitute informed consent to the collection, use, and/or disclosure of personal data by alwayshired, its affiliates and, where necessary, to relevant third parties, for purposes such as job application processing, career advisory, research, and other administrative purposes, in compliance with the relevant provisions of the privacy policy available at www.alwayshired.com.sg/privacy-policy",0,0,supply_chain,reviewed:no-route
mcf,SHOPEE IP SINGAPORE PRIVATE LIMITED,Senior Ecommerce Operations Product Manager,4,Senior Executive,Permanent,"job description develop a comprehensive understanding of the relevant e-commerce operations domain/systems landscape to inform product decisions own and drive the product vision, strategy, and roadmap, translating business goals into a clear, prioritised plan manage the end-to-end product lifecycle, including ux and underlying system/technical logic lead the design and development of features that address key business needs, transitioning manual or offline processes into scalable, systematic solutions define e-commerce product metrics, user journeys, and evaluation frameworks to track performance and guide iteration based on data insights and user feedback drive alignment across business, operations, and technical teams to ensure solutions balance automation/efficiency with quality and human oversight where needed requirements bachelor’s degree in any discipline. a master’s degree is advantageous but not required. minimum 4 years of full-time working experience, excluding internships and part-time working experience, in technical product management, technical program management, or analytics-heavy product experience excellent problem-solving skills, critical thinking abilities and data-driven decision-making mindsets good interpersonal skills and comfortable engaging stakeholders strong verbal and written communication skills, with the ability to communicate effectively with technical and non-technical team members adaptable, open-minded, and thrives in a dynamic environment frequent user of ai tools kindly note that you can only be considered for one role at a time with any of the companies within our group. if you have applied for other jobs within the group, you will be considered for roles in the order of your application.",0,0,product_management,reviewed:veto:4-years-required
mcf,HSBC BANK (SINGAPORE) LIMITED,Investment Specialist,3,Professional,Full Time,"in international wealth and premier banking, we serve 41 million customers globally, including 6.7 million who are international, from retail customers to ultra high net worth individuals and their families. we help our customers to take care of their day-to-day finances and to manage, protect and grow their wealth. our international network and breadth of expertise enable us to deliver on hsbc’s purpose of opening up a world of opportunity by providing our customers with borderless banking and world-class wealth management through best-in-class, mobile-first capabilities and exceptional people. our key areas of operations include retail banking and wealth management, asset management, global private banking, insurance, and chief operating office. we are currently seeking a high calibre professional to join our team as investment specialist. in this role you will: client advisory & relationship management: advise premier clients on investment needs, goals, and risk tolerance; build trusted relationships, collaborating with rms. strategic portfolio management: design and optimize premier client portfolios, focusing on strategic asset allocation using structured products, mutual funds, and bonds. market & investment research: translating cio view into actionable investment insights for client portfolios. product expertise & due diligence: evaluate and recommend suitable investment solutions, specializing in structured products, mutual funds, and bonds, based on rigorous due diligence. wealth lending advisory: advise clients on wealth lending solutions (e.g., lombard lending) to complement their investment strategies. rm coaching & knowledge transfer: coach relationship managers to enhance their investment acumen and ability to articulate solutions to clients. portfolio monitoring & reviews: continuously monitor client portfolio performance, conduct proactive reviews, and recommend adjustments for clients. compliance & risk management: ensure strict adherence to regulatory requirements (mas) and internal policies, managing risks and ensuring fair client dealings. to be successful you will need: bachelor's degree or higher in finance, economics, business administration, or a related quantitative field from a reputable university. advanced years of relevant experience in an investment advisory, portfolio management, or product specialist role within a private bank, wealth management firm, or asset management company. proven track record of advising and managing portfolios for high-net-worth (hnw) clients in singapore or the asia-pacific region. strong background and demonstrable expertise in structured products, mutual funds (unit trusts), and fixed income (bonds). experience with other asset classes and wealth lending solutions is a significant advantage. exceptional client-facing and communication skills, with the ability to articulate complex financial concepts clearly and concisely, strong analytical and quantitative skills, deep understanding of financial markets, investment products, economic principles, and regulatory landscape in singapore. proficiency in financial software and data platforms (e.g., bloomberg, refinitiv eikon, morningstar) and high level of integrity, professionalism, and ethical conduct. the chosen candidate for this role will be required to undergo enhanced vetting. subject to local laws, this will require the individual to satisfactorily pass a series of additional checks as part of the recruitment process and on an ongoing basis, if appointed to the role. hsbc group reserves its position with regards to any steps which it may take in relation to any material adverse findings which arise either when the checks are originally completed, and/or if relevant, on an ongoing basis. opening up a world of opportunity www.hsbc.com/careers hsbc is committed to building a culture where all employees are valued, respected and opinions count. we take pride in providing a workplace that fosters continuous professional",0,0,other,reviewed:veto:3-years-required
mcf,GOOGLE ASIA PACIFIC PTE. LTD.,"Software Engineer, Safe Coding Team - Singapore",1,Professional,Full Time,"product area the core team builds the technical foundation behind google’s flagship products. we are owners and advocates for the underlying design elements, developer platforms, product components, and infrastructure at google. these are the essential building blocks for excellent, safe, and coherent experiences for our users and drive the pace of innovation for every developer. we look across google’s products to build central solutions, break down technical barriers and strengthen existing systems. as the core team, we have a mandate and a unique opportunity to impact important technical decisions across the company. job description google's software engineers develop the next-generation technologies that change how billions of users connect, explore, and interact with information and one another. our products need to handle information at massive scale, and extend well beyond web search. we're looking for engineers who bring fresh ideas from all areas, including information retrieval, distributed computing, large-scale system design, networking and data storage, security, artificial intelligence, natural language processing, ui design and mobile; the list goes on and is growing every day. as a software engineer, you will work on a specific project critical to google’s needs with opportunities to switch teams and projects as you and our fast-paced business grow and evolve. we need our engineers to be versatile, display leadership qualities and be enthusiastic to take on new problems across the full-stack as we continue to push technology forward. additional job description google’s product security team is team of over 300 engineers in zurich, munich, sunnyvale, seattle, san francisco and some other exciting places around the globe. our mission is to keep google products secure and their users safe. safe coding contributes to that mission by managing some of the biggest risks in software security. we innovate at scale by making secure coding effortless, for everyone. we are bootstrapping our presence in asia-pacific (apac) by establishing a brand-new singapore hub. in this role, you will play a massive part in establishing our engineering culture and bringing innovation to our new location. qualifications job responsibilities deliver exceptional software engineering. dive into the codebase, build robust solutions, and be a foundational contributor. partner closely with technical leads, product managers, and technical program managers to execute on the team's goal and bring our artificial intelligence (ai) strategy to life. stay on the rapidly developing agentic threat landscape and boldly embrace the dynamically changing ai environment. move fast, write exceptional code, and think outside the box to engineer new solutions to old problems. collaborate with partner teams in google's software supply chain integrity program and engineering stakeholders to seamlessly integrate our security solutions. minimum qualifications bachelor’s degree or equivalent practical experience. 1 year of experience with software development in one or more programming languages (e.g., python, c, c++, java, javascript). 1 year of experience with data structures and algorithms. preferred qualifications 1 year of experience building software for data privacy or security (e.g., identity and access management). experience using, building, or contributing to developer ecosystems, package managers, and build system. knowledge of software supply chain security issues, vulnerability management, or related fields. active participation in open-source development, or working on projects with heavy open-source dependencies. a passion for designing seamless, intuitive developer experiences and workflows. enthusiasm for collaborating cross-organizationally to deliver massive technical impact.",0,0,software_engineering,reviewed:no-route
mcf,ONE NORTH MARKETING,[URGENT]-MARKETING CREW,0,Non-executive,Contract|Part Time|Permanent|Full Time|Internship/Attachment,"🚀 start your career with us – no experience needed! looking for more than just another job? join a team where you'll grow, learn, and have fun while building a rewarding career. whether you're a fresh graduate, recently ord, or exploring your next opportunity, we'll provide all the training you need to succeed. what you'll do • meet and engage with clients from all walks of life • present products and solutions confidently • build meaningful customer relationships • learn valuable sales, communication, and business skills • work alongside a supportive and energetic team we're looking for ✅ positive attitude ✅ willingness to learn ✅ team player ✅ good communication skills (or eager to improve) ✅ goal-driven individuals fresh graduates and ord personnel are encouraged to apply. what we offer ✨ comprehensive training ✨ mentorship from experienced leaders ✨ career progression opportunities ✨ fun and supportive team culture ✨ performance incentives and recognition ready to build a career you'll enjoy? apply today and we'll be in touch if you're shortlisted!",1,1,sales_marketing,reviewed:route:states-fresh-grad
mcf,THYE HUA KWAN NURSING HOME LIMITED,Assistant Manager (Operations),4,Manager,Full Time,"the operations assistant/manager supports the director of nursing home/director of nursing in ensuring the smooth, safe, and compliant running of day-to-day operations across thk nursing home facilities. the role carries supervisory responsibility over the operations team and serves as the key operational point of escalation. the operations assistant/manager oversees facilities management, preventive and corrective maintenance, procurement compliance, regulatory documentation, risk management, and staff performance — ensuring all operational activities meet the standards required under the ministry of health (moh) healthcare servicesact (hcsa), scdf, nea, pub, and thk's internal policies and standards. the role is expected to contribute meaningfully to operational continuity, audit readiness, and continuous improvement to support the assigned nursing home. 1. duties and responsibilities 2.1 primaryresponsibilities and duties (80%) i. facilities & maintenance management · support and oversee preventive maintenance planning across both facilities, tracking completion of scheduled ppm tasks and service requests to ensure uninterrupted operations. · coordinate with vendors and contractors to ensure timely and effective resolution of all facilities and maintenance issues, monitoring sla adherence and escalating breaches appropriately. · lead regular facilities walkthroughs and inspections, ensuring findings are documented and rectification is tracked to completion within agreed timelines. · participate in and lead facilities improvement projects and operational initiatives aimed at enhancing efficiency, safety, and the resident environment of care. · ensure all m&e systems, building services, and facility infrastructure are maintained in compliance with statutory and regulatory requirements. ii. procurement & compliance · oversee procurement documentation, quotation processes, and compliance checks in line with thk's procurement policy, audit requirements, and moh hcsa standards. · review and approve procurement submissions from the operations team before escalation to the director, nursing home/director of nursing, ensuring completeness and accuracy. · maintain accurate and audit-ready procurement records including purchase orders, quotations, contracts, and goods receipt documentation. · monitor contract renewal timelines and ensure all vendor service agreements remain current and compliant. iii. regulatory compliance & risk management · maintain accurate and up-to-date operational documentation to support compliance with moh, scdf, nea, pub, mom, and other regulatory body requirements. · support business continuity and risk management measures, including infection prevention and control (ipc), fire safety preparedness, and workplace safety &security planning. · lead investigation, documentation, and root cause analysis of incidents, near-misses, and operational risks, ensuring timely reporting and corrective action. · co-ordinate in the preparation for and conduct of moh licensing inspections, scdf fire safety audits, nea inspections, and internal audits, ensuring all follow-up actions are completed in a timely manner. · maintain the facility's compliance register, emergency preparedness documentation, and bcp/erp records in a state of audit readiness at all times. iv. team supervision & staff development · supervise and provide day-to-day guidance to operations executives, the facilities assistant, and other operations support staff, ensuring adherence to sops and service standards. · monitor team performance and provide structured inputs for staff appraisals, coaching sessions, and development discussions. · identify training and development needs within the operations team and work with the director, nursing home/director of nursing to address gaps. · foster a culture of accountability, service excellence, and continuous improvement within the operations team. · collaborate closely with internal stakeholders and management to",0,0,operations,reviewed:veto:4-years-required
mcf,XIAHUANG CRAYFISH PTE. LTD.,MANAGEMENT ASSOCIATE,2,Executive,Full Time,"responsibilities including but not limited to: influence business unit leadership to make sound strategic decisions for business provide key analysis of strategic concepts plus financial assumptions along with feasible recommendations assisting the management operations, supporting administrative and clerical tasks, and coordinating with other departments for project support to meet the organization's objectives and profitability goals assisted in developing policies and procedures to ensure greater control and accountability of all departmental functions excellent communication, be organized, and have time-management skills to perform duties in a fast-paced environment technical skills and competencies: active participation in strategic planning process, including development and execution of business campaigns to develop negotiation and presentation skills to communicate effectively and clearly to others to understand of audience engagement and other business support functions to identify key stakeholder relationships, needs and interests, and coordinate with stakeholders on day-to-day basis to collate feedback on different media and understand and present the advantages and / or disadvantages of different communications media options to develop company business campaigns and enhance campaign awareness and campaign visibility",1,0,general_management,reviewed:route:programme
mcf,ADECCO PERSONNEL PTE LTD,Information Security & Business Continuity (BCM) Consultant,4,Executive,Contract|Full Time,"we are partnering a leading bank to hire a information security & business continuity (bcm) consultant the opportunity adecco is partnering with a leading bank to hire an information security & business continuity (bcm) consultant the talent degree in it, computer science or a related field is preferred minimum 4-5 years of experience in information security, preferably with regional experience strong knowledge of security risk management, incident response, and regulatory frameworks familiarity with regional regulations (e.g., mas trm, pdpa, hkma, nfra, lfra) and international standards (e.g., iso 27001, nist) familiarity with bcp frameworks (e.g., iso 22301, ffiec, or other industry standards) professional certifications such as cissp, cism, cisa, or iso 27001 lead implementer, iso 22301 lead implementer are strong advantages experience working in highly regulated industries such as financial services, healthcare, or telecommunications is a plus strong interpersonal and communication skills with the ability to influence and engage cross functional teams strong organizational and project management skills the job maintain security policies/addendums, standards, and procedures pertaining to the international location. review and ensure the international security policies /addendums are aligned with regulatory requirements review the information security, bcm and compliance as per regional regulatory requirements coordinate with group for various regulatory security audits at branch locations in apac region review brds, solution design, network design, security design and any other requirements from regional business units and local it teams meets the security policies of the bank perform technology risk assessments, third party risk assessments and review rcsa remediation related to the branches in the region monitor and track open risk items with group it and group it risk, branch it, concerned international spocs for remediation from 2lod conduct the security awareness program for branch staff in the region and ensure the program is conducted effectively review management dashboards/security mis related to patching, va, pt, baselines and end point security controls, etc to support the overall risk management assist in the development, implementation, and maintenance of business continuity plans (bcps) and strategies coordinate and support periodic business impact analyses (bias) and risk assessments across business units support regular plan reviews, testing, and exercising of bcps to ensure effectiveness and compliance with internal policies and regulatory requirements track and follow up on action items and remediation activities resulting from tests, incidents, or audits collaborate with it and facilities teams on disaster recovery (dr) and site recovery planning provide support during actual incidents and activations; help coordinate communication and recovery activities maintain documentation repositories and ensure records are up-to-date and centrally accessible monitor regulatory developments related to business continuity in apac jurisdictions and support compliance efforts prepare reports, metrics, and dashboards for senior management and global continuity teams next steps we could contact you in the soonest time if you directly send your resume to: sarah.ng@adecco.com email topic: apply information security & business continuity (bcm) consultant (bank | up to $8.5k) we regret to inform that only shortlisted candidates will be contacted sarah ng mei wern ea licence number: 91c2918 personnel registration number: r1983856",0,0,management_consulting,reviewed:veto:4-years-required
mcf,KIWOOM ASSET MANAGEMENT ASIA PTE. LTD.,Investment Risk Manager,3,Manager,Full Time,"investment risk manager location: singapore about the role we are seeking an experienced investment risk manager to oversee the investment risk management framework for the firm’s public market fund and private funds. the role will primarily focus on the day-to-day risk management of our public market fund. key responsibilities • lead and oversee the investment risk management function for the firm’s public market fund and private funds. • develop, implement and continuously enhance the investment risk management framework for the firm’s public market strategies. • perform daily monitoring of portfolio risks, including market, factor, concentration, liquidity, counterparty, leverage and exposure risks. • monitor compliance with investment guidelines, mandates and internal risk limits. • produce regular risk reports for portfolio managers and senior management. • conduct stress testing, scenario analysis and portfolio risk attribution. • review portfolio exposures and communicate key risk observations to the investment team and senior management. • enhance risk monitoring tools, analytics and reporting processes. • support mas-related risk management matters, regulatory reviews and internal or external audits. • work closely with portfolio management, operations and compliance teams to strengthen the risk control environment for the firm’s public market funds. requirements • a degree in finance, economics, mathematics, engineering or a related discipline is preferred. • prior experience in investment risk management for public market funds or alternative asset management firm. • singapore citizen or permanent resident preferred. • familiarity with the monetary authority of singapore (mas) risk management guidelines and regulatory expectations for singapore-licensed fund managers.",0,0,risk_compliance,reviewed:veto:3-years-required
mcf,GOOGLE ASIA PACIFIC PTE. LTD.,"Staff Software Engineer, Full Stack, Debug - Singapore",8,Professional,Full Time,"job description google's software engineers develop the next-generation technologies that change how billions of users connect, explore, and interact with information and one another. our products need to handle information at massive scale, and extend well beyond web search. we're looking for engineers who bring fresh ideas from all areas, including information retrieval, distributed computing, large-scale system design, networking and data storage, security, artificial intelligence, natural language processing, ui design and mobile; the list goes on and is growing every day. as a software engineer, you will work on a specific project critical to google’s needs with opportunities to switch teams and projects as you and our fast-paced business grow and evolve. we need our engineers to be versatile, display leadership qualities and be enthusiastic to take on new problems across the full-stack as we continue to push technology forward. with your technical expertise you will manage project priorities, deadlines, and deliverables. you will design, develop, test, deploy, maintain, and enhance software solutions. additional job description debug is a team of scientists and engineers dedicated to developing solutions for mosquito-borne disease control. in this role, you will be developing technology to raise and release sterile mosquitoes. you will prepare to scale up both our mosquito production and release capabilities. this role is located at our singapore location where we operate our largest mosquito factory. qualifications job responsibilities lead engineers to build new full stack software to orchestrate custom debug automated and manual workflows used in our programs. collaborate with mechanical and other engineers to design and control the next generation of rearing and release automation system. collect feedback from partners and end users around the world. build data pipelines and analytics dashboards to improve our understanding of mosquito production, release, and wild mosquito population. drive the adoption of devops best practices to streamline our development and deployment processes. develop automation to assist in managing our growing fleet of on-premises linux and operating system servers, and google cloud platform (gcp) workloads. minimum qualifications bachelor's degree or equivalent practical experience. 8 years of experience in software development. 5 years of experience testing, and launching software products. 5 years of experience with full stack development, across back-end such as java, python, golang, or c++ codebases, and front-end experience including javascript or typescript, html, css or equivalent. 3 years of experience with software design and architecture. preferred qualifications master’s degree or phd in engineering, computer science, or a related technical field. 3 years of experience in a technical leadership role leading project teams and setting technical direction. experience developing software for physical hardware (raspberry pi, arduino, android, ios, etc). experience developing computer vision or machine learning products. experience with full stack software development, including web applications, cloud softwares, computer networking (tcp/ip, ssl/tls, http, etc), linux or operating system development/administration, etc.",0,0,software_engineering,reviewed:veto:8-years-required
mcf,PERSOL SINGAPORE PTE. LTD.,Consumer Insights Manager (1 Year Contract/Up to $10K),6,Manager,Contract,"job title: apac consumer insights manager job summary as consumer insights manager, you will have the opportunity to tap into your curiosity and collaborate with some of the most innovative and diverse people around the world in the organization. you will interact with regional and country teams in asia pacific to address key strategic business issues through research and manage external research vendors to gather proposal and execute programs from start to finish. this role will embed consumer insights to improve product positioning, packaging, marketing & media communication strategies and tactics, build brand love and drive business growth for organization's consumer business. collaborating with cross functional teams such as business portfolio management, marketing, sales, digital & media, product development teams on new launch toolkits and building business impact cases will be key responsibility areas. job responsibilities: be the ""voice of the consumer"" within the organization on assigned brands to embed insights into business decision-making and marketing actions. collaborate with key stakeholders on assessing business growth and issues to develop, manage and execute learning plans for assigned brands. proactively scope and define business questions of a project up front with the business and marketing teams to ensure that the appropriate research design is identified to discover actionable insights needed to meet the project’s objective and use creative problem-solving techniques to design complex multi-faceted research studies. consult, advise, and influence local, regional and global brand teams on appropriate insights methodologies, usage, and interpretation. gather and synthesize data to draw latest trends and derive insights from primary qualitative, quantitative, and secondary sources to support business growth. negotiate with market research vendors to drive optimized costs, timely delivery and actionable outcome aligned to key project objectives and internal business needs. initiate new consumer research methodologies to utilize online, ecommerce analytics, social media and other e-tactics for faster, cost-effective and real time consumer research. your skills and expertise: to set you up for success in this role from day one, our client is looking for candidates who must have the following qualifications: minimum a bachelor’s degree or higher in business administration, economics, statistics or engineering from an accredited institution at least 6 years of consumer research experience as a supplier and/or a client good mastery of both qualitative and quantitative research methodologies strong project management skills and comfortable handling multiple projects at any one time resourceful self-starter and team player with good attention to detail ability to demonstrate or have proven track records to analyze and synthesize research and data from multiple sources to derive meaningful actionable insights to effectively influence stakeholders additional qualifications that could help you succeed even further in this role include: client side research experience in consumer packaged goods industry apac region research experience including japan, korea, greater china and taiwan persol singapore pte ltd • uen no. 200007268e • ea license no. 01c4394 •ea registration no.r22109454 (malcolm lee jun hao) by sending us your personal data and curriculum vitae (cv), you are deemed to consent to persol singapore pte ltd and its affiliates to collect, use and disclose your personal data for the purposes set out in the privacy policy available at https://www.persolsingapore.com/policies. you acknowledge that you have read, understood, and agree with the privacy policy.",0,0,sales_marketing,reviewed:veto:6-years-required
mcf,THRIVE ORGANIZATION PTE. LTD.,Sales Development Trainee | Practise. Improve. Progress. 🔥,0,Fresh/entry level,Part Time|Full Time,"natural talent is helpful. consistent development is better. as a sales development trainee, you will learn the fundamentals of face-to-face customer engagement while receiving regular coaching and practical experience. 🔥 your training journey ✨ learn how to approach and engage customers ✨ understand client products, services and campaigns ✨ practise sales presentations and communication ✨ develop methods for handling questions and objections ✨ work towards clear individual and team objectives 🌟 what you’ll build 🎤 confidence and presentation skills 🤝 customer relationship abilities 🧠 resilience and adaptability 📈 goal-setting and performance awareness 🚀 teamwork and leadership foundations no previous sales experience is required. we are seeking individuals who are coachable, committed to improvement and willing to apply feedback consistently. progress is not guaranteed overnight—but you will receive the training, practice and support needed to develop. 🌱",1,0,sales_marketing,reviewed:route:zero-years
mcf,NO DEVIATION PTE. LTD.,Junior EHS Associate,1,Executive,Contract|Permanent|Full Time,"about no deviation at no deviation, we are dedicated to delivering patient-centric solutions that revolutionize the pharmaceutical landscape. as a dynamic expert in engineering consultancy, commissioning qualification validation (cqv), and quality, compliance, and regulatory services, we are looking for individuals who are excited to contribute to impactful projects and drive innovation. we believe that great things happen when empathy, integrity, and transparency guide our actions. that's why we foster a culture of collaboration, inclusion, and continuous development – empowering our team members to grow personally and professionally. position overview the ehs associate supports the environmental, health & safety (ehs) function by coordinating day-to-day ehs programs, compliance activities, training administration, data management, inspections, and continuous improvement initiatives within a regulated manufacturing environment. working under the guidance of senior ehs team members, this role helps maintain compliance readiness, supports occupational health and safety programs, manages ehs documentation and systems, and partners with cross-functional stakeholders to strengthen site safety performance. this position is well suited for a fresh graduate or junior professional looking to develop practical experience in ehs operations, regulatory compliance, and risk management. key responsibilities coordinate assigned ehs programs, routine activities, improvement initiatives, and action tracking to ensure timely execution and closure. monitor ehs action items, follow up with stakeholders, and prepare progress updates and reports for management. support safety campaigns, employee engagement initiatives, awareness programs, and ehs communications. maintain ehs records, documentation, and data within systems such as cority, tableau, gets, inca, sharepoint, sds databases, or similar platforms. perform data entry, validation, migration, quality checks, and document control activities, including sop updates and record management. coordinate ehs training activities, including scheduling, attendance tracking, training records, communications, and learning material updates. support inspections, workplace walkthroughs, audit preparation, evidence collection, capa tracking, and compliance follow-up. assist with occupational health initiatives, including my ergocare, workfit scheduling, employee communications, and documentation. partner with cross-functional teams to support site ehs activities, health promotion initiatives, and employee engagement programs. identify opportunities to improve data accuracy, streamline tracking processes, and support continuous improvement through basic data analysis and reporting. required qualifications diploma or degree in environmental, health & safety (ehs), engineering, science, life sciences, chemical engineering, occupational safety & health, or a related discipline. fresh graduates or candidates with up to 1–2 years of relevant ehs or safety-related experience are encouraged to apply. basic understanding of workplace safety, environmental compliance, risk assessment, or occupational health principles is an advantage. proficient in microsoft office applications, particularly excel, powerpoint, word, outlook, and sharepoint. familiarity with ehs systems, databases, dashboards, or learning management systems is preferred. comfortable learning new digital platforms, ehs systems, and software applications. ability to analyse data and present clear, meaningful insights to support decision-making and stakeholder communication. strong organisational, communication, coordination, and follow-up skills with excellent attention to detail. proactive, eager to learn, able to manage multiple priorities, andcommitted to continuous improvement. fresh graduates are welcome to apply how to apply are you ready to play a key role in shaping the future of pharmaceutical solutions? if you're passionate about making an impac",1,0,risk_compliance,reviewed:route:states-fresh-grad
mcf,PASONA SINGAPORE PTE. LTD.,Sales Admin Executive (Supply Chain / Letter of Credit),2,Executive,Permanent|Full Time,"basic salary + meal allowances + transport allowances + variable bonus nearest mrt: labrador park multinational organization job summary support cross-departmental projects by managing purchase orders, shipping documents, and communications to ensure smooth order fulfillment and timely delivery in a multinational organization. responsibilities collaborate extensively across departments to support project execution and development initiatives. prepare purchase orders and comprehensive shipping documents, including invoices, packing lists, certificates of origin, beneficiary certificates, and export permits, ensuring accuracy and compliance. act as a key liaison between suppliers and customers to coordinate order fulfillment and ensure timely delivery. coordinate document submissions and letter of credit issuance with banks, inspection bodies, and insurance companies to facilitate secure transactions. manage letter of credit negotiations to support efficient and compliant trade processes. assist sales representatives by resolving customer queries related to order fulfillment and documentation requirements. prepare and submit reports to support departmental operations and decision-making. undertake ad hoc duties assigned by the department manager to maintain workflow and operational efficiency. required competencies and certifications diploma in any business-related discipline or equivalent with at least 2 years of relevant working experience. good understanding of supply chain management, international trading, business contract and negotiation. knowledge of ucp600 trade finance rules is advantageous. proficiency in ms office and sap software applications. we regret that only shortlisted candidates will be notified. other applications will be updated to our database for future job opportunities. by submitting any resumes or applications to pasona singapore pte ltd, you are considered to have read and agreed on the terms of our privacy policy, and consented to us collecting, using, retaining, disclosing your personal information to the prospective employers for their consideration. effective from 1 october 2020 under the new employment agencies (eas) licence conditions, eas will be required to collect the personal data (e.g. nric number number for overseas candidates) of applicants referred to employers for permanent or contract job positions of at least six months with a fixed monthly salary of s$3,300 and above. pdpa requirements on collection, use, and disclosure of personal data would not be applicable to eas that are collecting such information as it is a regulatory requirement by ministry of manpower. please find privacy policy agreement from the below link. http://www.pasona.com.sg/privacy.html jeremy cheng ea registration no: r23115788 pasona singapore pte. ltd. ea license no: 90c4069",0,0,supply_chain,reviewed:no-route
mcf,MANDATE OF MANPOWER PTE. LTD.,MANAGEMENT ASSOCIATE,2,Senior Management,Full Time,"responsibilities including but not limited to: influence business unit leadership to make sound strategic decisions for business provide key analysis of strategic concepts plus financial assumptions along with feasible recommendations assisting the management operations, supporting administrative and clerical tasks, and coordinating with other departments for project support to meet the organization's objectives and profitability goals assisted in developing policies and procedures to ensure greater control and accountability of all departmental functions excellent communication, be organized, and have time-management skills to perform duties in a fast-paced environment technical skills and competencies: active participation in strategic planning process, including development and execution of business campaigns to develop negotiation and presentation skills to communicate effectively and clearly to others to understand of audience engagement and other business support functions to identify key stakeholder relationships, needs and interests, and coordinate with stakeholders on day-to-day basis to collate feedback on different media and understand and present the advantages and / or disadvantages of different communications media options to develop company business campaigns and enhance campaign awareness and campaign visibility",0,0,general_management,reviewed:no-route
mcf,JCO ANALYTICS PTE. LTD.,Data & AI Engineer,1,Fresh/entry level,Full Time,"overview we are looking for a fresh graduate (degree or diploma) data & ai engineer to join our growing team. this is a hybrid role: about half your time will go into designing, building, and maintaining the data pipelines and infrastructure that our clients rely on, and the other half into building the ai agents and generative ai applications that sit on top of those platforms. you'll get hands-on exposure to the full stack — from raw data ingestion all the way to llm-powered agents that use that data to take action. this position plays an important supporting role within our engineering team and is a great launchpad for someone who wants to grow into both data engineering and applied ai engineering. key responsibilities data pipeline & platform development design, construct, and maintain scalable data pipelines that handle extraction, transformation, and loading (etl/elt) of data from multiple sources. optimise data pipelines for high availability, performance, and data accuracy. automate data workflows to streamline processes and reduce manual intervention. develop, implement, and manage large-scale data processing systems on modern cloud platforms (aws, azure, google cloud, or similar). design and implement scalable data storage solutions such as data lakes, data warehouses, and databases (e.g., redshift, snowflake, bigquery). ai & agentic systems development design and build ai agents and generative ai applications that operate on top of the data platforms you help build (e.g., retrieval-augmented generation, autonomous/agentic workflows, llm-powered internal tools). build and maintain retrieval pipelines — vector databases, embeddings, chunking strategies — that ground ai agents in accurate, up-to-date company data. integrate large language models (via apis such as openai, anthropic, or open-source models) into client-facing or internal applications, including tool/function-calling and multi-step agent workflows. prototype, evaluate, and iterate on prompts and agent behaviours; establish basic evaluation and monitoring practices to track ai output quality, cost, and latency. work with orchestration frameworks (e.g., langchain, llamaindex, or similar) to chain data retrieval, reasoning, and action steps. collaboration with stakeholders work closely with data analysts, data scientists, and business teams to understand data and ai use-case requirements and deliver solutions that meet their needs. collaborate with software engineers and it teams to integrate data and ai systems with existing applications and services. ensure data and ai architecture align with the overall business strategy and technical environment. data governance and security ensure data quality and reliability through validation, cleansing, and integrity checks throughout the pipeline. enforce data security best practices, including for ai systems (e.g., safe handling of data passed to llms, access controls on retrieval sources). implement data governance policies covering metadata, data lineage, and access controls. performance optimisation analyse and optimise query performance on large datasets to ensure fast retrieval and minimise cost. implement monitoring and logging to identify bottlenecks — in both data pipelines and ai agent workflows — and optimise resource usage. continuous improvement stay current with emerging data engineering and ai/agentic technologies. continuously explore ways to improve data architectures, pipelines, and ai-driven processes to enhance efficiency, scalability, and client value. qualifications fresh graduate with a bachelor's degree or diploma in computer science, information technology, data science, or a related field (or equivalent hands-on experience/projects). strong proficiency in sql and python, or another programming language commonly used in data processing. familiarity with cloud-based platforms and services (aws, azure, or google cloud). exposure to distributed data processing frameworks such as apache spark, ha",1,0,data_science,reviewed:route:states-fresh-grad
mcf,MY LITTLE GEMS PRIVATE LIMITED,Trainee Preschool Teacher (Work & Study Sponsored),0,Executive,Full Time,"passionate about imparting the right values to young children? thinking of joining the early childhood industry? apply with your resume to join our team at my little gems preschool, a values-centered preschool committed to imparting the values of kindness, mindfulness and gratitude to the children. enroll in our preschool teacher trainee (fully sponsored) program, tailored to foster your academic growth in early childhood care and education (ecce) while gaining hands-on experience through our ""place-and-train"" programme at our centre. as a trainee preschool teacher, you'll receive training under the guidance of experienced preschool teacher mentors. this immersive experience allows you to grasp the daily responsibilities of a preschool teacher at my little gems preschool. throughout your tenure, enjoy an attractive starting salary with incremental raises, all while having your professional diploma in early childhood care & education (pdecce) fully sponsored. upon program completion, you'll transition into a full-time, certified preschool teacher, fulfilling the required bond with my little gems preschool. responsibilities include educating the children, ensuring their well-being, organising teaching activities, and conducting assessments of learning progress. requirements: possess a degree/diploma from a local polytechnic in any discipline or attain 5 gce 'o' level credits in different subjects, including english or chinese language for sponsorship eligibility proficiency in english or chinese language for effective communication with parents basic computer skills (powerpoint, excel, word, etc.) benefits: full sponsorship for pdecce teaching qualification progressive salary increments during your study annual leave, child care leave, medical leave bonuses and incentives ready to embark on a fulfilling journey in early childhood education with my little gems preschool? submit your application today!",1,0,other,reviewed:route:zero-years
mcf,ACHIEVE CAREER CONSULTANT PTE LTD,Recruitment Consultant,2,Executive,Permanent,"we're growing! we're looking for driven, commercially minded individuals to join our engineering and executive leadership recruitment practice. this is not your typical recruitment role. you'll partner directly with business leaders, advise clients on talent strategy, and build relationships with professionals who shape organisations. whether you're already in recruitment or come from a sales background, this role offers the opportunity to build a highly rewarding, long-term career. what you'll be doing: business development build and develop relationships with key decision-makers, uncover hiring needs, win new business opportunities, and strengthen existing client partnerships. executive search & talent mapping identify, engage, and attract high-calibre professionals through proactive headhunting, networking, and market mapping. end-to-end recruitment manage the full recruitment lifecycle, from client briefing and candidate assessment through to offer management and successful placement. market intelligence advise clients on salary benchmarks, hiring trends, competitor movements, and talent availability within your specialist market. relationship building develop a strong network of industry professionals and become a trusted advisor to both clients and candidates. who we're looking for commercially driven individuals experience in recruitment, business development, sales, account management, or other client-facing environments is highly advantageous. a growth mindset resilient, ambitious, and motivated by performance. you enjoy setting targets, exceeding expectations, and continuously pushing yourself to achieve more. if you're looking for a career where your effort directly influences your income, professional growth, and long-term success, we'd love to speak with you. how to apply: simply submit your application with your updated resume in ms word format to ashwin vivek vinod (ea personnel reg. no.: r22111690) (bep) by clicking the ‘apply link’ or call your friendly consultant, ashwin vivek vinod, at 6590 9957 or 9178 0355 for a confidential discussion. please click apply now button to submit. your application please indicate the following information in your resume: current salary expected salary reason(s) for leaving availability to commence work we regret that only shortlisted candidates will be notified. all applications will be treated with the strictest confidence. your success is our achievement! notice by submitting your application or resume to achieve group, you acknowledge that you have read and agreed to the terms of our privacy policy. you consent to the collection, use, retention, and disclosure of your personal information to prospective employers for employment opportunities, as well as for our marketing electronic direct mailers (edms), from which you may opt out at any time by unsubscribing. for more information, please refer to our privacy policy: www.achievegroup.asia/privacy-policy/ cessation of collection of full nric numbers in compliance with the personal data protection act (pdpa) and our commitment to safeguarding candidates' personal data, achieve group no longer collects, processes, or uses full nric numbers during our screening and job application process. please ensure that the resume you submit does not contain your: full nric number full residential address during your job application.",0,0,management_consulting,reviewed:no-route
mcf,RECRUIT EXPRESS PTE LTD,Recruiter (Supply Chain / Logistic Specialization) | 2 Months Contract | UP 3.5K #HYT,1,Non-executive,Temporary|Contract|Full Time,"location: lorong chuan salary: $ 3,000 to $3,500 working hours: mon-fri office hours job scope: recruit for entry to junior level positions provide operational and administrative support throughout the hiring process other ad hoc duties as assigned requirement: min diploma/degree in human resources, business, or related discipline. min 1–2 years of experience in recruitment, hr, or administrative support. all qualified applicants, please click “ apply now” or you may send in your resume to: whatsapp: https://wa.me/+6597430026 email : kimlow@recruitexpress.com.sg kimmy low yi ting (kim) | cei registration number: r23112122 recruit express pte ltd company reg. no. 199601303w | ea licence number: 99c4599",0,0,supply_chain,reviewed:no-route
mcf,Autism Association (Singapore),Day Activity Centre (DAC) Associate Coach (Hougang),0,Fresh/entry level,Permanent|Full Time,"join our dedicated team at eden day activity centre and make a positive impact on the lives of adults with autism! we are currently seeking a passionate and skilled day activity centre (dac) associate coach to help us create a nurturing environment where our clients can thrive. as a dac associate coach, you will play a vital role in supporting our clients' development and well-being. here are some key responsibilities that make this position both rewarding and fulfilling: performance of clients: · implement and maintain a comprehensive system for administering individualized education plans (ieps), individual care plans (icps), attendance records, training programs, and other administrative tasks. · design and lead therapeutic and training activities that are tailored to meet the individual needs and goals of our clients. · develop and manage an inventory of training materials, ensuring that they are up-to-date and readily available. · provide attentive supervision to clients during indoor and outdoor activities, prioritizing their safety and overall welfare. · collaborate with supervisors and consultants to enhance supervision methods, constantly seeking opportunities for improvement. welfare of clients: · take proactive measures to ensure the well-being and positive behavior of our clients, following the guidance and recommendations provided by supervisors and consultants. · conduct pre- and post-agency visits for transfer cases, ensuring a smooth transition and continuity of care for our clients. · regularly visit clients' homes to monitor their welfare and maintain a strong connection with their families. · uphold high cleanliness and safety standards within the centre, creating a comfortable and secure environment for everyone. · demonstrate utmost respect for client confidentiality, maintaining their privacy at all times. documentation: · prepare and submit accurate and timely reports, including ieps, icps, progress reports, lesson plans, and incident reports, to the head of centre (hoc) and/or consultants. · ensure meticulous record-keeping, documenting assessments, progress, and any relevant information to provide a comprehensive view of each client's learning journey. · collect and analyze learning data, maintaining a well-organized documentation file that informs decision-making and supports individualized client support plans. requirements: · at least an ite certification/o level/a level/ diploma from a recognized educational institution · relevant experience in the fields of special education, nursing, counselling or care services is preferred · experience in community service with exposure to youths / adults with autism is an added advantage · compassionate and patient personality · committed to the education and nurturing of youths / adults with autism · working location: hougang ave 6",1,0,other,reviewed:route:zero-years
mcf,THE SUPREME HR ADVISORY PTE. LTD.,Product Manager (FinTech) - LCYL,2,Executive,Permanent|Full Time,"product manager working location: 51 bras basah road, lazada one s189554 working hours: 8am to 5pm/8.30am to 5.30pm/9am to 6pm/930am to 630pm (flexi) working days: monday - friday salary range: $3500 - $3800 k ey role(s), responsibilities and duties define and communicate the product vision, strategy, and road map in alignment with company goals and business objectives collaborate with clients, stakeholders, and internal teams to gather and define project requirements, scope, objectives, and acceptance criteria prioritise the product backlog and manage the entire product lifecycle from conceptualisation to post-launch optimization break down complex requirements into actionable engineering tasks, set timeframes, estimate timelines with engineering teams, and establish detailed project plans monitor project progress, identify technical risks, develop mitigation strategies, and address issues promptly act as the central point of contact, translating technical concepts into business-friendly language and communicating project status to all participants and leadership conduct user testing and internal dogfooding cycles, gather feedback, triage issues, file actionable tickets, verify fixes, and communicate outcomes to stakeholders drive product adoption and user engagement by analysing usage patterns, identifying drop-off points, and implementing strategies to improve retention and active usage engage proactively with product owners, business units, and branch teams to understand on-the-ground needs, conduct training sessions, and gather feedback for product improvements define and monitor key product metrics and analytics to assess performance and identify areas for improvement create and maintain comprehensive product and project documentation, including technical decisions, architecture changes, plans, and reports coordinate technical reviews, sign-offs, and testing efforts to ensure requirements and quality standards are met before deployment, and monitor post-deployment issues plan and write release notes and newsletters for product updates, and stay current with industry trends through market research and competitor analysis utilise project management tools to track work hours, plan execution, and monitor expenditures facilitate technical knowledge sharing between team members and provide user support, ensuring queries and issues are addressed promptly support administrative tasks such as scheduling meetings, taking minutes, and executing necessary legal paperwork including contracts and terms of agreement requirements bachelor is degree in computer science, engineering, business administration, finance, it, or a relevant field proven experience as a product manager, product owner, project manager, project coordinator, or similar role within fintech, financial services, or technology-driven companies hands-on experience managing all stages of the product lifecycle and working with cross-functional teams to deliver high-quality digital products technical background with knowledge of software development and web technologies strong knowledge of agile methodologies, product management principles, and software development lifecycle lsdlcm proficient in analytics platforms (e.g., google analytics, statsig, posthog) and a/b testing tools familiarity with project management software tools, methodologies, and best practices certification in product management (e.g., certified scrum product owner) is a plus cheong yeat long | r25145358 the supreme hr advisory pte ltd | ea 14c7279",0,0,product_management,reviewed:veto:seniority-in-title
mcf,PERSOL SINGAPORE PTE. LTD.,Supply Chain Executive (UP4000| Pharma MNC | Suntec),2,Executive,Contract|Full Time,"salary : s$3500 - s$4000 duration : 1 year contract (long term extendable) location : suntec working hours : monday to friday, 9.00am to 6.00pm responsibilities: sg affiliate releasing orders toregional distribution centre (rdc) for sg and for exports to distributor markets manage samples request process releasing orders to 3pl (third-party logistics provider) for global logistics/shipping, tenders and samples conversion distributor market export documentation others as may be assigned rdc customer service & logistics for identified markets check customer orders received is align with allocation provided by supply planner release customer orders into rdc system update and consolidate actual shipped orders to ensure customer’s orders are fulfilled issue invoice and attach certificate of analysis (coa) for export shipments and direct shipments co-ordinate with 3pl and freight forwarder to ensure on-time shipment to customers ensure all redressed products are shipped within agreed timelines ensure completeness of export documents before filing tracking of inbound shipments and ensuring complete and accurate documentation others as may be assigned requirements diploma or degree in supply chain, logistics, business, or related field minimum 2–3 years' experience in customer service, order management, or logistics coordination, ideally within an mnc or affiliate/distribution environment hands-on experience with export documentation, coa (certificate of analysis), and shipment/invoicing processes prior exposure to erp/order management systems (e.g. sap, m3, or similar) experience liaising with 3pl providers and freight forwarders to coordinate on-time shipments strong attention to detail and ability to manage documentation accuracy under time pressure proficient in microsoft excel for tracking, reporting, and reconciliation good communication and coordination skills to work across supply planning, customer service, and external logistics partners comfortable working independently in a fast-paced, deadline-driven environment experience in pharmaceutical, healthcare, fmcg, or regulated industries is an advantage immediate to short notice availability preferred (given 1-year contract with urgent coverage need) by sending us your personal data and curriculum vitae (cv), you are deemed to consent to persol singapore pte ltd and its affiliates to collect, use and disclose your personal data for the purposes set out in the privacy policy available at https://www.persolsingapore.com/policies. you acknowledge that you have read, understood, and agree with the privacy policy. ea reg. id: r25157446 (katherine carlen) persol singapore pte ltd • rcb no. 200007268e • ea license no: 01c4394",0,0,supply_chain,reviewed:no-route
mcf,RECRUIT NOW SINGAPORE PTE. LTD.,"Tax Assistant Associate (CSP)| S$3,000 basic + bonus",2,Junior Executive,Permanent|Full Time,"tax associate s$3,000 – s$3,500 basic 5-day work week (monday to friday), 9:00 am – 6:00 pm convenient cbd location near mrt stations exposure to a diverse client portfolio and various tax disciplines opportunities for professional development and career progression within the tax and accounting field the role we are seeking a motivated tax associate to join our growing team. this role offers hands-on experience in both individual and corporate tax compliance, along with opportunities to work closely with clients and regulatory authorities. key responsibilities prepare and file individual income tax returns accurately and on time. manage corporate tax compliance matters for a portfolio of clients across various industries. liaise with clients and assist in responding to tax-related queries and assessments. support tax engagements involving gst, withholding tax, and other tax compliance matters. work closely with senior team members and managers on tax projects and advisory assignments. maintain strong client relationships and assist with administrative matters, billing, and collections. stay updated on singapore tax regulations and compliance requirements. what we're looking for diploma in accounting, finance, or a related discipline. prior tax or accounting experience. about the company join a well-established professional services firm that provides comprehensive corporate, accounting, tax, and advisory solutions to a diverse portfolio of local and international clients. the firm is committed to delivering high-quality services while fostering a collaborative environment where professionals can develop their technical expertise and build rewarding careers. if you are eager to develop your expertise in taxation and grow your career in a dynamic professional services environment, we would love to hear from you.",0,0,finance_accounting,reviewed:no-route
mcf,TEMP-TEAM PTE LTD,"Supply Chain Coordinator, Up to $4,500 (Alexandra)",2,Junior Executive,Permanent,"location: alexandra road working hours: 8:30am – 5:30pm (mon to fri) salary: $4,000 - $4,700 monthly (commensurate with experience) about the role join a regional supply chain team supporting overseas factories and customers across asia. you will be responsible for managing purchase orders, coordinating with suppliers and factories, planning shipments, and ensuring timely delivery of products key responsibilities process and manage a high volume of purchase orders. coordinate with overseas factories on production schedules and delivery timelines. instruct freight forwarders on import and export shipments. prepare and review shipping documents, including commercial invoices and packing lists. apply incoterms in daily order and shipment coordination. monitor order fulfilment and resolve supply or delivery issues. work closely with customers, suppliers, factories, and internal teams to ensure smooth operations. support inventory planning and maintain accurate system records. requirements experience in procurement, purchasing, supply chain, order management, or sales operations. hands-on experience processing high-volume purchase orders. good understanding of incoterms and international trade. experience coordinating with overseas suppliers, factories, and freight forwarders. interested applicants, please email your resume to lilian@juhlerprofessionals.com.sg tan li lian ea 01c3135 reg r1100465",0,0,supply_chain,reviewed:no-route
mcf,TALENTSIS PTE. LTD.,Software DevOps Engineer (Fresh Graduate),0,Executive,Permanent|Full Time,"what you'll be doing build and implement development tools and supporting infrastructure. collaborate with stakeholders to understand technical requirements. automate and improve software development and deployment processes. test, review, and analyze code to ensure quality and performance. maintain secure and reliable systems against cybersecurity threats. troubleshoot technical issues and implement software fixes. work closely with developers to ensure smooth development workflows. participate in project planning and contribute to technical decisions. what we're looking for fresh graduates or candidates with 0–3 years of experience in devops, software engineering, or a related field. basic understanding of devops concepts and software development lifecycle. familiarity with gitlab, confluence, ansible, or terraform is an advantage. knowledge of python or ruby . basic understanding of sql and relational databases . strong analytical and problem-solving skills. a collaborative mindset with excellent communication skills. passion for learning new technologies and continuously improving. only shortlisted candidates will be notified. (ea reg no: 20c0312)",1,0,software_engineering,reviewed:route:programme
mcf,ROYAL ORG PTE. LTD.,Sales and Marketing Trainee: One to One Mentorship,0,Fresh/entry level,Full Time,"looking for more than just your first job? build your career with us as an entry-level marketing trainee. receive structured training, one-to-one mentorship, and hands-on experience while developing valuable communication and leadership skills, with clear opportunities for career progression based on your performance. key responsibilities 🧨 execute face-to-face marketing campaigns. engage with customers and represent clients professionally. collaborate with teammates to achieve campaign goals. what we offer 📈 clear career progression based on performance 👥 one-to-one mentorship and structured training 🌍 regional & overseas travel opportunities 💬 supportive and collaborative team environment 🕒 flexible work arrangements 🤑 performance-based incentives (shared during interview) who we’re looking for ☄️ positive attitude and willingness to learn strong communication and teamwork skills adaptable in a fast-paced environment no experience required — training provided only shortlisted candidates will be contacted within 24 hours.",1,0,sales_marketing,reviewed:route:states-fresh-grad
mcf,@ASK TRAINING PTE. LTD.,Management Trainee (1 year contract),1,Executive,Contract,"ask training is a skillsfuture-accredited continuing education & training centre specializing in genai, ai literacy, and leadership programmes. we're expanding across the region, and we're looking for a sharp, driven management trainee to work directly alongside our director of business development & partnerships — someone who wants a front-row seat to how deals, campaigns, and partnerships actually get made, and the ambition to run with real responsibility fast. what you'll do business development. support partner outreach, pitch preparation, proposals, and deal follow-through across local and regional markets. marketing — help plan and execute campaigns, content, and lead-generation initiatives that fill our programmes. event management — coordinate booths, roadshows, networking sessions, and launches end to end, from planning to on-the-ground execution. networking & relationship-building — represent ask training at industry events, build a contact base, and open doors. project coordination — act as the right hand to the director, keeping local and overseas projects on track, on time, and moving forward. who we're looking for : a proactive self-starter who takes initiative rather than waiting for instructions. able to work independently with minimal supervision and juggle multiple projects at once. strong communication and interpersonal skills — comfortable with partners, clients, and senior stakeholders. organised, detail-oriented, and resourceful under pressure. genuinely interested in business, marketing, and the fast-moving world of ai and professional training. willing to travel regionally as projects require. a degree or diploma in business, marketing, or a related field is a plus — but drive and attitude matter most. what you'll gain direct mentorship from a senior commercial leader. exposure to real deals, real campaigns, and real regional expansion — not simulations. a clear path to grow into a business development or marketing role as you prove yourself. a dynamic, entrepreneurial environment where your ideas are heard. this is not a coffee-run role. you'll be trusted with live projects from day one — in singapore and across our overseas markets — and given the mentorship to grow into a commercial leader. **this is a contract 1 year role**",1,0,general_management,reviewed:route:programme
mcf,THE VETRESKA COMPANY PTE. LTD.,Part-time Retail Associate (Singaporeans & SPRs ONLY),1,Non-executive,Part Time,"founded in 2017, vetreska isn't just a pet brand – we are architects of enchantment! fueled by a fervent desire to transcend conventional boundaries, we redefine pet products with an imaginative flair. think of us as wizards, conjuring designs that evoke wonder and excitement, all while seamlessly merging playfulness with purpose – a synergy we refer to as together reimagined. envision the scenes where pets and their human companions share captivating moments. this is the canvas that vetreska paints. from animated tail wags to contented purrs, our meticulously crafted products thread stronger connections between pets and their owners. our focus is on cherishing the everyday anecdotes of pet companionship, each imbued with a touch of whimsy – a testament to our commitment to together reimagined. role purpose the retail associate is essential to providing an exceptional shopping experience for our customers and their pets. this role involves assisting customers in selecting products, maintaining store appearance, and fostering a welcoming environment. by showcasing knowledge of pet care and products, the retail associate helps to ensure that pets and their owners find everything they need for a happy, healthy life together. key responsibilities greet and assist customers in a friendly and knowledgeable manner provide guidance on pet products, including food, toys, and accessories maintain a clean, organized, and visually appealing store environment restock shelves and manage inventory to ensure product availability process transactions accurately and efficiently at the cash register address customer inquiries and resolve any issues or concerns educate customers on pet care and responsible ownership practices posses a strong sense of team work to achieve sales goals and enhance customer service qualifications previous retail experience preferred, especially in pet care or related fields strong communication and interpersonal skills a genuine love for animals and a commitment to their well-being we welcome candidates we are enthusiastic about pets and customer service to apply. if you're ready to contribute to a fun and supportive team while making a positive impact on pets and their owners, we'd love to hear from you!",0,0,other,reviewed:no-route
mcf,JOB EXPRESS SERVICES PTE. LTD.,Premium Japanese Restaurant Management Trainee (Up to $3500 / Central),0,Non-executive,Full Time,"job title: premium japanese restaurant management trainee (id1684) location: central premium japanese restaurant working hours: 5.5 days 9am to 6pm or 1pm to 10pm (include 1 hour break) salary: up to $3500 benefit: aws, ph off in lieu, 1 meal provided daily job responsibilities: • take charge of quality, service, and cleanliness assurance within the restaurant operations • supervise store operations, cash control, and shift management • manage a high-performance team and develop their talents • drive recruitment, training, and marketing campaigns",1,0,general_management,reviewed:route:zero-years
mcf,RECRUITPEDIA PTE. LTD.,"Software Engineer (C++, UX/UI) Automation",2,Junior Executive,Permanent|Full Time,"our client is a leading provider of semiconductor manufacturing equipment and advanced automation solutions. they are now recruiting a software engineer (r&d) to support product development and innovation initiatives. they are located in the north – easily accessible. responsibilities: develop, enhance, and maintain software applications for advanced industrial automation and manufacturing equipment. design and implement control software, data acquisition modules, and equipment interface functionalities. collaborate with multidisciplinary engineering teams to integrate software with mechanical, electrical, and control systems. conduct software validation, troubleshooting, performance optimization, and system enhancements. prepare technical documentation while ensuring compliance with quality, safety, and regulatory requirements. requirements: degree in computer science, software engineering, electrical engineering, or a related discipline. experience in software development within manufacturing, industrial automation, or high-tech engineering environments is preferred. proficient in c++ programming for application, embedded, or automation software development. knowledge of embedded systems, motion control, machine interface, or industrial communication protocols is advantageous. exposure to ai, machine learning, computer vision, or data analytics applications will be an added advantage. interested candidates who wish to apply for the advertised position, please click apply now or email an updated copy of your resume/cv. we regret that only shortlisted candidates will be notified. email address: jobs@recruitpedia.sg ea license no: 19c9682 ea personnel no: r22104769 ea personnel name: ong boon kiet (travys)",0,0,software_engineering,reviewed:no-route
mcf,PERSOL SINGAPORE PTE. LTD.,Supply Chain AI Business Analyst,2,Junior Executive,Contract,"job responsibilities 1. business ownership (core requirement) · take responsibility for assigned tasks and deliverables · show initiative beyond instructions to improve work · begin to understand impact of work on cost, service, and operations · develop mindset of ownership, not just execution 2. problem-solving & structured thinking · breakdown issues into smaller components with guidance · use basic data to support thinking · identify simple root causes and suggest improvements · develop structured thinking over time 3. gemba & operational understanding · willing to learn actual operations through observation · understand basic process flows and challenges · connect operations with simple data and reports · translate observations into improvement ideas 4. ai & digital application mindset (critical) · strong curiosity and willingness to learn ai tools · actively experiment with tools (e.g. chatgpt, automation tools) · understand basic concepts of automation and productivity improvement · open to using ai to redesign simple tasks 5. business & ai capability (core concept) · show potential to grow in both business operations and ai usage · support bridging between operations and tools with guidance · assist in translating simple business needs into workflows · use digital tools to enhance daily work 6. communication & stakeholder management · communicate clearly within team and with stakeholders · willing to ask questions and clarify requirements · learn to translate needs into actions · build basic stakeholder engagement skills 7. learning agility & adaptability · willing to work in dynamic and evolving environments · quick to learn new tools and concepts · open to feedback and change · strong growth mindset and curiosity · job requirements · 2–5years of experience in supply chain operations (planning, logistics, procurement, warehouse, or related functions) · basic exposure to operational problem-solving or improvement activities · experience using digital tools (e.g. excel, dashboards) or early exposure to ai tools · willingness to engage stakeholders and learn business processes · strong interest and curiosity to apply ai in operations and business processes interested candidates who wish to apply for the advertised position, please click on “apply now”. we regret that only shortlisted candidates will be notified. ea license no: 01c4394 (persol singapore pte ltd) by sending us your personal data and curriculum vitae (cv), you are deemed to consent to persol singapore pte ltd and its affiliates to collect, use and disclose your personal data for the purposes set out in the privacy policy available at https://www.persolsingapore.com/policies.you acknowledge that you have read, understood, and agree with the privacy policy.",0,0,supply_chain,reviewed:no-route
mcf,MINDTECK SINGAPORE PTE LTD,"Software Engineer (C++, Gaming/Unity/Unreal Engine)",1,Executive,Contract,"key responsibilities contribute to the development and integration of simulation and training systems , including components built using unity or unreal engine develop and maintain c++‑based software modules , including those that interface with or are built using: mak suite of simulation software vbs4 (virtual battlespace) support distributed simulator architectures , where multiple software and hardware components interact across a network work as part of cross‑domain engineering teams , collaborating with: software engineers on simulation logic and application development hardware and system engineers on simulator infrastructure, deployment, and integration build an understanding of the simulator from a hardware and system perspective , including compute platforms, networking, and physical integration constraints assist in system integration, deployment, testing, debugging, and documentation activities participate in technical discussions to understand end‑to‑end system behaviour and performance considerations adhere to established engineering processes, coding standards, and configuration management practices and security requirements required skills &qualifications degree in engineering, computer science, software engineering , or a related discipline (or equivalent practical experience) experience with game development technologies using unity and/or unreal engine (academic projects, internships, or personal projects are acceptable) c++ programming fundamentals , with the ability and willingness to apply and deepen these skills basic understanding of core engineering and software concepts, including: object‑oriented programming debugging and testing version control systems (e.g. git) strong willingness to learn specialised simulation software , including mak and vbs4 , as part of project delivery appropriate for government projects, including the ability to meet security clearance and background checks requirements",0,0,software_engineering,reviewed:no-route
mcf,MGCA CAFE SG PTE. LTD.,Tim Hortons One Raffles Place   - Career Conversion Programmes (CCPs) - Trainee Barista - (44Hours per Week),0,Fresh/entry level,Full Time,"this application is for the outlet tim hortons - one raffles place nearest mrt station: one raffles about tim hortons: at tim hortons, we believe in delivering exceptional guest experiences. our teams are built on a foundation of friendliness, teamwork, and pride in serving our communities. as a trainee barista, you’ll be the face of tim hortons, helping to create moments of warmth and connection over every cup. job summary: as a trainee barista , you will learn how to prepare and serve tim hortons beverages and food items while providing excellent customer service. this is an entry-level position with full training provided — a great opportunity for individuals who are passionate about customer service and eager to grow in a fast-paced environment. key responsibilities: greet guests with a friendly and welcoming attitude learn to prepare coffee, espresso, tea, and other beverages to tim hortons’ standards assist in preparing food items such as sandwiches, donuts, and baked goods operate equipment such as espresso machines, ovens, and pos systems maintain cleanliness and organization of the store, including workstations and dining areas follow food safety and hygiene protocols work collaboratively with the team to ensure smooth shift operations handle customer inquiries, feedback, and transactions professionally qualifications & skills no prior experience required — full training provided a passion for customer service and a positive attitude willingness to learn and grow within the role strong communication and interpersonal skills ability to multitask in a fast-paced environment reliable and punctual with a strong work ethic must be able to stand for extended periods and lift up to 25 lbs what we offer comprehensive on-the-job training opportunities for career advancement employee discounts on food and beverages a fun, team-oriented work environment",1,0,other,reviewed:route:states-fresh-grad
mcf,PALANTIR TECHNOLOGIES SINGAPORE PTE. LTD.,Backend Software Engineer,1,Professional,Full Time,"a world-changing company palantir builds the world’s leading software for data-driven decisions and operations. by bringing the right data to the people who need it, our platforms empower our partners to develop lifesaving drugs, forecast supply chain disruptions, locate missing children, and more. the role backend software engineers at palantir build software at scale to transform how organizations use data. our software engineers are involved throughout the product lifecycle, from idea generation, design, prototyping, and production delivery. you will collaborate closely with technical and non-technical teammates to understand our customers' problems and build products that solve them. we encourage movement across teams to share context, skills, and experience, so you'll learn about many different technologies and aspects of each product. engineers work autonomously and make decisions independently, within a community that will support and challenge you as you grow and develop, becoming a strong technical contributor and engineering leader. our product development organization is made up of small teams of software engineers. each team focuses on a specific aspect of a product. our infrastructure teams are responsible for the lowest layers of our software stack, often focused on database technologies, distributed systems, large scale data systems, security, and application infrastructure. as a software engineer on infrastructure, you'll contribute high-quality code to underpin palantir foundry and gotham with performant, secure, and scalable building blocks, enabling products deployed to the most important institutions in the public and private sector. you'll build the foundational capabilities that power our products used by research scientists, aerospace engineers, intelligence analysts, and economic forecasters, in countries around the world. we're hiring engineers who are passionate about solving real-world problems and empowering developers and end-users to do their work optimally. if you’re motivated to develop reliable, performant, scalable systems and design robust apis and primitives, below are some examples of the types of product work you’d get to do in this role: core responsibilities building performant search and indexing ecosystem for complex granularly permissioned of data contributing to open-source data processing libraries, integrating the latest innovations to achieve performance gains building the distributed systems that power large scale compute workloads, orchestrating and efficiently scheduling hundreds of thousands of containers every hour designing architecture and opinionated apis to keep application developers on the happy path tracing and performance observability in high scale distributed microservice architectures building reliant, performant, and scalable systems for storage, auth, or asset serving to enable other product teams to build robust applications without deep domain expertise in the underlying systems automating the deployment, management, and operations of complex distributed systems like cassandra, elasticsearch, kafka, and more across different environments technologies we use: different backend languages, including java, rust, and go open-source technologies like cassandra, elasticsearch, spark, kafka, kubernetes, flink industry-standard build tooling, including gradle and github what we value demonstrated ability to collaborate and empathize with a variety of individuals. able to iterate with users and non-technical stakeholders and understand how technical decisions impact them. ability to learn new technology and concepts, even without in-depth experience. experience developing and managing highly-available distributed systems is beneficial, but not required. bias towards quality and thoughtful about edge cases (“anything that can go wrong will go wrong”); writes code that is defensive against all possibilities. builds solutions and apis with users in mind while maintaining a ",0,0,software_engineering,reviewed:no-route
mcf,KOUFU PTE LTD,Management Associate,0,Fresh/entry level,Contract|Permanent|Full Time,"job description & requirements oversee the daily operations of outlet for efficient operations work closely with the area manager on strategic business planning and operations develop cost-effective operational plan to achieve outlet’s goals ensure good and prompt service to satisfy customers' needs ensure outlet compliance to all authority regulations including but not limited to hygiene, cleanliness and workplace safety guidelines ensure outlet compliance to company’s regulations such as sales reporting, cash management and inventory controls train and retain outlet staff manpower recruitment and scheduling to achieve optimal productivity monitor inventory levels and replenish stock when needed analyse and resolve problems in a timely and accurate manner regular review to improve cleaning standards, food safety and sanitation perform any duties which may be assigned from time to time from superior",1,0,general_management,reviewed:route:programme
mcf,CLAAS2SAAS PTE. LTD.,Digital Sales Associate (Course Consultant),1,Non-executive,Permanent|Full Time,"about claas2saas claas2saas is a singapore-headquartered pan-asean ai acceleration platform committed to advancing inclusive digital economy transformation across southeast asia. with a growing presence across singapore, malaysia, indonesia, philippines, vietnam, cambodia, myanmar, sri lanka, india, and china, we work closely with higher education institutions, enterprises, smes, and governments to accelerate workforce and digital transformation in the ai era. driven by a skills-first, work-integrated learning innovation, claas2saas combines work-integrated learning with ai-powered adaptive technologies to develop industry-ready digital talent and support lifelong career growth. our innovative learning ecosystem enables faster and more effective workforce transformation, empowering individuals with practical skills, real-world industry experience, and meaningful career outcomes. at the same time, we support enterprises in adopting intelligent digital solutions and scalable ai-enabled services that enhance productivity, workforce capabilities, and operational efficiency. by connecting education, industry, and technology within a unified ecosystem, claas2saas is building a more connected, agile, and ai-powered asean economy for the future. job mission as a digital sales associate you will provide guidance to individuals to find their ideal digital careers or upgrade their current skills for the new digital economy. you will provide consultative needs-based selling and career consultation to guide these individuals to pursue the best suited digital career and acquire the digital skills needed. team structure you will collaborate with the marketing team to launch leads generation and awareness campaigns and connect with the delivery and talent management team to ensure that the acquisition of skills and future-ready career is fulfilled. your main responsibilities assist in the execution of marketing campaigns to outreach to the desired target audience provide career consultation and consultative needs-based selling to guide individuals to embark on the best fitted digital career or obtain the digital skills needed upkeep the sales activities and conversion ratio to achieve the sales target set what you get a diverse team culture weekly trainings to enhance your skills for top performance buddy/mentoring support system quarterly team bonding exposure in tech jobs landscape commissions on top of competitive monthly remuneration requirements at least 1-2 years of experience in sales is an advantage fresh graduates with a passion to learn and grow within the role and team are welcome to apply a positive mindset towards your own growth and career development for people you will engage diploma graduate/bachelor’s degree graduate passionate in upskilling advocacy good english communication",1,0,management_consulting,reviewed:route:states-fresh-grad
mcf,CYPRESS TAX SOLUTIONS PTE. LTD.,Audit Associate,1,Professional,Full Time,"job title: audit associate job description: • execute audit procedures in detailed financial analysis, testing internal controls, and assessing compliance with accounting standards. • identify significant accounting and auditing issues via engagements in the various industries. • obtain audit evidence and document observations in the audit work paper. • must be able to work with different engagement managers and team members. • awareness of self-development and self-enhancement of professional skill sets for career. • communicate effectively. job requirements: · bachelor's or master’s degree in accountancy, finance or professional qualification in accountancy, such as acca, ca, icaew and cpa australia. · general knowledge of economic trends, technical and industry developments, and a sense of business operations. · minimum 2 years of auditing or accounting experience preferred. · fresh graduates are welcome to apply for the audit associate role. · good time management and good documentation skills. · strong english communication skills, both verbal and written. · display accountability and a spirit of teamwork. · demonstrate initiative",1,0,risk_compliance,reviewed:route:states-fresh-grad
mcf,RECRUIT NOW SINGAPORE PTE. LTD.,Investment Analyst (Experienced/Entry Level),2,Non-executive,Permanent|Full Time,"investment analyst (entry level) salary: up to s$5,000/month + variable bonus location: cbd/town working time/date: 5 days work week, mon to fri: 9:00am to 6:00pm looking to build your career in investments? whether you're a retail banking investment consultant (ic), assistant relationship manager (arm) looking to pivot into the investment space, we'd love to hear from you! what you'll be doing as an investment analyst, you'll play a key role in supporting investment operations and portfolio management. your responsibilities will include: supporting the management and governance of a variable capital company (vcc) structure, including documentation and stakeholder coordination. monitoring investment portfolios through performance tracking, risk reviews, and regular engagement with fund managers. preparing client portfolio reports, factsheets, and investment updates. conducting portfolio analysis and supporting investment research processes. leveraging ai tools to enhance investment monitoring, reporting, and operational efficiency. what we're looking for bachelor's degree in finance, accounting, economics, business administration, or a related discipline. 2–3 years of relevant experience will be preferred. experience in client-facing or stakeholder management roles is an advantage. good understanding of investment products across multiple asset classes. self-driven, curious, and eager to learn in a fast-paced investment environment. why join us? launch or accelerate your career in asset management. gain exposure to investment portfolios, fund managers, and vcc structures. work in an innovative environment that embraces ai to enhance investment processes. learn from experienced professionals and grow your expertise. if you're passionate about investments and excited to grow in a dynamic environment, we'd love to connect with you!",1,0,investment,reviewed:route:states-fresh-grad
mcf,HR SG PTE. LTD.,Junior Investment Associate (Fund Management & Operations),0,Junior Executive,Full Time,"interested candidates may apply through mycareersfuture or submit their application via: https://www.myworkjoy.com/jobseeker/jobs/?currentjobid=51b2d8fa-47c9-48ac-9a63-060dcad15e4c our client is a singapore-based fund management company serving as a regional headquarters for southeast asia. the organisation provides a broad range of fund management services and operates in a dynamic, collaborative environment with exposure to fund operations, portfolio monitoring, investor reporting and regulatory coordination. role: junior investment associate (portfolio & operations management) role overview we are seeking a dynamic and driven associate to join the growing team in singapore. working closely with the head of finance and the partners, you will support fund operations, portfolio company coverage, investor relations, compliance administration and the management of third-party service providers. you will also have the opportunity to take ownership of operational workflows, improve reporting processes and contribute to initiatives that reduce operational risk. key responsibilities fund operations, reporting and compliance assist the partners in preparing fund-level performance reports, portfolio updates and other management information. support the day-to-day administration of fund vehicles, special purpose vehicles and related structures. coordinate annual audits, regulatory filings, kyc and aml documentation, due diligence requests and data-room administration. liaise with fund administrators, auditors, legal counsel, corporate secretaries and other external service providers to ensure accurate and timely deliverables. maintain operational records, reporting calendars, supporting documentation and internal trackers. monitor key operational deadlines and follow up on outstanding information or actions. portfolio company coverage and market research support communications with portfolio company executives and relevant stakeholders. monitor portfolio company developments, track updates and escalate material issues to the partners when required. coordinate the collection and review of quarterly portfolio company reports. analyse financial and operational information and maintain portfolio performance dashboards. identify significant trends, variances and developments for management review. prepare market research reports, industry insights and presentation materials for the wider team. support ad-hoc research and portfolio-related projects as assigned. fund management and investor relations facilitate investor and client onboarding and coordinate the required regulatory and compliance documentation. assist in preparing periodic investor reports, portfolio updates and other investor communications. coordinate nav production with fund administrators and review supporting information for accuracy and completeness. support the preparation and administration of capital call, distribution and other investor notices. assist with annual budget preparation, expense monitoring and management fee calculations. maintain investor-related records, reporting schedules and supporting documentation. team and operational coordination maintain team workflow, task trackers and follow-up schedules to support timely execution. coordinate meetings, events and related administrative or logistical arrangements. support the partners with banking, payments and account-related workflows. assist in coordinating documentation and information across internal and external stakeholders. identify opportunities to streamline reporting, documentation and operational processes. support the adoption of appropriate digital tools and automation to improve efficiency, accuracy and operational controls. contribute to initiatives aimed at reducing operational risk and strengthening internal processes. requirements fresh graduates are encouraged to apply (singaporeans only) . bachelor’s degree in economics, finance, accounting, business administration or a related discipline ",1,0,investment,reviewed:route:states-fresh-grad
mcf,A-IT SOFTWARE SERVICES PTE LTD,Business Analyst (Bank) (JT),1,Professional,Contract,"1.to support the end-to-end delivery of the collections system upgrade initiatives. the role involves requirements gathering, process analysis,stakeholder coordination, and ensuring the upgraded system meets operational,regulatory, and customer experience objectives. 2.foster collaborative partnerships across stakeholder teams to elicit and documents business requirements, translate business needs into functional and non-functional requirements, define user stories, process flows and use casefor system enhancements, ensure alignment of final deliverables in terms of outcomes, strategic objectives, timelines and cost estimates. 3.be the respected subject matter expert in consumer credit domain area as partnership from role of read credit functional business analyst. 4.manage regular communication with key stakeholders to ensure seamless and an integrated working model across stakeholders, provide regular updates on the status of book of work and assist the team during troubleshooting ofissues/blockers. 5.highlight customer related impact to users when reviewing system enhancement requests to minimize potential issues. 6.provide guidance to users in drafting system test scripts, co-ordinate testing and review test results to ensure all business requirements are met. requirements: 1.process basic degree in business administration or computational science 2. domain knowledge on collection and recovery processes, loan management or debt collection systems. 3.having good working knowledge of microsoft office applications (eg. excel,word, powerpoint & project). 4. experience in sdlc(agile/waterfall), testing and project management processes 5. strong command of sql and querying databases using tools e.g. sas, r, python or equivalent this job advertisement is posted by: tan geok khim (deng yuqin) (r22107857) a-it software services pte ltd ea license no: 24c2345 “by submitting your application for this position, you consent to the collection,use, and disclosure of your personal data by a-it software services and its recruitment partners, including employment and employability institute pte ltd,for the purpose of i) employment facilitation and ii) data and statistical analysis. you may find out more information on the pdpa policies at [a-itsoftware services pdpa website] and [ https://www.e2i.com.sg/pdpa/ ].”",0,0,business_analyst,reviewed:no-route
mcf,CA PRACTICE PAC,Audit Associate,0,Fresh/entry level,Permanent|Full Time,"job description the audit associate will be involved in audit team and related assignments under the supervision of audit managers and partners, to ensure that these assignments are executed properly. the audit associate will be involved in the preparation and compilation of accounts for acra filing purpose. the audit associate is expected to work effectively in a team environment by sharing responsibilities, providing support and communicating with colleagues in a professional manner. job responsibilities assist in the planning, execution and finalisation of all areas of the audit assignment identify and raise potential risk issues with the manager / partner, while exercising judgement within agreed parameters. assist in the preparation of the income tax computations / returns and estimated tax provisions compilation of accounts for acra filing purposes maintain a full set of accounts using accounting software assist in other ad hoc tasks assigned by the partner or manager. job requirements a degree in accounting or related field excellent analytical skills strong team working skills excellent verbal and written communication skills possess initiative and able to work independently able to work effectively under pressure and in a fast paced environment.",1,0,risk_compliance,reviewed:route:zero-years
mcf,MI EQUIPMENT PTE. LTD.,Software Engineer/ Senior,2,Executive,Permanent,"design and develop software, control system & hardware for automated machines provide application integration test and documentation provide assistances and machine software & hardware support to customers as well as evaluation to find solutions on customer’s modification requests to analyze and implement customer requirements responsible for software development process definition and hardware qualification plan and manage technical projects or tasks to meet expectations on quality and timeliness work as a team to evaluate interface between hardware and software as well as the operational and performance requirements of the overall system perform proper engineering documentation, sop and guideline identify and implement process improvement to enhance software development efficiency and product performance train and mentor junior and mid-level engineers provide technical expertise in software programming undertake other duties and responsibilities, which may be assigned by the company from time to time with on timely and complete closure job requirements degree in engineering or science in electronics/ electrical/ mechatronics/ computer with second upper class or above strong in software programming and electronics/electrical design well versed in visual c++, visual c#, vb.net programming language good working relationship and positive work attitude, self-motivated with ability to work independently and in team environment innovative, creativity and hardworking strong technical leadership, analytical & problem-solving skills excellent written and verbal communication skills positive thinking and willing to provides extended support to customer enjoy learning new things and willing to accept new challenges good semiconductor process knowledge or ir technology is an added advantage good project management skills at least 2 years of relevant working experience is required experience in design & develop die bonder equipment",0,0,software_engineering,reviewed:veto:seniority-in-title
mcf,EA RECRUITMENT PTE. LTD.,Assistant Software Engineer / Software Engineer (SCADA & System Integration),1,Junior Executive,Permanent|Full Time,"well established company basic $3500 to $5500 + aws + vb working location: northeast singapore working hours: 8.30am – 5.30pm (5 days work) candidates with at least one year of software development experience and exposure to a full sdlc may be considered for the software engineer position. candidate with lesser experience and may be considered for the assistant software engineer position. job responsibilities: design, develop, configure, test and integrate software solutions for scada and system integration projects. gather and analyse system requirements and prepare software designs. develop applications using c/c++, c#, python, typescript or other relevant programming and scripting languages. design and configure user-friendly scada screens, animations, alarm displays and system interfaces. configure i/o points and integrate scada software with field controllers and other systems. design and optimise relational databases using mssql, mysql or postgresql. perform in-house software testing, system integration testing and site testing. support software deployment, installation, testing and commissioning at customers’ sites. retrieve and analyse system logs to troubleshoot software, database, network, protocol and communication issues. implement software fixes, patches, enhancements and system upgrades. prepare software documentation, test reports and technical records. provide production and technical support to project teams and customers. requirements: diploma or degree in computer science, computer engineering, electrical engineering, electronics engineering or related discipline. knowledge or experience in two or more programming languages such as c/c++, c#, html5 or unix shell. familiarity with at least one scripting language such as python, bash or typescript. knowledge of relational databases such as mssql, mysql or postgresql. good understanding of computer networks, windows and unix/linux environments. knowledge of rest apis, communication protocols, map engines, scada, rsbms or cybersecurity will be advantageous. candidates with at least one year of software development experience and exposure to a full sdlc may be considered for the software engineer position. candidate with lesser experience and may be considered for the assistant software engineer position. able to provide on-site support and work with customers when required. candidates are encouraged to apply this position via apply now button with the following information in the resume work experiences and job responsibilities current and expected salary reason for leaving date of availability education background we regret that only shortlisted candidates will be contacted. ng diaum yee (r2198031) ea recruitment pte ltd ea license no: 21c0492",0,0,software_engineering,reviewed:no-route
mcf,STAR CAREER CONSULTING PTE. LTD.,Wealth Manager (Investment),1,Professional,Contract|Freelance|Full Time|Internship/Attachment,"wealth management consultant(investment) benefits competitive compensation package(monthly allowance + commission + incentives + quarterly bonus + year end bonus) various incentive trips build a growing stream of recurring income professional development and mentorship to break barriers role become a part of our team and start a fulfilling career where you'll make a real difference in the lives of your clients. we are dedicated to delivering exceptional financial guidance and services, empowering our clients to reach their financial goals and ensure a secured future. if you love making a positive impact and enjoy working in a client-focused environment, this is the opportunity for you. responsibilities 1. client acquisition through various prospecting strategies. 2. review prospective/existing client portfolio. 3. propose solutions and planning for client investment and insurance needs. 4. client management and retention. 5. attend and respond to customer queries professionally. 6. service and review financial portfolios in maintaining a long-term customer relationship. requirements · diploma or degree from a recognized institution in any field · passionate to make a difference · adventurous, driven with entrepreneurial spirit; creative problem solver with an open mind · outspoken with excellent communication & interpersonal skills · equally motivated by working independently as well as collaborating in a team we respect your privacy and all communication will be treated with confidentiality. please contact us or apply in-confidence to us with you updated ms word resume to : kelvin@starcareerconsulting.com kelvin (reg. no. r1872625) star career consulting pte ltd (ea license: 20c0353)",0,1,management_consulting,reviewed:veto:seniority-in-title
mcf,XING DA FOODSTUFF (S) PTE. LTD.,Supply Chain Coordinator,0,Junior Executive,Full Time,"vegetable wholesale | full-time | mid-career switchers welcome we are a local vegetable wholesale company supplying restaurants and retail customers across singapore. we are looking for a supply chain coordinator to join our operations team. this role is supported under the workforce singapore career conversion programme (ccp) and includes structured on-the-job training , making it ideal for singaporeans or prs seeking a stable role and a mid-career transition . 🌱 why this role may be right for you stable essential industry (food & vegetables) training provided – no prior supply chain experience required coordination-based role , not physically demanding clear work processes and guidance opportunity for long-term employment 💼 key responsibilities coordinate vegetable orders, deliveries, and warehouse arrangements monitor inventory levels, shelf life, and basic loss records liaise with warehouse staff, drivers, and suppliers update order and inventory records using excel or simple systems support daily supply chain and operations coordination 👤 who we welcome singapore citizens or permanent residents (sc / pr) mid-career candidates aged 45–55 are strongly encouraged to apply no prior supply chain or wholesale experience required basic computer skills (excel / documentation) responsible, willing to learn, and able to communicate with different teams candidates with backgrounds in administration, operations support, customer service, sales support, or coordination roles may be especially suitable. 💰 salary & employment details monthly salary: s$3,500 – s$3,800 (depending on experience) full-time 6-month contract (with opportunity for conversion to permanent role) cpf contributions provided supportive team environment and structured training 📈 career progression supply chain coordinator → senior operations / supply chain executive → operations / supply chain supervisor if you are interest in this job, pls whatspp me directly at 90689296.",1,0,supply_chain,reviewed:route:zero-years
mcf,WHITE SOCIETY PTE. LTD.,WEALTH STRATEGY ADVISOR,0,Executive,Full Time,"develop wealth management strategies for clients: - create tailored wealth management plans aligned with client goals - consider all aspects of client wealth, including investments, taxes, and estate planning - collaborate with clients to set and achieve wealth objectives provide investment advice and planning for wealth growth/protection: - offer investment advice and strategies for wealth growth and protection - provide guidance on asset allocation, risk management, and wealth preservation - help clients navigate complex investment decisions analyze client portfolios and optimize wealth plans: - review and analyze client portfolios and wealth plans - identify areas for optimization and improvement - implement changes to enhance portfolio performance and alignment with goals focus on long-term wealth goals and legacy planning: - help clients set and achieve long-term wealth goals (e.g., retirement, legacy) - consider estate planning, tax efficiency, and intergenerational wealth transfer - provide guidance on philanthropy and charitable giving strategies",1,0,risk_compliance,reviewed:route:zero-years
mcf,SHINRYO CORPORATION,Mechanical Engineer (An Excellent Opportunity for Fresh Graduates),0,Fresh/entry level,Contract|Full Time,"responsibilities perform engineering duties such as design, engineering calculations, planning, tender preparation/evaluations as part of the engineering project team qa/qc documentation of engineering deliverables liaison with clients, project managers, architects, contractors assist in resolving any technical problems faced during project design and/or construction stages any other required duties as required by the project team. minimum qualifications/ experience/skills fresh graduate from electrical/mechanical engineering. advanced skills using company software proven ability to communicate well in written and verbal communications design thinking for product inventions and enhancements motivation and commitment to providing interpersonal customer service knowing and applying current industry standards and information soft skills including a positive attitude, flexibility and conflict resolution the ability to solve problems creatively on time having up-to-date knowledge and technical skills",1,0,engineering,reviewed:route:states-fresh-grad
mcf,RECRUIT EXPRESS PTE LTD,HR Business Partner | Employee Relations & People Strategy #HDC,2,Senior Executive,Temporary|Contract|Part Time|Permanent|Full Time,"join a dynamic organization where you can make a meaningful impact by partnering with business leaders to drive people initiatives and foster a positive workplace culture. if you are passionate about employee engagement, talent management, and providing strategic hr support, this could be the opportunity for you. key responsibilities partner with business leaders and management teams to support business objectives through effective hr strategies and people solutions. advise and guide managers on hr policies, procedures, and best practices to ensure fair and consistent application across the organization. manage employee relations matters, including investigations, grievances, disciplinary cases, conflict resolution, and workplace concerns. support recruitment and workforce planning initiatives to meet operational and business requirements. promote a positive and collaborative work environment by driving employee engagement and maintaining strong employee relations. coach and support managers in performance management, employee development, and people-related matters. work closely with hr teams across the organization to implement hr initiatives, improve processes, and deliver value-added hr solutions. review hr practices and recommend continuous improvements that enhance organizational effectiveness. participate in hr projects, strategic planning, and other assigned initiatives. requirements degree in human resources or a related discipline. at least 2 years of relevant human resources experience. strong understanding of employee relations and hr policies. excellent communication and interpersonal skills with the ability to build strong stakeholder relationships. strong problem-solving, coaching, and people management skills. able to manage multiple priorities in a fast-paced environment. if you are interested in this opportunity, please send your updated resume to careerwithus@recruitexpress.com.sg (attn: business partner – leon). leon leong de cong r1551708 recruit express pte ltd ea license no. 99c4599",0,0,other,reviewed:veto:seniority-in-title
mcf,LYNN AESTHETIC PTE. LTD.,Beauty Salon cum Aesthetic center Sales Consultant,1,Executive,Permanent|Full Time,"job summary join a dynamic beauty salon and aesthetic center serving mid to high-end customers. as a beauty salon sales consultant / aesthetic treatment sales consultant, you will drive sales performance, deliver expert skin consultations, and uphold the company’s professional image. responsibilities deliver professional skin analysis and consultation to guide customers in selecting appropriate skincare products and aesthetic treatments. manage incoming customer enquiries and resolve complaints to maintain high customer satisfaction and loyalty. drive sales of skincare products, facial treatments, slimming services, tcm therapeutic services, and aesthetic treatments to meet and exceed team targets. lead and take ownership of your sales team’s performance, fostering a collaborative and results-driven environment. represent the company’s brand image with professionalism and a customer-centric approach. engage proactively with customers to build rapport and enhance their experience.",0,0,management_consulting,reviewed:no-route
mcf,XINSHA HOLDING PTE. LTD.,Project Engineer,0,Professional,Full Time,"about the role we are seeking a dynamic and proactive project engineer to join our project team. in this role, you will bridge the gap between site execution and project controls. in this role, you will play a key part in coordinating site operations, engineering execution, and project controls to ensure the successful delivery works. whether you are an experienced engineer or amotivated fresh graduate eager to build your career in marine infrastructure, we welcome your application. key responsibilities oversee project works: assist project manager to plan, manage, and monitor marine and reclamation project works to ensure compliance with project specifications,quality standards, and timelines. stakeholder coordination: coordinate closely with contractors, consultants, internal teams, and marine vessel operators. procurement: prepare documents for quotations, source for contractors, evaluate contractor bids and quotations and assist in selecting contractors andsuppliers. technical review: review and analyze technical drawings, layout plans, and construction documentation using autocad. problem solving: actively monitor site progress, identify technical challenges or siteissues, and recommend practical, safe solutions. material tracking: monitor and map material quantities to ensure accurate commercial tracking. team leadership: supervise and manage a small on-site team / subcontractors to ensuresafety, productivity, and high morale. requirements education: degree in civil engineering or a related field. technical skills: proficiency in autocad is required. knowledge of geotechnical engineering principles (soil mechanics, ground improvement, foundation design is highly advantageous. experience: minimum of 3 years of relevant working experience in civil works, ideally with exposure to marine construction, dredging, reclamation, or soil improvement projects. candidates with quantity surveying (qs) knowledge or experience will have an added advantage. fresh graduates with a strong academic background in civil engineering/qs and a passion for marine infrastructure are highly encouraged to apply. soft skills: strong organizational, time-management, and proactive problem-solving abilities. excellent communication skills to coordinate between offshore crews and onshore management.",1,0,engineering,reviewed:route:states-fresh-grad
mcf,NETPOLEON SOLUTIONS PTE LTD,Product Manager,1,Professional,Permanent,"roles & responsibilities: •manages assigned product portfolio and generate sales to achieve revenue, target and budget. •maintains professional and technical knowledge of sales product •build strategic relationship with product vendors and partners to provide solutions to partners and end users. •conduct and assess market and competitive analysis to develop efficient business strategy and generate higher sales revenue. •develops product concept and provide a unique value based on the requirements of clients. •clearly articulate and present the business value of the product to business partners •prepare and conduct periodic product updates and enablement for channel partners •provides business and revenue forecast, including periodic reviews with relevant product vendors on business and sales activities •develops marketing strategies or programmes by collaborating with marketing team •obtains bill of material and pricing by working with presales team on product solution. •facilitates inventory turnover / management / control by reviewing and adjusting inventory levels requirements: •degree/diploma with more than 1-5 years of experience •preferred from cyber security/it industries •proficient in microsoft office softwares •proven business negotiations and presentations skills •possess professional communication skills and relationships management •possess high responsibility and strategic thinking •implement key time-management skills in high demand settings other information: •working hours: 9am to 6pm, monday to friday •salary will commensurate with qualifications and experiences",0,0,product_management,reviewed:veto:seniority-in-title
mcf,PRESTIGE CORPORATE SERVICES PTE. LTD.,Graduate Associate (Finance),0,Fresh/entry level,Full Time,"job responsibilities manage financial and investment portfolios for both corporate (b2b) and individual (b2c) clients, involving investment, risk, and asset management. analyse financial markets and investment funds, including equities, etfs, bonds, and unit trusts. provide integrated wealth solutions across wealth preservation, partnership management and business succession planning. assist with the onboarding and management of clients’ investment portfolios using digital financial platforms such as ifast central. eligibility requirements candidates must possess one of the following academic minimum entry requirements: a full certificate in gce 'a' level; international baccalaureate diploma qualification; diploma awarded by a polytechnic in singapore job type entry level role. full-time and part-time positions available candidates without prior financial industry experience are welcome to apply flexible working hours and hybrid work arrangement what we provide structured training and development program one-to-one mentorship and onboarding support professional growth in an established financial services company opportunities for leadership and career advancement access to branding resources, corporate seminars, and professional development materials performance-based incentives and bonuses",1,0,finance_accounting,reviewed:route:programme
mcf,EA RECRUITMENT PTE. LTD.,Assistant Software Engineer / Software Engineer (SCADA & System Integration),1,Junior Executive,Permanent|Full Time,"well established company basic $3500 to $5500 + aws + vb working location: northeast singapore working hours: 8.30am – 5.30pm (5 days work) candidates with at least one year of software development experience and exposure to a full sdlc may be considered for the software engineer position. candidate with lesser experience and may be considered for the assistant software engineer position. job responsibilities: design, develop, configure, test and integrate software solutions for scada and system integration projects. gather and analyse system requirements and prepare software designs. develop applications using c/c++, c#, python, typescript or other relevant programming and scripting languages. design and configure user-friendly scada screens, animations, alarm displays and system interfaces. configure i/o points and integrate scada software with field controllers and other systems. design and optimise relational databases using mssql, mysql or postgresql. perform in-house software testing, system integration testing and site testing. support software deployment, installation, testing and commissioning at customers’ sites. retrieve and analyse system logs to troubleshoot software, database, network, protocol and communication issues. implement software fixes, patches, enhancements and system upgrades. prepare software documentation, test reports and technical records. provide production and technical support to project teams and customers. requirements: diploma or degree in computer science, computer engineering, electrical engineering, electronics engineering or related discipline. knowledge or experience in two or more programming languages such as c/c++, c#, html5 or unix shell. familiarity with at least one scripting language such as python, bash or typescript. knowledge of relational databases such as mssql, mysql or postgresql. good understanding of computer networks, windows and unix/linux environments. knowledge of rest apis, communication protocols, map engines, scada, rsbms or cybersecurity will be advantageous. candidates with at least one year of software development experience and exposure to a full sdlc may be considered for the software engineer position. candidate with lesser experience and may be considered for the assistant software engineer position. able to provide on-site support and work with customers when required. candidates are encouraged to apply this position via apply now button with the following information in the resume work experiences and job responsibilities current and expected salary reason for leaving date of availability education background we regret that only shortlisted candidates will be contacted. ng diaum yee (r2198031) ea recruitment pte ltd ea license no: 21c0492",0,0,software_engineering,reviewed:no-route
mcf,SEARCHELECT PTE. LTD.,Graduate Career Research (Insights & Coaching),1,Fresh/entry level,Permanent|Internship/Attachment,"about us searchelect is a boutique technology recruitment firm established in singapore in 2011. since our inception, we have partnered with market leaders to connect exceptional talent with high-growth organizations. we are now conducting a research initiative to bridge the gap between graduate expectations and top employers. about the project we are currently conducting an extensive market research initiative to understand what graduates prioritize when evaluating potential employers. our goal is to bridge the gap between graduate expectations and employer offerings, helping companies create more meaningful and attractive career paths for the next generation of talent. why participate? by sharing your insights, you are contributing to a project that directly influences how top employers attract and support graduate talent. as a thank you, you will also receive the following exclusive benefits: insights: gain early access to our ""employer talent report"". toolkit: receive a unique graduate job seeker toolkit designed to help you navigate today’s market. career coaching: participants will be automatically entered into a draw for one of our exclusive, 1-on-1 career coaching sessions. what you will do survey: complete a short (approx. 10–15 minute) survey to share your views on current graduate career expectations and workplace priorities. your perspective: provide your thoughts on what makes an organization stand out to you. who should participate we are looking for recent graduates (2024, 2025, or 2026) and students currently preparing for their first career step, specifically across science, it, and business disciplines. expectations initiative scope: this posting is not for a direct job opening with a specific company. your data: all responses are anonymized and used exclusively for research and market mapping purposes. how to participate if you are interested in shaping the future of graduate recruitment and gaining insights into your own career path, please apply to this posting with your latest resume. to learn more about our background and expertise in the technology recruitment market, visit our company website at www.searchelect.com.",1,1,human_resources,reviewed:route:programme
mcf,FORT FINANCIAL PTE. LTD.,Management Trainee/ Wealth Solutions Consultant,0,Non-executive,Full Time,"job overview we are looking for motivated individuals who are eager to begin or advance their career in the financial services and wealth advisory industry as a management trainee / wealth solutions consultant . this opportunity is designed for those who want to build a strong foundation in client advisory, financial planning, and wealth management. you will receive structured training, hands-on exposure, and continuous mentorship to support your professional growth and long-term career progression. what you will gain a comprehensive 12-week structured training programme personalised 1-to-1 mentorship from experienced industry professionals clear and transparent career progression pathways a supportive, collaborative, and growth-focused team environment flexible working arrangements to promote work-life balance exposure to a wide range of clients and real market experiences continuous learning, workshops, and development opportunities your responsibilities engage with clients to understand their financial goals and needs support the development of tailored wealth and financial planning solutions assist clients in reviewing and updating their financial strategies over time build and maintain strong, long-term client relationships manage existing client portfolios while identifying new opportunities participate actively in training sessions and development programmes ensure all advice and processes are aligned with regulatory and compliance standards who we are looking for diploma, a-level, or degree holders from any field of study strong interpersonal and communication skills highly motivated with a willingness to learn and grow responsible, organised, and proactive able to work independently as well as in a team environment must meet relevant regulatory or licensing requirements where applicable what we value a strong ambition and growth mindset professionalism and attention to detail interest in financial planning, consulting, or client-facing roles benefits & perks flexible work arrangements structured onboarding and continuous training clear career advancement opportunities supportive and collaborative working culture",1,0,management_consulting,reviewed:route:programme
mcf,LONG FAITH PTE. LIMITED,Investment Analyst,1,Fresh/entry level,Full Time,"about the role: we are a family office with a diversified investment portfolio across private equity and cryptocurrency. as part of our long-term strategy, we are gradually expanding into fundamentals-driven public equity investing. this role will primarily support post-investment monitoring and research in private equity and cryptocurrency while progressively gaining exposure to public equity research. the analyst will play a flexible role, contributing across research, investment support, and daily operations, with the opportunity to grow into broader research responsibilities over time. what you will be responsible for: 1. post-investment management monitor and consolidate operational and financial data of portfolio companies and funds; collect, track, and organize relevant publicly available information (e.g. filings, press releases, industry news) related to portfolio companies, funds, and markets; prepare regular post-investment reports and updates for internal stakeholders; maintain ongoing communication with portfolio companies and fund managers to ensure accurate information flow. 2. research & analysis conduct industry and company research in private markets and crypto sectors, including competitive landscapes and emerging opportunities; assist in evaluating investment opportunities, building financial models, and preparing investment memos; gradually expand into public equity research, focusing on fundamentals-driven analysis of listed companies and long-term industry trends. 3. operations & team support assist with investment-related documentation, payment processes, and contract management; prepare meeting notes, maintain records, and support internal systems; contribute to ad hoc projects to ensure efficient team operations. how will you stand out: bachelor’s degree or above, preferably in finance, accounting, economics, business, or related fields; 0–3 years of relevant work experience, preferably in research or buy-side investing; familiarity with crypto, blockchain, or emerging technologies would be a plus; solid foundation in accounting, finance, and data analysis; proficient in excel and powerpoint; genuine passion for investing, with strong intellectual curiosity to learn across asset classes, self-motivation, and ownership; strong analytical and problem-solving skills, with the ability to connect data to real business insights; detail-oriented, responsible, and reliable; able to deliver high-quality work under guidance;",0,0,investment,reviewed:no-route
mcf,BYD (SINGAPORE) PTE. LTD.,Management Associate,0,Professional,Full Time,"roles & responsibilities: 1. work closely with the managing director, following instructions and supporting executive decision making. 2. conduct research in market analysis, perform competitor benchmarking, gather and interpret customer insight to support strategic initiative. 3. assist in preparing report, presentation. 4. participate in business trip as required. 5. any other ad hoc duties assigned by the managing director. requirement / qualification: graduate in any discipline (business administration, logistics, engineering or supply chain management preferred, but not essential). a confident communicator with strong interpersonal skills. ability to think outside the box and work productively in a fast-paced, dynamic environment. demonstrated interest or experience in project management and the ability to manage tasks effectively. energetic, proactive and self-motivated to make an impact.",1,0,general_management,reviewed:route:programme
mcf,ANTAES ASIA PTE. LTD.,Supply Chain Planner,1,Junior Executive,Permanent,"supply chain planner – consultant position job description: - contribute to life science projects for antaes asia clients - own and manage the production schedule down to the daily level, ensuring optimal utilization of manufacturing lines and resources. - generate comprehensive buffer and material requirement lists mapped directly to the detailed schedule to prevent stockouts or production delays. - create, release, and manage process orders and planned orders within the erp system according to the finalized production timeline. - actively identify and deconflict production constraints (e.g., equipment downtime, labor shortages, material delays) to keep manufacturing on track. - participate in the sales and operations planning (s&op) cycle, providing data-driven insights to assess the capacity and technical feasibility of proposed long-term plans. - assist in tracking, analyzing, and reporting on production adherence and schedule compliance metrics to drive continuous improvement. - contribute to the promotion of antaes services on top of assistance provided to clients job requirements: - degree in supply chain management, logistics, business administration, engineering, or a related field. - hands on experience in sap and advanced skills in microsoft excel/spreadsheets. - strong problem-solving skills with the ability to identify bottlenecks and deconflict complex scheduling constraints quickly. - adherence to safety protocols and regulatory compliance - candidate must be highly motivated, be able to work independently as well as in a team and have good organizational and oral and written communication skills",0,0,supply_chain,reviewed:no-route
mcf,J&N VENTURES,Marketing Trainee: One to One Training,0,Fresh/entry level,Full Time,"looking for more than just a first job? build your career with us as an entry-level marketing trainee. receive structured one-to-one mentorship, hands-on experience and develop valuable communication and leadership skills. with strong performance, escalate your career from an entry level role to taking on management responsibilities, while scaling your income as you go. key responsibilities 🧨 execute face-to-face marketing campaigns. engage with customers and represent clients professionally. collaborate with teammates to achieve campaign goals. what we offer 📈 supported career progression; fast track your own advancement 👥 one-to-one mentorship and structured training 🌍 regional & overseas travel opportunities 💬 supportive and collaborative team environment 🤑 performance-based; scale and multiply your income who we’re looking for ☄️ eagerness to break out of comfort zone and maximise growth positive attitude and willingness to learn strong communication and teamwork skills; or looking to develop them no experience required — training provided. only shortlisted candidates will be contacted in 24 hours.",1,0,sales_marketing,reviewed:route:states-fresh-grad
mcf,Singapore Children's Society,Social Worker/Counsellor (Yishun Family Service),1,Professional,Permanent|Full Time,"responsibilities provide consistent and purposeful casework management for cases with multiple needs and safety risks. collaborate with internal and external stakeholders to achieve good case outcomes. perform intake duties as part of intake team, assessing client’s needs and providing recommendation. to undertake any additional responsibilities and duties assigned by director. requirements degree, graduate diploma or master in social work / degree or master in counselling fresh graduate welcome to apply good report writing skill. good interpersonal and communication skills.",1,0,other,reviewed:route:states-fresh-grad
mcf,RAPSYS TECHNOLOGIES PTE. LTD.,Data Scientist - AI & ML,2,Non-executive,Contract|Full Time,"company overview headquartered in singapore with offices in usa, malaysia and india, we partner with multinational companies to deliver advanced technology and business process outsourcing solutions. we focus on customer needs to drive long-term growth and exceed client expectations. job summary lead and manage the full lifecycle of machine learning and ai projects, delivering data-driven solutions that optimize business performance and operational efficiency. responsibilities lead end-to-end machine learning and ai project lifecycles, including problem definition, data exploration, feature engineering, model training, validation, deployment, and performance monitoring develop and implement ml, ai, or optimization models to solve business challenges such as performance improvement, demand forecasting, resource optimization, reliability enhancement, and customer experience collaborate with data and software engineers to deploy ml/ai models in both air-gapped and cloud production environments drive experimentation and continuous learning using ai techniques including time-series forecasting, anomaly detection, computer vision, and natural language processing present actionable, data-driven insights and recommendations to business users to inform decision-making partner with business analysts to identify and assess high-impact ai use cases for feasibility and value manage ai projects and maintain ai infrastructure to ensure operational stability and scalability preferred competencies and qualifications bachelor’s or master’s degree in computer science, computer engineering, statistics, data analytics, applied mathematics, or a related field at least 8 years of relevant data science experience, including 2 or more years in a lead or senior technical role proficiency in python, nifi, airflow, sql, and libraries such as pandas, numpy, scikit-learn, tensorflow, pytorch experience with mlops tools such as databricks, snowflake, and aws sagemaker proficiency in data visualization tools including power bi, qlik, and tableau",0,0,data_science,reviewed:no-route
mcf,DAY ONE PTE. LTD.,MANAGEMENT ASSOCIATE,2,Senior Management,Full Time,"responsibilities including but not limited to: influence business unit leadership to make sound strategic decisions for business provide key analysis of strategic concepts plus financial assumptions along with feasible recommendations assisting the management operations, supporting administrative and clerical tasks, and coordinating with other departments for project support to meet the organization's objectives and profitability goals assisted in developing policies and procedures to ensure greater control and accountability of all departmental functions excellent communication, be organized, and have time-management skills to perform duties in a fast-paced environment technical skills and competencies: active participation in strategic planning process, including development and execution of business campaigns to develop negotiation and presentation skills to communicate effectively and clearly to others to understand of audience engagement and other business support functions to identify key stakeholder relationships, needs and interests, and coordinate with stakeholders on day-to-day basis to collate feedback on different media and understand and present the advantages and / or disadvantages of different communications media options to develop company business campaigns and enhance campaign awareness and campaign visibility",0,0,general_management,reviewed:no-route
mcf,JABIL PROCUREMENT AND SUPPLY CHAIN SERVICES PTE. LTD.,QUALITY ENGINEER,2,Executive,Permanent|Full Time,"the quality engineer ensures product conforms to our customers’ requirements and assists with responding to customer concerns related to product quality in order to deliver exceptional experiences and outcomes. area(s) of responsibility • perform final quality control (qc) checks on inspected product to ensure it conforms to our customers’ requirements • provide training and technical support and assist with responding to customer concerns related to product quality • conduct internal qms and esd audit essential functions • review inspection results and, as needed, perform supplemental inspections on product to determine acceptability of product • document results of final qc checks in velocity’s erp system • communicate inspection findings to the purchasing and sales teams and advise on the actions necessary to resolve issues (if applicable) • coordinate with the operations manager to ensure inspectors are performing inspections to standard • conduct inspection skills and technical trainings for quality inspectors • provide technical support to sales and purchasing departments • assist the quality manager in customer corrective action request • perform other duties as requested by management education, experience, knowledge, and traits education • diploma in electronics engineering or electrical electronics engineering experience • minimum 2 years of experience performing quality inspection on electronic components with demonstrated ability to make valid conformance decisions knowledge • expert product knowledge • familiar with complex erp systems • proficiency with microsoft windows, office (or similar), and web browsers • understanding of basic math, including percentages and tolerances traits • able to effectively coordinate and communicate with others • able to handle high levels of stress and large workloads • able to work on several projects simultaneously • independent • adaptable and flexible • dedicated • detail-oriented and thorough • excellent time management skills • exceptional judgment • organized • problem solver • quick learner • strong written and verbal communication skills",0,0,engineering,reviewed:no-route
mcf,WHITE SOCIETY PTE. LTD.,HSBC Life Wealth Strategy Advisor,0,Executive,Full Time,"develop wealth management strategies for clients: - create tailored wealth management plans aligned with client goals - consider all aspects of client wealth, including investments, taxes, and estate planning - collaborate with clients to set and achieve wealth objectives provide investment advice and planning for wealth growth/protection: - offer investment advice and strategies for wealth growth and protection - provide guidance on asset allocation, risk management, and wealth preservation - help clients navigate complex investment decisions analyze client portfolios and optimize wealth plans: - review and analyze client portfolios and wealth plans - identify areas for optimization and improvement - implement changes to enhance portfolio performance and alignment with goals focus on long-term wealth goals and legacy planning: - help clients set and achieve long-term wealth goals (e.g., retirement, legacy) - consider estate planning, tax efficiency, and intergenerational wealth transfer - provide guidance on philanthropy and charitable giving strategies",1,0,risk_compliance,reviewed:route:zero-years
mcf,TECHZU ICHICODE PTE. LTD.,Business Operations Executive (AI & Automation),2,Executive,Full Time,"about techzu techzu is a singapore-based software development and ai solutions company that helps businesses leverage technology to improve efficiency, automate operations, and accelerate digital transformation. as ai continues to reshape the workplace, we believe technology should simplify work, improve productivity, and enable people to focus on higher-value activities. internally, we are building an ai-first organisation by continuously improving our business operations through automation and intelligent workflows. we are looking for motivated individuals who are passionate about business operations, continuous improvement, and applying ai to solve real business challenges. whether you are an experienced operations professional looking to transition into an ai-enabled career or someone eager to combine business operations with emerging ai technologies, we welcome your application. about the role as a business operations executive (ai & automation) , you will work closely with the managing director and support various business functions including operations, administration, hr, finance, recruitment, and project coordination. beyond supporting daily operations, you will play an important role in identifying inefficient processes, recommending improvements, and implementing ai-powered solutions that enhance productivity across the company. this is an excellent opportunity for individuals who enjoy organising work, solving business problems, learning new technologies, and contributing to meaningful business improvements. key responsibilities 1. business operations coordinate and support the company's daily operational activities. monitor and follow up on internal tasks to ensure timely completion. assist different departments in improving operational efficiency. prepare operational reports, business documents, and meeting minutes. maintain organised records and documentation. assist in developing and improving standard operating procedures (sops). 2. ai & business process automation support techzu's ai-first initiative by helping departments improve productivity through ai and workflow automation. responsibilities include: identify repetitive operational tasks suitable for automation. analyse existing business workflows and recommend process improvements. configure and implement ai agents using modern ai platforms. design prompts, workflows, and knowledge bases for ai assistants. test, refine, and maintain ai workflows. research emerging ai tools and recommend suitable business applications. document ai solutions and best practices. support internal teams in adopting ai tools effectively. this role focuses on applying ai to business operations. no software development or ai programming experience is required. 3. executive & administrative support assist the managing director with daily administrative and operational matters. coordinate meetings, appointments, and business schedules. prepare reports, presentations, proposals, and business correspondence. follow up on action items and ensure timely execution. support company initiatives and special projects. 4. hr & recruitment support coordinate recruitment activities and interview scheduling. communicate with candidates throughout the hiring process. support employee onboarding and offboarding activities. maintain hr records and employment documentation. assist with leave administration, attendance tracking, and hr coordination. 5. finance administration prepare invoices and support payment tracking. process reimbursement and expense claims. maintain organised financial records. coordinate administrative matters with the finance team. assist with procurement and office purchases. 6. project coordination coordinate internal projects across multiple departments. monitor project progress and timelines. follow up on outstanding tasks and deliverables. escalate potential issues where necessary. ensure projects remain organised and well documented. 7. office administration support th",1,0,operations,reviewed:route:states-fresh-grad
mcf,SEARCH PERSONNEL PRIVATE LIMITED,Immigration Sales Consultant,1,Junior Executive,Permanent|Full Time,"position: immigration sales consultant location: tanjong pagar working days: monday to friday, alternate saturday half day working hours: 9.00am - 6.00pm, 9.00am to 1.00pm salary: basic up to $3,500 + commissions up to $5,000 + performance bonus benefits: medical benefits + 14 days annual leave duration: permanent why join? our client is an established immigration consultancy firm in singapore, providing professional advisory services to individuals and families exploring immigration programmes and application options. they are currently looking for a sales-driven consultant to support client engagement, advisory and business growth. responsibilities: identify and develop new sales opportunities through various client engagement channels. arrange daily appointments, conduct sales calls and manage the full sales cycle to close new business. advise clients professionally on immigration programmes and suitable application options. prepare updated proposals, presentation materials and client-facing documents. assess client needs and follow the sales process to achieve individual and team targets. leverage social media platforms to build brand awareness and generate client interest. work closely with other immigration consultants to drive overall sales performance. maintain high service standards and deliver a professional client experience requirements: diploma or above. proven sales track record, preferably in a b2c environment. highly motivated and comfortable working in a target-driven role. strong communication, interpersonal and problem-solving skills. organised, proactive and able to manage follow-ups effectively. social media savvy with confidence in client engagement. team player with strong personal integrity and service mindset. bilingual in english and mandarin to liaise with chinese clients who can converse in mandarin only email to: jeslyn@searchpersonnel.com.sg do visit www.facebook.com/search.personnel and https://www.instagram.com/search.personnel for more job listings and career tips! ***we do not charge our candidates any referral fee nor bind them with any contract.*** jeslyn tan deputy consulting director (apac) reg no.: r21101247 | ea no: 13c6684 our shortlisting process takes 3 working days, and only shortlisted candidates will be contacted. if you do not hear from us within this period, your application was not shortlisted. we encourage you to continue your job search, and we will contact you should a suitable opportunity arise. we wish you all the best.",0,0,management_consulting,reviewed:no-route
mcf,SKILLMATCH RECRUITMENT,🤑YAP AND EARN? NO SALES EXPERIENCE? WE WANT YOU‼️🤑,0,Fresh/entry level,Full Time,"if your friends always say you're the one who never stops talking... why not get paid for it? 😎 no sales experience? no worries. we don't expect you to know everything—we'll teach you everything you need to succeed. 🚀 what you'll do ✨ meet and interact with new people every day ✨ represent exciting brands through face-to-face marketing ✨ learn sales, communication, and leadership skills ✨ be mentored by experienced leaders ✨ grow into leadership opportunities based on performance 🎁 what you'll get 💰 performance-based earnings (the harder you work, the more you earn) 📚 full training provided—no experience needed 📈 fast career progression ✈️ local & overseas travel opportunities 🔥 fun, energetic, and supportive team culture 🎉 regular team bonding, incentives, and recognition 👀 we're looking for people who are: ✅ positive and willing to learn ✅ confident—or ready to become confident ✅ enjoy meeting new people ✅ hungry to grow personally and professionally whether you're a fresh graduate, waiting for school, ord, changing careers, or simply looking for a place where your effort is rewarded—we'd love to meet you. 💬 think you've got the gift of the gab?",1,0,sales_marketing,reviewed:route:states-fresh-grad
mcf,NANYANG TECHNOLOGICAL UNIVERSITY,Research Associate/Research Fellow (Biochemistry and Molecular Biology),0,Professional,Contract|Full Time,"the school of chemistry, chemical engineering and biotechnology (cceb) at ntu singapore, in collaboration with wageningen university & research (wur), is part of singapore indoor farming system (singfarm)—a create-nrf programme focused on building a sustainable, data-driven food production model with strong industry relevance to contribute singapore’s ambition in achieving 20 per cent local production of its fiber (vegetables, mushrooms etc.) by 2035. the candidate would be working in a multinational team at the forefront of singapore’s agricultural innovation and food security. the position of research associate/research fellow will focus on diseases encountered under conditions characteristic for plants grown in indoor farming systems (high humidity, dense planting, limited crop rotation, and recirculating water systems). by coupling disease screens to metabolomic data generated in the project, the aim is to identify plant compounds linked to resistance. the final goal is to engineer metabolite profiles to obtain optimal disease resistance. the work is linked to other work packages related with disease resistance and metabolomics and requires strong collaborative and interdisciplinary skills. key responsibilities: setting up disease assays for relevant pathogens screening of germplasm and populations for disease resistance linking disease data with metabolic data optimizing metabolite content through environmental cues and/or metabolic engineering job requirements: research associate (master’s level) master’s degree in plant pathology, biochemistry, biotechnology, molecular biology and/or a related field strong biochemistry and plant pathology background strong interdisciplinary and analytical skills collaborative and proactive working attitude open and clear communication research fellow (phd level) phd degree in plant pathology, biochemistry, biotechnology, molecular biology and/or a related field demonstrated experience with biochemistry and plant pathology strong interdisciplinary and analytical skills collaborative and proactive working attitude open and clear communication proven ability to lead experiments, analyze data, and publish research we seek a diverse and inclusive workforce and is committed to equality of opportunity. we welcome applications from all and recruit on the basis of merit, regardless of age, race, gender, religion, marital status and family responsibilities, or disability. we regret that only shortlisted candidates will be notified.",0,0,engineering,reviewed:veto:academic-track
mcf,AUDERE MARKETING,(VACANT SPOTS 👀) Sales Beginner (Weekly Pay | Training Provided | No Experience Needed),0,Fresh/entry level,Contract|Part Time|Permanent|Full Time,"🚀 looking to kickstart your career? whether you're a fresh graduate, recently ord-ed, taking a gap year, or exploring your next step, we're looking for motivated individuals who are ready to learn and grow. what you'll be doing: • represent brands through marketing campaigns and events • engage with customers and create positive brand experiences • develop communication, leadership, and interpersonal skills • work closely with a supportive and energetic team what we're looking for: • positive attitude and willingness to learn • comfortable interacting with people • strong team player • self-motivated and goal-oriented why join us? 💵 weekly pay 📈 career development opportunities 🎓 structured training provided 🏆 leadership development 🤝 supportive team environment ✈️ local & overseas exposure opportunities no experience required. we value attitude and willingness to learn above all else. apply today and our hr team will be in touch within 3 working days.",1,0,sales_marketing,reviewed:route:states-fresh-grad
mcf,MILKYWAY INTERNATIONAL CHEMICAL SUPPLY CHAIN PTE. LTD.,Customer Service Executive,1,Executive,Permanent|Full Time,"responsibilities plan, organize and coordinate the movement of shipments based on customer/nominated office for export/import movement inclusive of booking confirmation and meeting customer’s requirements. to provide timely, reliable, and complete update on status of orders to both customer/agents & the internal system. to ensure shipping documents are prepared correctly and sent on time to customers and updating the internal system. to offer sailing schedules and arrange booking with carrier, when required. to prepare invoices timely to customers/agents timely. to coordinate with depot & surveyor to ensure iso tanks are ready for survey/collection. any other work assigned. requirements bachelor’s degree in logistics, supply chain management, international business, or a related field. strong attention to detail and ability to work under pressure. excellent organizational and problem-solving skills.",0,0,supply_chain,reviewed:no-route
mcf,KOUFU PTE LTD,Management Associate,0,Fresh/entry level,Contract|Permanent|Full Time,"oversee the daily operations of outlet for efficient operations work closely with the area manager on strategic business planning and operations develop cost-effective operational plan to achieve outlet’s goals ensure good and prompt service to satisfy customers' needs ensure outlet compliance to all authority regulations including but not limited to hygiene, cleanliness and workplace safety guidelines ensure outlet compliance to company’s regulations such as sales reporting, cash management and inventory controls train and retain outlet staff manpower recruitment and scheduling to achieve optimal productivity monitor inventory levels and replenish stock when needed analyse and resolve problems in a timely and accurate manner regular review to improve cleaning standards, food safety and sanitation perform any duties which may be assigned from time to time from superior requirements: preferably with at least 1 year of f&b related experience in a supervisory role able to multitask and perform in fast paced working environment strong leadership quality with excellent analytical and decision-making skills good communication in verbal and written skills able to work shift hours, weekends and public holiday (6 days a week)",1,0,general_management,reviewed:route:programme
mcf,OLA PARTY PTE. LTD.,#2 Ola Trainee - AI Product Manager (Fresh Grads only!),0,Fresh/entry level,Full Time,"position overview: we are seeking a proactive and talented ai product fresh graduate with a preference for candidates with a background in computer engineering or data science/analytics. this role focuses on enhancing our chatbot companion product and image generation flow, making it an exciting opportunity to work on innovative ai solutions. candidates with experience in ai prompt writing and ai image generation tools will be highly regarded. job responsibilities:  be responsible for establishing the user product matrix;  organize market research for products to identify user needs;  collect and analyze competitor information, and study industry development trends. qualifications: diploma/degree in computer science, it, engineering, business administration, management, economics, marketing (for general pm tracks),data analytics, statistics, or related fields. possess excellent proposal skills and strong presentation abilities. proficiency in written and spoken mandarin is required for this position as the incumbent is required to facilitate seamless communication and technical collaboration with our hq and regional r&d/support teams in china. responsibilities include participating in meetings conducted in mandarin, interpreting technical specifications, and managing project documentation in chinese.",1,0,product_management,reviewed:route:states-fresh-grad
mcf,HYPERSCAL SOLUTIONS PTE. LTD.,"Postdoctoral Fellow (1-year contract), School of Economics",1,Manager,Contract,"company description singapore management university is a place where high-level professionalism blends together with a healthy informality. the 'family-like' atmosphere among the smu community fosters a culture where employees work, plan, organise and play together - building a strong collegiality and morale within the university. our commitment to attract and retain talent is ongoing. we offer attractive benefits and welfare, competitive compensation packages, and generous professional development opportunities - all to meet the work-life needs of our staff. no wonder, then, that smu continues to be given numerous awards and recognition for its human resource excellence. responsibilities to work under a large-scale moe tier 3 project on the ""role of firm-to-firm input-output linkages in transmitting aggregate shocks: impacts on firm-level productivity, labor demand, and innovation."" work spans from data cleaning, compilation, empiricalanalysis, calibration, theoretical modelling, and quantitative simulations. qualifications ph.d. degree in economics with specialty in international trade, global value chains, labor economics, spatial econometrics,productivity estimations, innovations, and/or firm-to-firm network formation. to have knowledge in the quantitative structural modelling of international trade, firm-to-firm production network, firm-level innovationactivities, and firm-level productivity distribution. to have computer programming skills for cleaning firm-to-firm data, empirical estimations, calibration, and quantitative simulations. other information #li-xl1 please note that your application will be sent to and reviewed by the direct employer - singapore management university",0,0,other,reviewed:veto:academic-track
mcf,TECHX VENTURES PTE. LTD.,Senior Analyst /  Analyst,2,Professional,Full Time,"about us techx ventures (txv) is htx’s strategic vehicle for advancing singapore’s leadership in the public safety and security (pss) domain. txv integrates global event platforms with hatch’s innovation incubation capabilities, acting as a catalyst for ecosystem development and a driver of singapore’s international standing in science and technology for pss. through flagship events such as the milipol techx (mtx) and the upcoming def con singapore, txv creates world-class convening platforms that connect governments, industry, innovators, and researchers to accelerate pss innovation and strengthen international partnerships. role: the analyst supports the scouting & insights unit by conducting market and technology research, evaluating startups and companies, and generating actionable insights that inform innovation opportunities for hatch and its mission partners (mps). the role focuses on business and strategic analysis, company due diligence, market scanning, and intelligence development. the position contributes to building a strong pipeline of relevant technologies and startups, strengthening hatch’s capability to support public safety and homeland security innovation. key responsibilities a. market & technology research conduct research on emerging technologies, market trends, and innovation developments relevant to public safety. produce research briefs, thematic insights, sector analyses, and opportunity maps. monitor global ecosystem developments, industry movements, and innovation patterns. b. startup & company evaluation identify startups aligned with challenge statements (cs) and mp innovation needs. conduct business and commercial due diligence, covering business models, traction, market fit, risks, and competitive positioning. prepare structured evaluation reports and recommendations for internal decision-making. maintain updated assessments of startup maturity and suitability for innovation trials. c. scouting support assist in proactive scouting efforts, including pipeline development, sourcing, and ecosystem engagement. maintain and update a curated list of relevant startups and technologies. support initial outreach, information gathering, and exploratory conversations with startups. d. insight synthesis & concept support synthesise research findings into actionable insights for partner success and programs. contribute to conceptual development of innovation themes and opportunity spaces. support refinement of challenge statements through analytical inputs. e. cross-functional collaboration work closely with partner success for cs validation, insight sharing, and mp alignment programs unit for startup selection and program delivery inputs technologists for combined technical-commercial assessments ensure timely sharing of analysis, insights, and evaluation outputs. f. database & knowledge management maintain accurate data in the startup database, including evaluations, scouting notes, and engagement records. ensure analytical outputs are systematically archived and accessible to other teams. g. reporting & documentation prepare structured reports, slides, and internal briefs. support periodic updates on trend intelligence, scouting progress, and startup pipeline health. ensure clarity, rigour, and consistency in all documentation. 3. required competencies technical & functional business and market research startup analysis and due diligence data synthesis and insight generation trend interpretation strong written communication familiarity with innovation and technology ecosystems qualifications & experience analyst (entry–mid level) bachelor’s degree in business, economics, innovation, engineering, public policy, or related fields. 2–5 years of relevant experience in research, analysis, consulting, innovation, or startup ecosystems. experience in due diligence or market analysis is highly advantageous but not mandatory. senior analyst (mid–senior level) bachelor’s degree required; master’s degree preferred (",0,0,other,reviewed:veto:seniority-in-title
mcf,NAT AND NAT SEARCH PTE. LTD.,Legal Associate | 0–3 Years PQE (CL-OC-45),0,Professional,Full Time,"legal associate | 0–3 years pqe (cl-oc-45) interested applicants do reach out via email to claire@2nats.com and please quote cl-oc-12 (do not only apply through this job portal, tq!) job description legal associate | 0–3 years pqe (cl-oc-45) about the opportunity an established singapore law practice is looking to grow its team with junior lawyers from newly qualified to 3 years pqe. this is an attractive opportunity for lawyers looking to build strong foundations in practice within a supportive environment that offers hands-on exposure, direct client interaction and reasonable working hours. the role you will gain exposure across a broad range of contentious and non-contentious matters, including: drafting pleadings, submissions, legal opinions, agreements and correspondence. conducting legal research and advising on a variety of legal issues. supporting and managing disputes, negotiations and other client matters. attending court hearings, mediations, negotiations and client meetings where appropriate. working directly with clients and other stakeholders. taking increasing ownership of matters as your experience develops. requirements newly qualified to 3 years pqe. qualified to practise law in singapore. strong drafting, research and analytical skills. good written and verbal communication skills. practical, proactive and keen to learn. able to work independently while being a collaborative team player. why consider this role? a great platform for junior lawyers looking for strong practical experience without sacrificing work-life balance. you will benefit from: reasonable and sustainable working hours. a supportive and collaborative working environment. close guidance and exposure to experienced lawyers. early client contact and hands-on responsibility. broad legal exposure and opportunities to develop your practice. newly qualified lawyers are encouraged to apply. -- how to apply interested applicants do reach out via email to claire@2nats.com and please quote cl-oc-26 (do not only apply through this job portal, tq!) claire lin xiuxin | ea licence no.: r1103711 co-founder | 2nats (nat & nat search pte ltd | ea: 26c3281) whatsapp (msg only): +65 88921316 | email: claire@2nats.com website: https://2nats.com/ | linkedin: linkedin.com/in/clairelinxx/",1,0,legal,reviewed:route:zero-years
mcf,BUSINESS EDGE PERSONNEL SERVICES PTE LTD,Temporary Officer (Digital Content Strategy & Production),1,Executive,Contract,"job scope: support the development and execution of digital content in line with the communication objectives assist in multimedia campaigns and productions, coordinating with internal teams and external partners as needed contribute to content production workflows, helping to maintain quality and meet project timelines assist in digital storytelling efforts across platforms, adapting content formats to suit different audiences help prepare materials anddocumentation to support the team's ongoing projects requirements: relevant experience in digital content production or multimedia, with an ability to work collaboratively in a team setting familiarity with digital tools and platforms used in content creation understanding of how audiences consume content across different platforms good written communication skills; experience in visual storytelling would be an advantage ability to manage tasks independently and adapt quickly in a fast-paced environment working hours: 9am to 6pm (1 hour unpaid lunch break) contract period: 6 months (estimated: 24 aug 2026 to 24 feb 2027) salary: up to $5000/month location: buona vista ea license no.: 96c4864 reg no.: r26159658 brann leong chun hoe",0,0,other,reviewed:no-route
mcf,HUDSON RPO (SINGAPORE) PTE. LTD.,Junior Execution Trader - Quant,1,Junior Executive,Permanent|Full Time,"join our team as a technically capable and highly precise junior execution trader to support our lng trading team, across all trade execution, quantitative analysis, and process automation. we are a global financial services group operating in 30 markets with 57 years of unbroken profitability. at macquarie, you’re empowered to shape a career that is fulfilling and creates value. you will bring your insights and expertise to the task at hand and feel supported as you make your own kind of impact for a better future. what role will you play? you will work with live market data, orders, positions, pricing, and trading workflows where speed, accuracy, and reliability are critical. this position supports a global trading desk and will be an end to end role as a trader including monitoring orders, fills, positions, execution quality; reconciling trades, analyzing commodity prices; building tools to maintain position monitoring, market analysis; automating repetitive analytical and operational processes. in this role, you will also need to cover london trading hours. what you offer strong working knowledge of python, particularly for data analysis, automation, time series and financial modelling, with advanced excel and practical knowledge of ai a background in finance, economics, mathematics, engineering, physics or data science a genuine interest in commodity and financial markets, with familiarity in futures, derivatives, forward curves, and spreads an advantage exceptional accuracy and the ability to validate data, calculations, code and ai outputs able to work in a fast paced environment and escalate discrepancies promptly, being accountable for your work strong quantitative and analytical skills with previous trading experience an advantage. we love hearing from anyone inspired to build a better future with us, if you're excited about the role or working at macquarie we encourage you to apply. what we offer at macquarie, you’re empowered to shape a career that’s rewarding in all the ways that matter most to you. macquarie employees can access a wide range of benefits which, depending on eligibility criteria, include: 1 wellbeing leave day and 5 additional paid flexi-leave days per year 20 weeks’ paid parental leave for primary caregivers along with 12 days of paid transition leave upon return to work and 6 weeks’ paid leave for secondary caregivers 2 days of paid volunteer leave per annum and donation matching option to purchase additional annual leave benefits and initiatives to support your physical, psychological and financial wellbeing including, comprehensive medical and life insurance cover and additional flexible wellbeing credits access to a wide range of learning and development opportunities, including reimbursement for professional membership or subscription hybrid and flexible working arrangements, dependent on role reimbursement for work from home equipment about commodities and global markets commodities and global markets is a global business offering capital and financing, risk management, market access, physical execution and logistics solutions to its diverse client base across commodities, financial markets and asset finance. inclusion at macquarie we are committed to providing an inclusive environment for all, where different experiences, skills and perspectives are valued and respected. macquarie provides access to opportunities for all individuals regardless of race, colour, religion, sex, sexual orientation, national origin, age, disability, protected veteran status, genetic information, marital status, gender identity or any other characteristic or circumstance. we provide reasonable adjustments to individuals who may need support during the recruitment process and employment. if you require an adjustment, please let us know during the application process.",1,0,quant_trading,reviewed:route:entry-level-title
mcf,EA RECRUITMENT PTE. LTD.,Assistant Software Engineer / Software Engineer (SCADA & System Integration),1,Junior Executive,Permanent|Full Time,"well established company basic $3500 to $5500 + aws + vb working location: northeast singapore working hours: 8.30am – 5.30pm (5 days work) candidates with at least one year of software development experience and exposure to a full sdlc may be considered for the software engineer position. candidate with lesser experience and may be considered for the assistant software engineer position. job responsibilities: design, develop, configure, test and integrate software solutions for scada and system integration projects. gather and analyse system requirements and prepare software designs. develop applications using c/c++, c#, python, typescript or other relevant programming and scripting languages. design and configure user-friendly scada screens, animations, alarm displays and system interfaces. configure i/o points and integrate scada software with field controllers and other systems. design and optimise relational databases using mssql, mysql or postgresql. perform in-house software testing, system integration testing and site testing. support software deployment, installation, testing and commissioning at customers’ sites. retrieve and analyse system logs to troubleshoot software, database, network, protocol and communication issues. implement software fixes, patches, enhancements and system upgrades. prepare software documentation, test reports and technical records. provide production and technical support to project teams and customers. requirements: diploma or degree in computer science, computer engineering, electrical engineering, electronics engineering or related discipline. knowledge or experience in two or more programming languages such as c/c++, c#, html5 or unix shell. familiarity with at least one scripting language such as python, bash or typescript. knowledge of relational databases such as mssql, mysql or postgresql. good understanding of computer networks, windows and unix/linux environments. knowledge of rest apis, communication protocols, map engines, scada, rsbms or cybersecurity will be advantageous. candidates with at least one year of software development experience and exposure to a full sdlc may be considered for the software engineer position. candidate with lesser experience and may be considered for the assistant software engineer position. able to provide on-site support and work with customers when required. candidates are encouraged to apply this position via apply now button with the following information in the resume work experiences and job responsibilities current and expected salary reason for leaving date of availability education background we regret that only shortlisted candidates will be contacted. ng diaum yee (r2198031) ea recruitment pte ltd ea license no: 21c0492",0,0,software_engineering,reviewed:no-route
mcf,FOCUS MANPOWER PTE. LTD.,MANAGEMENT ASSOCIATE,2,Senior Management,Full Time,"job responsibilities including but not limited to: influence business unit leadership to make sound strategic decisions for business provide key analysis of strategic concepts plus financial assumptions along with feasible recommendations assisting the management operations, supporting administrative and clerical tasks, and coordinating with other departments for project support to meet the organization's objectives and profitability goals assisted in developing policies and procedures to ensure greater control and accountability of all departmental functions excellent communication, be organized, and have time-management skills to perform duties in a fast-paced environment technical skills and competencies: active participation in strategic planning process, including development and execution of business campaigns to develop negotiation and presentation skills to communicate effectively and clearly to others to understand of audience engagement and other business support functions to identify key stakeholder relationships, needs and interests, and coordinate with stakeholders on day-to-day basis to collate feedback on different media and understand and present the advantages and / or disadvantages of different communications media options to develop company business campaigns and enhance campaign awareness and campaign visibility",0,0,general_management,reviewed:no-route
mcf,BEEX PTE. LTD.,Robotics Autonomy Software Engineer,1,Non-executive,Permanent|Full Time,"please apply via this link - https://beex.breezy.hr/p/b6b7275b897f-robotics-autonomy-software-engineer beex is seeking an experienced and innovative robotics autonomy software engineer to join our fast-growing deep-tech startup. why join us? we're pioneering the world's most advanced hovering autonomous underwater vehicles (hauvs) and autonomous robotics-as-a-service (araas) to safeguard critical underwater infrastructure in the maritime, energy, and defense sectors while drastically reducing carbon emissions. the industries we serve needs new ways to overcome their current challenges, and beex is delivering exactly that. creating anything new is very hard. to achieve this, we need outstanding people. at beex, everyone is united by enthusiasm for bold innovation. our multi-disciplinary team thrives in dynamic environments, driving transformative advancements globally. what you can achieve at beex depends on what your goals are. by joining our fast-growing startup, you will be exposed to different aspects of deeptech, from design to commercialisation. join us to make a meaningful impact on the world! if you thrive in a dynamic, fast-paced environment and are excited about using cutting-edge robotics to make a meaningful global impact, we want to hear from you. what you'll be doing (job scope) you will be working on the core autonomy stack for our hauvs. you will report directly to the software lead and frequently collaborate with hardware and operational teams. develop mission-critical and safe autonomous mission planning software. develop perception and fusion algorithms utilising sensors such as monocular cameras and sonar/multibeam. train deep learning models (e.g., semantic segmentation networks) for the detection and tracking of targets to enable advanced robotic maneuvers and intervention. implement optimal path planning strategies to ensure efficient inspection coverage, adhering to standards like cswip 3.3u/3.4u. develop middleware drivers to link hardware with the robotics software stack. mentor and guide junior engineers in achieving their technical outcomes. test and debug robotics algorithms using software-in-the-loop (sitl) simulation. what we're looking for (desired qualities & skillsets) we are looking for an outstanding individual who is united by enthusiasm for bold innovation and has a proven background in complex robotic systems. phd/msc in computer engineering or computer science. proficiency in c++ and python within a linux environment. extensive experience writing code for complex robotic systems and familiarity with the robot operating system (ros1) framework. proficiency in the usage of deep learning frameworks such as pytorch. experience with 3d computer vision techniques. experience with slam for localisation methods and various path planning algorithms. experience with sensor and actuator hardware integration. testimonial of 2 other engineers who have worked with you remuneration & benefits we are committed to recognizing and rewarding outstanding talent. market competitive salary. esop / equity participation. growth opportunities aligned with your direct contribution to the company, not an arbitrary corporate ladder. healthcare support support for skills upgrading/learning credits special access to industry events. well-stocked pantry with great snacks please apply via this link - https://beex.breezy.hr/p/b6b7275b897f-robotics-autonomy-software-engineer",0,0,software_engineering,reviewed:no-route
mcf,ROYAL ORG PTE. LTD.,Entry Level Marketing Trainee: Full Coaching Provided,0,Fresh/entry level,Full Time,"looking for more than just your first job? build your career with us as an entry-level marketing trainee. receive structured training, one-to-one mentorship, and hands-on experience while developing valuable communication and leadership skills, with clear opportunities for career progression based on your performance. key responsibilities 🧨 execute face-to-face marketing campaigns. engage with customers and represent clients professionally. collaborate with teammates to achieve campaign goals. what we offer 📈 clear career progression based on performance 👥 one-to-one mentorship and structured training 🌍 regional & overseas travel opportunities 💬 supportive and collaborative team environment 🕒 flexible work arrangements 🤑 performance-based incentives (shared during interview) who we’re looking for ☄️ positive attitude and willingness to learn strong communication and teamwork skills adaptable in a fast-paced environment no experience required — training provided only shortlisted candidates will be contacted within 24 hours.",1,0,sales_marketing,reviewed:route:states-fresh-grad
mcf,RECRUIT NOW SINGAPORE PTE. LTD.,"Corporate Tax Assistant Associate | S$3,500 basic + bonus",2,Junior Executive,Permanent|Full Time,"tax associate s$3,000 – s$3,500 basic 5-day work week (monday to friday), 9:00 am – 6:00 pm convenient cbd location near mrt stations exposure to a diverse client portfolio and various tax disciplines opportunities for professional development and career progression within the tax and accounting field the role we are seeking a motivated tax associate to join our growing team. this role offers hands-on experience in both individual and corporate tax compliance, along with opportunities to work closely with clients and regulatory authorities. key responsibilities prepare and file individual income tax returns accurately and on time. manage corporate tax compliance matters for a portfolio of clients across various industries. liaise with clients and assist in responding to tax-related queries and assessments. support tax engagements involving gst, withholding tax, and other tax compliance matters. work closely with senior team members and managers on tax projects and advisory assignments. maintain strong client relationships and assist with administrative matters, billing, and collections. stay updated on singapore tax regulations and compliance requirements. what we're looking for diploma in accounting, finance, or a related discipline. prior tax or accounting experience. about the company join a well-established professional services firm that provides comprehensive corporate, accounting, tax, and advisory solutions to a diverse portfolio of local and international clients. the firm is committed to delivering high-quality services while fostering a collaborative environment where professionals can develop their technical expertise and build rewarding careers. if you are eager to develop your expertise in taxation and grow your career in a dynamic professional services environment, we would love to hear from you.",0,0,finance_accounting,reviewed:no-route
mcf,AURUM M CAPITAL,CUSTOMER EXPERIENCE / CLIENT RELATIONS EXECUTIVE,0,Fresh/entry level,Contract|Part Time|Permanent|Full Time,"fresh graduate looking for your first job? your first job doesn't have to be boring. we're expanding our team and looking for friendly, motivated individuals who enjoy communicating with people and want to develop valuable workplace skills. fresh graduates are strongly encouraged to apply. what you'll be doing: communicate with clients and customers understand customer requirements provide product/service information assist with customer enquiries maintain good client relationships participate in team meetings and training support business and customer engagement activities requirements: ✔️ fresh graduates welcome ✔️ diploma / degree holders ✔️ no experience required ✔️ comfortable communicating with people ✔️ willing to learn ✔️ positive and responsible attitude 💼 why join us? training: learn everything you need to get started. growth: develop communication, customer service and leadership skills. rewards: basic salary + performance incentives. career: opportunities to progress based on performance. 🚨 limited openings we're currently looking for candidates who can start soon . if you're a fresh graduate currently looking for your first full-time opportunity, send us your application today.",1,0,other,reviewed:route:states-fresh-grad
mcf,BYTEDANCE PTE. LTD.,Machine Learning Engineer Graduate (Local Service Search) - 2026 Start (BS/MS),0,Professional,Full Time,"about us founded in 2012, bytedance's mission is to inspire creativity and enrich life. with a suite of more than a dozen products, including tiktok, lemon8, capcut and pico as well as platforms specific to the china market, including toutiao, douyin, and xigua, bytedance has made it easier and more fun for people to connect with, consume, and create content.​ why join bytedance inspiring creativity is at the core of bytedance's mission. our innovative products are built to help people authentically express themselves, discover and connect – and our global, diverse teams make that possible. together, we create value for our communities, inspire creativity and enrich life - a mission we work towards every day.​ as bytedancers, we strive to do great things with great people. we lead with curiosity, humility, and a desire to make impact in a rapidly growing tech company. by constantly iterating and fostering an ""always day 1"" mindset, we achieve meaningful breakthroughs for ourselves, our company, and our users. when we create and grow together, the possibilities are limitless. join us.​ diversity & inclusion​ bytedance is committed to creating an inclusive space where employees are valued for their skills, experiences, and unique perspectives. our platform connects people from across the globe and so does our workplace. at bytedance, our mission is to inspire creativity and enrich life. to achieve that goal, we are committed to celebrating our diverse voices and to creating an environment that reflects the many communities we reach. we are passionate about this and hope you are too.​ job highlights yoga and fitness, stock options, positive team atmosphere, career growth opportunity, paid leave, flat organization, 100+ mil users, industry experts, competitive compensation, flexible hours responsibilities team introduction our search team enhances local services by improving user discovery of hospitality, dining, and leisure experiences while driving ecosystem growth. they leverage large-scale machine learning to refine search and recommendation systems, focusing on relevance and query understanding improvement by llm, ctr/cvr prediction, and optimize llm powered local service formats in search. we are looking for talented individuals to join our team in 2026. as a graduate, you will get opportunities to pursue bold ideas, tackle complex challenges, and unlock limitless growth. launch your career where inspiration is infinite at our company. successful candidates must be able to commit to an onboarding date by end of year 2026. please state your availability and graduation date clearly in your resume. candidates can apply to a maximum of two positions and will be considered for jobs in the order you apply. the application limit is applicable to our company and its affiliates' jobs globally. applications will be reviewed on a rolling basis - we encourage you to apply early. responsibilities - support the local video service business to enhance user discovery of life services such as hospitality, dining, and leisure. - improve the search experience in local services and promote ecosystem growth. - utilize large-scale machine learning techniques in search and recommendation scenarios with billions of users to: improve user shopping experiences & enhance conversion efficiency. - design and implement local services search algorithms across the full stack, including: query analysis, relevance, recall, coarse ranking, fine ranking, and blended ranking. personalized behavior modeling for relevance computation; ctr (click-through rate) prediction, cvr (conversion rate) prediction. vector recall and value blending. - utilize llms to understand users' complex local service search queries, summarize key points from numerous videos, comments, and poi reviews, and combine all those into structured ai search formats. get involved in real-world ai applications, by building a revolutionized search experience for local service queries like destinat",1,0,data_science,reviewed:route:programme
mcf,ALTIUS ORG,(Entry Level) Marketing ❤️,0,Fresh/entry level,Full Time,"launch your career with us! are you energetic, confident, and passionate about connecting with people? we're looking for motivated individuals to join our growing team as sales & marketing executives. whether you're a fresh graduate, diploma holder, or looking for your first full-time opportunity, we'd love to hear from you. what you'll do promote our products and services through offline channels. build relationships with customers and understand their needs. support marketing campaigns, events, and promotions. generate leads and follow up with potential clients. work closely with the business team to achieve sales goals. stay updated on market trends and customer preferences. what we're looking for a positive attitude and willingness to learn. strong communication and interpersonal skills. self-motivated and goal-oriented. team player with a proactive mindset. no prior experience required—training will be provided. why join us? ✨ competitive salary plus performance incentives ✨ fast-track career growth opportunities ✨ comprehensive training and mentorship ✨ friendly, supportive, and inclusive work environment ✨ opportunities to work on exciting campaigns and projects ✨ develop valuable sales, marketing, and business skills ✨ recognition and rewards for outstanding performance ideal for fresh graduates polytechnic or university students seeking a career opportunity individuals interested in marketing, branding, business development, or sales candidates who enjoy meeting people and learning new skills working hours full-time position we welcome applicants from all backgrounds and are committed to creating an inclusive workplace where everyone can succeed.",1,0,sales_marketing,reviewed:route:states-fresh-grad
mcf,RECRUIT EXPRESS PTE LTD,Temp Patient Service Associate (Hospital - Bed Management) #HZO,0,Fresh/entry level,Temporary|Contract,"location: queenstown salary: $11- $12/ hr duration: sep 2026 to jan 2027 working hours: monday to sunday, including public holidays (24hours/7days) - 3 shifts a) am shift: 8am to 5pm b) pm shift: 11am to 8pm c) night shift: 8pm to 8am job scope: coordinate bed management operations by overseeing patient admissions, transfers, and bed allocation to optimise hospital capacity and patient flow. manage ambulance transfers, liaise with internal stakeholders and external vendors, monitor utilisation, and prepare operational reports. support emergency response activation, including code blue coordination and testing. handle administrative enquiries, maintain patient confidentiality in compliance with pdpa, contribute to process improvements, and support departmental projects and operational excellence. job requirements: min. a level/ diploma in any field able to commit till jan 2027 keen interest in healthcare industry interested candidates may apply by submitting their updated resume to melissa@recruitexpress.com.sg melissa zhang zhiqi (mezzo) cei no: r2197564 recruit express pte ltd (healthcare & life science) | 99c4599",1,0,operations,reviewed:route:zero-years
mcf,LOOK CAPITAL PTE. LTD.,Strategy Associate,2,Professional,Full Time,"about the role we are looking for a strategy associate to support the firm’s strategic planning and key business initiatives. the role will work closely with senior management and cross-functional teams to evaluate growth opportunities, conduct market and industry research, and drive selected strategic projects from analysis through execution. this is a relatively independent role suited to someone who combines strong analytical capabilities with sound business judgment and the ability to communicate effectively with senior stakeholders. key responsibilities conduct market, industry and competitor research to identify emerging trends, business opportunities and potential risks. support the development and refinement of the firm’s short- and long-term strategic priorities. evaluate new business opportunities, strategic partnerships and selected investment-related initiatives. develop financial analyses, business cases and management presentations to support decision-making. lead or coordinate selected strategic projects, working across investment, client, technology and operational teams. track the progress and impact of key initiatives and provide regular updates and recommendations to senior management. support ad hoc strategic analysis and special projects initiated by the leadership team. contribute insights into developments within the family office, wealth management and broader financial services ecosystem. requirements bachelor’s degree from a reputable university; a degree in business, finance, economics or a related discipline is preferred. approximately 2–5 years of relevant experience in strategy consulting, corporate strategy, investment, family office, wealth management or a related field. strong analytical and problem-solving skills, with the ability to structure ambiguous questions and translate analysis into practical recommendations. comfortable taking ownership of projects and working with a high degree of independence. strong communication and presentation skills, including the ability to engage senior internal and external stakeholders. proficiency in financial analysis, powerpoint and excel. professional proficiency in both english and mandarin is preferred in order to communicate with clients and counterparties in both languages. experience or exposure to family offices, private wealth or investment businesses would be an advantage. what we look for intellectual curiosity and strong commercial awareness. good judgment, maturity and discretion. a hands-on and execution-oriented mindset. the ability to operate effectively in a fast-moving and entrepreneurial environment.",0,0,strategy_consulting,reviewed:no-route
mcf,PSB ACADEMY PTE. LTD.,​​Graduate Trainee​ (Marketing and International Student Recruitment),0,Junior Executive,Contract|Full Time,"the graduate trainee (gt) programme is a special management development programme for psb academy fresh graduates. designed to give trainee hands-on experience, trainees are assigned duties and tasks that enable them to learn the different aspects of the business and interact with managers and the management team. the programme entails a 1-year contract, with each department rotation every 3 to 6 months below shows the opportunities available. role 1 department: marketing, university partnerships – coventry university marketing management support marketing team in developing creatives and/or campaigns for recruitment purposes support marketing team in the execution of said campaigns, and participation in recruitment and marketing events work with external vendors on the production of assets and other marketing items student profile sourcing work closely with marketing, admissions, academic and student services team to source for student profiles that can be used in marketing materials coordinate student interaction and involvement in marketing efforts work closely with marketing team for execution of deliverables involving student participation others ensure all localized assets adhere to brand guidelines work closely with team to timely understand the needs of the market and achieve synergized branding objectives role 2 department: international student recruitment (china) assist campus tours for recruitment partners, potential students and parents work closely with stakeholders including in-country representatives and recruitment agents to support their respective recruitment and marketing plans. collaborate with cross functional departments including business units and recruitment team to achieve optimum enrolment outcomes. attend to chinese students queries via phone, email and/or face-to-face participate in recruitment fairs/seminars/events job requirements degree preferably in marketing, communications or business-related disciplines. strong written, verbal, analytical and presentation skills strong english proficiency detail oriented positive attitude, confident and resourceful willingness to learn and ability to work independently with minimal supervision team player ability to work in a fast-paced environment good knowledge of education market conditions proficiency in word, excel and powerpoint willing to support official events that may take place outside of standard office hours.",1,0,human_resources,reviewed:route:programme
mcf,WAVEWORKS,🌟 Graduate Sales & Marketing Associate,0,Fresh/entry level,Part Time|Permanent|Full Time,start your career with real business experience forget coffee runs and admin work. you'll gain exposure to: b2b sales marketing campaigns client management business development why join us? ✅ mentorship from senior leaders ✅ clear promotion path ✅ recognition & rewards ✅ friendly team culture ✅ ongoing professional development no prior experience needed.,1,0,sales_marketing,reviewed:route:programme
mcf,WHITE SOCIETY PTE. LTD.,INVESTMENT ADVISOR,0,Executive,Full Time,"provide investment advice and guidance to clients: - offer personalized investment advice and recommendations - help clients understand investment options and strategies - provide guidance on portfolio management and asset allocation manage client portfolios and develop investment strategies: - create and manage client investment portfolios - develop investment strategies aligned with client goals and risk profile - monitor and adjust portfolios as needed conduct market research and due diligence on investments: - research investment products, markets, and trends - assess investment opportunities and risks - conduct due diligence on potential investments ensure client investments meet their goals and risk profile: - ensure investments align with client objectives and risk tolerance - monitor portfolio performance and adjust as needed - communicate regularly with clients on portfolio performance and strategy",1,0,strategy_consulting,reviewed:route:zero-years
mcf,MARS CONSULTING PTE. LTD.,Recruitment & HR Consulting Sales,0,Junior Executive,Contract|Full Time|Internship/Attachment,"employment type: traineeship (3–6 months, convertible to full-time) location: singapore key responsibilities drive business development initiatives in recruitment and hr consulting services. support end-to-end recruitment consulting projects, including job analysis, candidate sourcing, interview coordination, and client advisory. engage prospective clients to understand hr outsourcing needs and propose tailored solutions. prepare proposals, pitch decks, and client presentations to support sales activities. maintain accurate crm records, monitor sales pipeline, and generate performance reports. collaborate with hr operations and payroll teams to ensure seamless delivery of consulting services. qualifications fresh graduate with a degree/diploma in business, human resources, or related discipline. strong communication, negotiation, and client engagement skills. interest in hr consulting, recruitment processes, and business development. familiarity with recruitment platforms (linkedin, jobstreet, indeed) is advantageous. self-driven, results-oriented, and eager to develop consultative sales expertise. training & development structured mentorship in recruitment consulting and hr business development. exposure to client-facing projects and hr advisory engagements. participation in sales training workshops and industry networking events. clear career pathway to recruitment consultant / hr business development executive.",1,1,human_resources,reviewed:route:states-fresh-grad
mcf,ONE PLUS ONE HUMAN RESOURCES PTE. LTD.,MANAGEMENT ASSOCIATE,2,Senior Management,Full Time,"responsibilities including but not limited to: influence business unit leadership to make sound strategic decisions for business provide key analysis of strategic concepts plus financial assumptions along with feasible recommendations assisting the management operations, supporting administrative and clerical tasks, and coordinating with other departments for project support to meet the organization's objectives and profitability goals assisted in developing policies and procedures to ensure greater control and accountability of all departmental functions excellent communication, be organized, and have time-management skills to perform duties in a fast-paced environment technical skills and competencies: active participation in strategic planning process, including development and execution of business campaigns to develop negotiation and presentation skills to communicate effectively and clearly to others to understand of audience engagement and other business support functions to identify key stakeholder relationships, needs and interests, and coordinate with stakeholders on day-to-day basis to collate feedback on different media and understand and present the advantages and / or disadvantages of different communications media options to develop company business campaigns and enhance campaign awareness and campaign visibility.",0,0,general_management,reviewed:no-route
mcf,AGENCY FOR INTEGRATED CARE PTE. LTD.,Senior / Community Care Associate (S / CCA) in Community Care Sector #jobredesign #CCA,0,Non-executive,Permanent|Full Time,"note: your application will be referred by agency for integrated care to hiring community care organisations for potential career opportunities. the role of a community care associate (cca) or senior community care associate (scca) is to provide quality day-to-day daily living care for residents or clients in a nursing home or senior care centre, in line with the community care sector’s aims to provide singapore’s elderly with a dignified life. a cca and scca will be trained in cross-functional areas such as nursing and therapy, and will work closely with clinical and therapy teams to promote maintenance of resident’s independent living skills through holistic care and deploying cross-functional skills. as a cca or scca, you will provide seniors with: assisted daily living and support (personal hygiene, feeding, transfers) holistic care to support their psychosocial well-being by curating recreational programmes and activities, supervising and engaging seniors, and developing a supportive relationship with seniors and family members holistic care to support their physical and clinical well-being through mobility training and integrating maintenance rehabilitation activities into their daily routine, assisting to serve pre-packed medication and applying prescribed topical medication, performing basic wound care independently and administering subcutaneous insulin injections (for sccas only). to be eligible, you must meet the following criteria: passionate and have a heart of care for our seniors exposure to healthcare setting advantageous candidates with more than 2 years of local healthcare experience will be considered for the scca position candidates having no experience are welcome to apply. successful applicants will be contacted by community care organisations for prospective job offers in their organisations. actual salary offered will be dependent on experience and decided between the prospective employer and applicant.",1,0,other,reviewed:route:zero-years
mcf,JOB EXPRESS SERVICES PTE. LTD.,Management Associate (Chinese cuisine) (Up to $3600),1,Non-executive,Full Time,"title: management associate (chinese cuisine) id: 6078 working hrs: 6 days per week salary: $3150 - $3600 location: island wide job responsibilities: • handle day-to-day restaurant operations including service, food ordering, reservations, and cashiering. • attend training for both non-supervisory and supervisory roles. • learn and perform all functions independently, progressing towards assistant manager. • lead and manage operations while upholding company vision, mission, and values. • ensure compliance with all company policies and procedures. • perform any other duties assigned by the restaurant manager.",1,0,general_management,reviewed:route:programme
mcf,ENVIRODYNAMICS SOLUTIONS PTE. LTD.,AI Product Manager (B2C) - Apps/Software,1,Manager,Permanent|Full Time,"what you’ll do own and drive end-to-end ai product lifecycle — from problem discovery, market and user research, requirement definition, roadmap planning, development execution, launch, and continuous optimization. define ai product vision and strategy aligned with business goals, global market needs, and competitive landscape. translate complex business problems into clear ai/ml product requirements, user stories, and acceptance criteria for engineering and data teams. work closely with ai engineers, data scientists, ux designers, and backend teams to deliver scalable, reliable, and ethical ai solutions. lead data-driven decision-making by analyzing user behavior, model performance, product metrics, and experiment results (a/b testing, model iteration outcomes). conduct in-depth market and customer research across regions, including enterprise and consumer users, to identify ai use cases, pain points, and monetization opportunities. manage ai model lifecycle considerations such as data quality, model performance, explainability, bias, compliance, and deployment readiness. partner with go-to-market, sales, and marketing teams on ai product positioning, launch planning, and customer enablement. drive continuous improvement through user feedback, performance tracking, and iterative enhancements. contribute to the company’s international ai product strategy, including expansion planning, localization, and regional compliance considerations. act as a key stakeholder and product owner, balancing business impact, technical feasibility, and user value. travel or relocate internationally when required to support product rollout, regional teams, or strategic initiatives. who we’re looking for bachelor’s degree or above in computer science, data science, ai, information systems, engineering, business, or related fields. 3–5 years of experience in product management, preferably with ai/ml-driven, data, platform, or intelligent products. strong understanding of ai/ml concepts (e.g. model training lifecycle, inference, data pipelines, evaluation metrics) — not required to code, but must “speak the language”. proven experience owning product roadmaps, prds, and delivery in agile development environments. strong analytical mindset with the ability to turn data and insights into clear product decisions. excellent stakeholder management and communication skills, especially when working with engineering and data teams. experience working in or exposure to international / cross-cultural teams is a strong advantage. high adaptability, ownership mindset, and ability to thrive in fast-moving environments. strong interest in global ai products and international markets. permanent residency in the country of employment. willingness to travel frequently and relocate for international assignments when required. interested candidates kindly click the apply now button. by submitting your personal data and/or resume, you give consent to the collection, use and disclosure of your personal data and/or resume by the company (or its agent) for the purpose of the processing and administration by company relating to this job application. only shortlisted candidates will be notified envirodynamics solutions pte ltd i ea license no.: 12c6285 ng chin shen i reg. no: r25127347 email cv to : jasonng@envirodynamics.com.sg",0,0,product_management,reviewed:no-route
mcf,ASCEND MARKETING SOLUTIONS,Sales Management Associate,0,Fresh/entry level,Temporary|Contract|Permanent|Full Time,"sales management associate (entry level) ascend marketing solution at ascend marketing solution, we build brands through high-energy, face-to-face customer engagement, and we grow people even faster. as a sales management associate, you’ll represent leading brands by meeting customers face-to-face, building relationships, introducing products and services, and helping drive sales results through events and direct marketing campaigns. this is a customer-facing role where you’ll develop confidence in communication, sales, and leadership while working alongside experienced mentors. every day is different, giving you real-world experience interacting with people and learning what it takes to lead high-performing sales teams. we’re looking for driven, coachable individuals with a competitive mindset. experience is a bonus, but attitude, willingness to learn, and a passion for working with people matter most. if you’re hungry to perform, enjoy meeting new people, and want to fast-track your career in sales and leadership, ascend marketing solution is your next move. 🚀",1,0,sales_marketing,reviewed:route:states-fresh-grad
mcf,ET MARKETING PTE. LTD.,Fresh Graduate Opportunity – Financial Services Consultant,0,Fresh/entry level,Full Time,"aunch your career in finance | training provided | high earning potential are you a fresh graduate looking for an exciting career with unlimited growth opportunities? if you're driven, ambitious, and eager to succeed , this role is your chance to build a rewarding career in financial services ! what’s in it for you? ✅ comprehensive training & mentorship from industry experts ✅ attractive income potential (commission + incentives + bonuses) ✅ fast-track career progression with leadership opportunities ✅ personal development – sharpen your communication & negotiation skills ✅ a supportive & dynamic work environment who should apply? 🎓 fresh university/poly graduates from any discipline 💡 individuals with strong interpersonal skills & an entrepreneurial mindset 🔥 motivated self-starters who want to make an impact 📩 ready to build a fulfilling career? apply now and take the first step!",1,0,management_consulting,reviewed:route:programme
mcf,E&L KITCHEN PTE. LTD.,MANAGEMENT ASSOCIATE,2,Senior Management,Full Time,"responsibilities including but not limited to: influence business unit leadership to make sound strategic decisions for business provide key analysis of strategic concepts plus financial assumptions along with feasible recommendations assisting the management operations, supporting administrative and clerical tasks, and coordinating with other departments for project support to meet the organization's objectives and profitability goals assisted in developing policies and procedures to ensure greater control and accountability of all departmental functions excellent communication, be organized, and have time-management skills to perform duties in a fast-paced environment technical skills and competencies: active participation in strategic planning process, including development and execution of business campaigns to develop negotiation and presentation skills to communicate effectively and clearly to others to understand of audience engagement and other business support functions to identify key stakeholder relationships, needs and interests, and coordinate with stakeholders on day-to-day basis to collate feedback on different media and understand and present the advantages and / or disadvantages of different communications media options to develop company business campaigns and enhance campaign awareness and campaign visibility",0,0,general_management,reviewed:no-route
mcf,JK & REAL CORPORATION PRIVATE LIMITED,Digital Marketing Executive  (FT/PT)Undergraduates/Fresh grads  welcomed!,0,Fresh/entry level,Permanent,"commitment initial contract duration: 3 months (part-time) - transitional to full time working hours: minimum 2–3 days per week, 4 hours per day. performance review: at the end of the initial 3-month contract, employees will undergo a performance review. based on performance, business needs, and mutual suitability, there may be an opportunity to transition into a full-time social media marketing executive role. should the employee decide to leave before the contract end date, a 2-week notice period must be served. job description we are looking for a creative and motivated social media marketing executive to support our digital marketing initiatives. this transitional role is ideal for individuals who are passionate about digital marketing and are looking to build a long-term career with us. the role begins on a part-time basis for the first three months, allowing both the employee and the company to assess suitability. employees who demonstrate strong performance may be offered opportunities to continue their career with us through various progression pathways. position scope the duties and responsibilities listed below constitute the primary scope of work for this role. from time to time, additional duties may be assigned based on operational requirements. such duties will be reasonable, relevant to the position, and aimed at supporting the employee's professional growth and development. responsibilities create engaging content for social media platforms. design marketing materials and promotional content. schedule and manage social media posts. monitor social media engagement and audience interactions. assist in planning and executing digital marketing campaigns. support branding and promotional initiatives. create advertisements for events and promotional campaigns. manage content across platforms including, but not limited to, instagram, tiktok, linkedin, youtube (podcast), and facebook. assist with photography and videography during events when required. be open to undertaking other ad-hoc duties as assigned. requirements current polytechnic or university student, fresh graduate, or individuals with an interest in digital marketing are welcome to apply. strong communication and organisational skills. creative mindset with an interest in digital marketing. willingness to learn about the financial services industry. able to commit to the minimum weekly working hours. must complete all four required examination papers within 3–6 months (extension may be granted where applicable). career progression this is a transitional role designed to provide a pathway into a long-term career with the organisation. following the initial 3-month part-time contract , employees will undergo a performance review. based on their performance, business needs, and career aspirations, candidates may be offered one of the following pathways: extend as a part-time social media marketing executive on a renewed contract to continue gaining industry experience and developing their marketing skills. transition into a full-time social media marketing executive role, subject to satisfactory performance and organisational requirements. transition into a part-time or full-time financial advisor role upon successful completion of the required examination papers and meeting the necessary performance and licensing requirements. this flexible career pathway allows employees to continue building a career in digital marketing, explore opportunities in financial advisory, or further develop their skills through an extended part-time arrangement. benefits & rewards competitive hourly salary (cpf included). flexible working arrangements during the initial part-time period. opportunity to transition into a full-time role based on performance. exposure to the financial planning, investment, and insurance industry. hands-on experience in digital marketing, branding, content creation, and campaign management. opportunities to network with industry professionals. clear ",1,0,sales_marketing,reviewed:route:states-fresh-grad
mcf,ZENITH MARKETING SOLUTIONS PTE. LTD.,Sales & Marketing Management Trainee (Career Progression & Travel Opportunities),0,Fresh/entry level,Full Time,"ready to kick-start your career in a dynamic and fast-paced environment? we are looking for driven individuals to join our team as a sales & marketing management trainee . this role offers the opportunity to gain hands-on experience in sales, marketing, and leadership while working with established brands and like-minded individuals. through structured training and mentorship, you will develop valuable communication, customer engagement, and business skills, with clear opportunities for career progression based on performance. responsibilities represent clients and brands through face-to-face sales and marketing campaigns engage with customers to create positive brand experiences drive customer acquisition and brand awareness initiatives work closely with the team to execute campaigns and achieve objectives support event and campaign coordination develop leadership and team management skills through ongoing training requirements strong communication and interpersonal skills positive attitude and eagerness to learn self-motivated and growth-oriented mindset comfortable interacting with people in a customer-facing environment able to work independently and as part of a team no prior experience required as training will be provided what you'll gain 🚀 structured training & personalised mentorship 📈 clear career progression opportunities 🌏 local & overseas travel opportunities 🏆 performance-based incentives & recognition 🤝 positive and supportive team environment 💼 exposure to leadership and business development if you are ambitious, enjoy working with people, and are looking for an opportunity to grow both personally and professionally, we would love to hear from you.",1,0,sales_marketing,reviewed:route:states-fresh-grad
mcf,ALLIED OUTSOURCING SERVICES PTE. LTD.,Accounting Associate,2,Professional,Full Time,"allied outsourcing services seeks full time accounting professionals to join in the positions of associate, senior associate, and accounting supervisor. job highlights attractive remuneration package career advancement dynamic and fast pace working environment roles & responsibilities maintain and handle full set of accounts for different clients and ensure timely record of accounting transactions responsible for day-to-day accounting functions, monthly hr/payroll processing and quarterly gst filing checking, verifying and processing expenses submitted by clients ensure all payments and receipts are properly authorised and recorded in accordance with accounting best practices preparation of accounting schedules, reconciliation of accounts, management & cash flow reports. ensure timely and accurate month end-closing and financial reporting compiling unaudited financial statements in accordance with sfrs coordinate and liaise with external parties such as external auditors, tax agents, local tax and government authorities as and when required any other ad-hoc duties as assigned and required by the company qualifications and experience requirements pursuing/ qualifications in acca, or accounting, tax or business degree/diploma at least 2 years of relevant experience for associates and 4 years of relevant experience for senior associates in accounting related environments for senior associate roles and above, experience supervising staff/team is required preferred skills knowledge of singapore compliance laws with acra, iras and cpf board good knowledge and hands-on experience with cloud based accounting and payroll software such as quickbooks on-line, xero and/or justlogin proficient in ms office applications additional notes excellent written and verbal communication skills results-oriented and able to meet deadlines with a strong sense of responsibility self-driven and self-motivated, amiable personality and a good team player able to work independently with minimum supervision fast learner, hardworking, meticulous, takes initiative, and have interpersonal skills. prior experience in an accounting, audit or tax firm is an advantage interested candidate who wish to apply for the above position, please email us an updated copy of your resume. email address: enquiry@acsgrp.com.sg candidates who apply for the above position are deemed to have consented to us that we may collect, use or disclose your personal information for purposes in connection with the services provided by us. only shortlisted candidates will be notified for interview.",0,0,finance_accounting,reviewed:no-route
mcf,AVARON PTE. LTD.,"🚀 Fresh Graduates, ORD Personnel & Career Switchers – Start Your Next Chapter With Us!",0,Fresh/entry level,Permanent|Full Time,"looking for more than just a job? if you're eager to learn, grow, and challenge yourself, we'd love to meet you. whether you're a fresh graduate, have just completed ns, or are looking for a career change, no prior experience is required—we'll provide the training and support you need to succeed. 🌟 what you'll get 💰 competitive performance-based earnings and incentives 📚 personalised one-to-one training and mentorship 📈 clear and fast career progression opportunities 🎉 a fun, supportive, and driven team environment ✈️ overseas travel and exposure opportunities 🏆 recognition and rewards for outstanding performance 💼 what you'll do • meet and engage with customers through face-to-face interactions • represent brands professionally and build customer relationships • develop communication, sales, and problem-solving skills • work closely with a motivated and collaborative team • grow into leadership roles with increased responsibilities over time 🌱 we're looking for people who ✅ enjoy meeting and connecting with others ✅ have a positive attitude and are eager to learn ✅ are willing to challenge themselves and step outside their comfort zone ✅ take pride in their work and have a strong work ethic ✅ want to build both their career and personal development no experience? no problem. we believe attitude matters more than experience, and our training programme is designed to help you build the skills and confidence to succeed. 📩 think you're a good fit? we'd love to hear from you. apply today and take the first step towards an exciting and rewarding career. limited positions available!",1,0,other,reviewed:route:states-fresh-grad
mcf,FOCUS MANPOWER PTE. LTD.,MANAGEMENT ASSOCIATE,2,Senior Management,Full Time,"job responsibilities including but not limited to: influence business unit leadership to make sound strategic decisions for business provide key analysis of strategic concepts plus financial assumptions along with feasible recommendations assisting the management operations, supporting administrative and clerical tasks, and coordinating with other departments for project support to meet the organization's objectives and profitability goals assisted in developing policies and procedures to ensure greater control and accountability of all departmental functions excellent communication, be organized, and have time-management skills to perform duties in a fast-paced environment technical skills and competencies: active participation in strategic planning process, including development and execution of business campaigns to develop negotiation and presentation skills to communicate effectively and clearly to others to understand of audience engagement and other business support functions to identify key stakeholder relationships, needs and interests, and coordinate with stakeholders on day-to-day basis to collate feedback on different media and understand and present the advantages and / or disadvantages of different communications media options to develop company business campaigns and enhance campaign awareness and campaign visibility",0,0,general_management,reviewed:no-route
mcf,ANRADUS PTE. LTD.,Software Developer / Software Engineer #10123,2,Fresh/entry level,Permanent|Full Time,"job description industry/ organization type: manufacturing and production position title: software developer / software engineer working location: kallang working hours: 5 days (monday to friday : 9.00am to 6.00pm) salary package: basic + aws + variable bonus + medical benefits duration: 1 year contract (convertible to permanent role) key responsibilities maintain, improve, design, and develop desktop application software for car parking systems. develop front-end applications and back- end applications. troubleshoot and resolve software or production issues. support windows desktop application development when required. work with internal teams to understand requirements and deliver software solutions. design user-friendly program interfaces. perform any other ad-hoc duties as assigned. apply now!!! diploma or degree in computer science, software engineering, information technology, or related field. at least 2 years of software development experience. experience in react, javascript, node.js, restful apis, and sql server. basic knowledge of html, css, computer hardware components, and byte data communication. experience in .net, windows forms, or windows desktop applications will be an advantage. kindly apply through any of the following methods: submit your application by clicking the apply button; email your resume to job@anradus.com.sg. please indicate #10123 on the email subject. anradus application policy: we value each application and ensure every resume is reviewed. our process is efficient, typically concluding within 3 working days . if you do not receive communication from us within this timeframe, it's likely that your application has not been shortlisted by our client. in such cases, we recommend continuing your job search to maximize your opportunities. anradus pte ltd | ea license no. 20c0161 | angel lim | ea reg no.: r1769781",0,0,software_engineering,reviewed:no-route
mcf,ROYAL ORG PTE. LTD.,Marketing Trainee: No Experience Required,0,Fresh/entry level,Full Time,"looking for more than just your first job? build your career with us as an entry-level marketing trainee. receive structured training, one-to-one mentorship, and hands-on experience while developing valuable communication and leadership skills, with clear opportunities for career progression based on your performance. key responsibilities 🧨 execute face-to-face marketing campaigns. engage with customers and represent clients professionally. collaborate with teammates to achieve campaign goals. what we offer 📈 clear career progression based on performance 👥 one-to-one mentorship and structured training 🌍 regional & overseas travel opportunities 💬 supportive and collaborative team environment 🕒 flexible work arrangements 🤑 performance-based incentives (shared during interview) who we’re looking for ☄️ positive attitude and willingness to learn strong communication and teamwork skills adaptable in a fast-paced environment no experience required — training provided only shortlisted candidates will be contacted within 24 hours.",1,0,sales_marketing,reviewed:route:states-fresh-grad
mcf,DXC TECHNOLOGY SERVICES SINGAPORE PTE. LTD.,Data & AI Solutions Trainee,0,Fresh/entry level,Temporary,"data & ai solutions trainee (grit programme) about dxc technology dxc technology helps global companies run their mission-critical systems and operations while modernizing it, optimizing data architectures, and ensuring security and scalability across public, private, and hybrid cloud environments. we are seeking motivated and passionate graduates to join our data & ai team through the graduate industry traineeships(grit) programme . about the grit programme the graduate industry traineeships (grit) programme is an initiative by the skills and workforce development agency (swda) that provides fresh graduates with structured traineeship opportunities across various industries for a period of 3 to 6 months. the programme aims to support fresh graduates with no prior working experience by providing hands-on industry exposure and practical skills development. through structured training and real-world project experience, trainees gain industry-relevant competencies that support their transition into full-time employment. about the role the data & ai solutions trainee will support dxc technology's data & ai team in delivering data-driven solutions for enterprise clients. this traineeship provides hands-on exposure to real-world data engineering, analytics, artificial intelligence, and machine learning projects within a global it services environment. the trainee will work alongside experienced data scientists, ai engineers, solution architects, and consultants to develop foundational skills in data management, ai technologies, and enterprise-grade digital solutions. this role is ideal for motivated graduates who are passionate about data, analytics, artificial intelligence, and emerging technologies and are eager to apply their academic knowledge in a professional environment. key responsibilities assist in data collection, cleansing, transformation, and preprocessing activities for analytics and ai/ml projects. support the development and testing of data pipelines and etl (extract, transform, load) processes. build and maintain dashboards, reports, and visualizations for internal and client-facing projects. participate in machine learning model development, testing, and evaluation under supervision. conduct research on emerging ai, machine learning, and data engineering technologies and best practices. document technical processes, workflows, methodologies, and project findings. perform data validation and quality assurance activities. support solution teams in preparing presentations, demonstrations, and technical documentation. participate in agile ceremonies, sprint reviews, and knowledge-sharing sessions. perform database queries, data extraction, and basic analysis tasks as assigned. collaborate with cross-functional teams on innovation and ai-driven initiatives. technical skills & competencies applicants should possess basic to intermediate knowledge in at least two (2) of the following areas: programming languages python sql react node.js ai tools & platforms cursor replit claude code other ai-assisted development and productivity tools databases mysql postgresql microsoft sql server ai frameworks n8n langchain other ai orchestration frameworks cloud platforms basic understanding of aws, microsoft azure, or google cloud platform (gcp) data engineering etl concepts data warehousing fundamentals data integration concepts version control git github 3d development tools (optional) unity 3d unreal engine soft skills analytical thinking problem-solving mindset attention to detail strong communication skills teamwork and collaboration adaptability and willingness to learn curiosity about ai and emerging technologies eligibility criteria all trainees must fulfil the following criteria: singapore citizen or singapore permanent resident. graduated in 2024, 2025, or 2026 from a university, polytechnic, institute of technical education (ite), or other educational institution (including private universities and overseas institutions); o",1,0,data_science,reviewed:route:states-fresh-grad
mcf,JUMBO GROUP OF RESTAURANTS PTE. LTD.,Management Associate (Kitchen),1,Fresh/entry level,Permanent|Full Time,"job responsibilities: - ensure cleanliness and hygiene of the department and tools - ensure all 5s and haccp requirements are adhered to - undergo trainings for the skill sets of non-supervisory roles to understand and perform the functions - undergo trainings for supervisory roles and responsibilities so as to be able to lead and manage both operations and management - complete all trainings and acquire the knowledge and skills to perform independently within the targeted timeline up to assistant chief chef - perform duties in the best interest of the company, ensuring that the corporate vision, mission statement and values are upheld - ensure all policies and procedures of the company are followed accordingly - assist with the hiring process by identifying and selecting candidates for junior positions - any other jobs or duties assigned by the chief chef from time to time job requirements: - higher nitec in culinary arts/ bachelor’s degree in hospitality or any related field - fresh graduates are welcomed to apply too - possess good working attitude - team player with good interpersonal communication skills, positive attitude, enthusiasm, and initiative",1,0,general_management,reviewed:route:programme
mcf,ROYAL ORG PTE. LTD.,Marketing  & Sales Trainee – Hands-On Experience (Entry level),0,Fresh/entry level,Full Time,kickstart your sales and marketing career with hands-on experience and structured training! we are seeking a motivated and enthusiastic marketing & sales trainee to join our team in singapore. this is an entry-level position suitable for individuals who are keen to develop a career in marketing and gain hands-on experience in campaign execution and customer engagement. training and mentorship will be provided to support your professional development. 1️⃣ key responsibilities support the planning and execution of marketing campaigns engage with customers to promote brand awareness and campaign objectives work closely with team members to ensure smooth campaign operations contribute ideas during team discussions and campaign brainstorming sessions monitor and provide feedback on campaign performance and customer responses develop communication and interpersonal skills through on-the-job experience 2️⃣ qualifications and skills no prior experience required; coaching will be provided good communication and interpersonal skills positive attitude with a proactive mindset and willingness to learn 3️⃣ what we offer structured training and onboarding programme mentorship and guidance from experienced team members opportunities for skills development and career progression exposure to different marketing campaigns and projects 4️⃣ additional information position type: full-time location: singapore only shortlisted candidates will be notified.,1,0,sales_marketing,reviewed:route:states-fresh-grad
mcf,RECRUITFLASH PTE. LTD.,woodlands / Contract manager / Senior Quantity Surveyor /QS / Contracts Manager ( Construction/ Main Con experience / General Building  Project,2,Senior Executive,Permanent|Full Time,"-responsible for pre and post contract documentation. -responsible for taking off measurement and preparation of tender submission. -responsible for handling running project. -assist and perform all tasks assigned by respective superior. -prepare materials take off for procurement and production -evaluation and certification of subcontractor's progress payments and variation claims (include any deduction to be made). -involve in project budgeting, finalisation of account with subcontractors and client -preparation of monthly progress claim to consultant. -preparation of variation orders for submission -able to work independently & systematic -willing to learn attitude with good communication skills -proactive, meticulous and able to meet tight deadlines • diploma/degree in quantitative surveying or related area • total work experience: 2+ years for experience in quantity surveying • total relevant experience: 2+ years for experience in quantity surveying good pay + good allowance + good bonus • interested candidates please send an updated resume / cv in ms word format to lilian@recruitflash.com or whatsapp’s your resume to 98332779 ( no calls) • consultant in-charge : quah li lian (lilian) ( registration no: r1983286 )",0,0,management_consulting,reviewed:veto:seniority-in-title
mcf,BEACH ROAD HOTEL (1886) LTD.,Raffles Hotel Singapore - Food & Beverage Management Trainee,1,Executive,Permanent|Full Time,"as part of raffles hotel singapore’s leadership development programme, the food and beverage management trainee will gain practical experience and knowledge through a structured18-months programme. the programme will involve a rotation across various restaurant concepts and supporting departments, which will be customised based on operations and trainee’s expectations and requirements. to complement their learning and assimilation into a leadership role, the management trainee may be involved in special projects as assigned by f&b leaders, and mentored by a senior leader of the hotel. primary responsibilities food & beverage service provides excellent service at all times to all of our guests based on established hotel standard operating procedures. is always well presented and adheres to hotel’s grooming standard. greets and farewells guests and colleagues in a friendly and courteous manner. assists colleagues and guests efficiently and in a professional manner. takes responsibility for residents’ and guest belongings in the restaurant or bars. has extensive knowledge of our food & beverage menus in order to service our product, including liquors and cocktails. undertakes f&b special projects as directed by f&b leaders and/or mentor. provides a leading and consistent guest experience promotes sales through direct guests’ contact. constantly obtains guest feedback during operation ensuring guest satisfaction. handles minor complaints and reports to the managers for proper follow up. builds strong relationships with local guests and builds loyal following as foundation for a successful operation. maintains levels of confidentiality and discretion of the guest, colleagues, operator at all times. management and leadership of outlet is a role model for the food & beverage associates. proactive, innovative with in depth food & beverage and market knowledge. observes colleague’s individual performances, grooming, and punctuality and communicates with the managers accordingly. provides a high level of safety and security for guests and colleagues. checks daily opening and closing duties. training, learning and development of the team completes all components of the raffles leadership development programme. conducts regular on the job trainings for colleagues to develop their skills and knowledge. assists in recording and submitting monthly on-the-job training hours to food &beverage office before the 15th of each month. guides the departmental orientation for new hires. ensures that colleagues are aware of hotel rules and regulations. ensures that colleagues are trained on fire and safety, emergency procedures and hygiene. other responsibilities performs any other duties that may be assigned by the manager. ensures nea rules and regulations are met and achieve. uses a heartist® approach – makes the guests and colleagues feel welcome, feel heart-warmed, feel incredible, and belong. ensures service standards and individual performances are aligned with accor values - guest passion, trust, sustainable performance, spirit of conquest, innovation and respect. contributes to the hotel’s corporate social responsibility and sustainability efforts. performs any other duties and responsibilities that may be assigned. candidate's profile degree in hospitality or related field. minimum 1 year of f&b experience. fluent in oral and written english. strong communication skills. team player with strong interpersonal skills. service oriented with an eye for details and a good understanding of what it takes to build a strong service culture in a world-class hospitality icon. driven and able to work independently with high proactivity in a dynamic environment. analytical with proven organisational skills and attention to details. flexible, able to adapt to changes. focuses on service with an eye for detail and an approachable attitude. works well under pressure, analyses and resolves problems, and exercises good judgment. self-motivates and shows good ",1,0,general_management,reviewed:route:entry-level-title
mcf,NUSANTARA PRIME CONSULTING PTE. LTD.,Manufacturing Biotechnologist Downstream/Central Services (Pharma/Biopharma),1,Professional,Contract,"responsibilities: perform routine manufacturing processes and equipment preparation (cip, pt, sip, etc.) support day to day production activities and record data according to electronic batch record (ebr) in compliance with gmp, environmental, health and safety guidelines. perform equipment and process monitoring able to communicate with supervisor/supporting functions for any safety, quality, and process irregularities troubleshoot and resolve process related issues. able to perform production area housekeeping (5s, kanban, etc.) review documentation of activities as per gdp (good documentation practice) use sophisticated softwares / programs (lims, sap, dcs, mes, etc.) to collect and evaluate data responsible for maintaining and meeting training requirements. any other task as assigned by supervisor/manager requirements: degree/diploma/ite in chemical engineering, pharmaceutical or biotechnology equivalent minimum 1 year relevant biotechnologist/laboratory experience, familiar in gmp and/or upstream/downstream/central services. fresh graduate is welcome to apply. basic skills and knowledge in fermentation cell culture, bioreactor processing, media and buffer preparation and downstream processing is an added advantage. able to do rotating 12-hour shift work. team player that possesses troubleshooting and analytical skills. must be able to carry heavy load of up to 10kgs where applicable. based in tuas job type: fresh graduate contract length: 12 months experience: fermentation cell culture, bioreactor processing & media: 1 year (preferred) media and buffer preparation and downstream processing: 1 year (preferred) gmp facility: 1 year (preferred)",1,0,risk_compliance,reviewed:route:states-fresh-grad
mcf,DELOITTE SINGAPORE ASSURANCE PTE. LTD.,Amplify Program Audit & Assurance Graduate Intern,0,Fresh/entry level,Internship/Attachment,"are you ready to amplify your career?​ at deloitte, our purpose is to make an impact that matters for our clients, our people, and the communities we serve.​ we’re committed to building an inclusive and supportive environment where your ideas are valued, your growth is encouraged, and your work creates real impact.​​ ​​the beginning of your career should be shaped by meaningful experiences, and the amplify programme is designed to provide just that. this is a 12-week immersive internship where you will work on real projects, learn from experienced mentors, and gain first-hand insight into life at deloitte—while building the skills and confidence to thrive in a fast-changing world.​ ​​we're looking for graduates with less than 3 years of work experience, ready to kick-start their careers in professional services. work you’ll do​ at deloitte, we provide comprehensive assurance solutions , helping clients navigate complex regulatory landscapes, enhance transparency, and build trust in financial and operational reporting. our team collaborates with businesses across industries, offering tailored strategies to manage risk, improve internal controls, optimise business performance, and drive sustainable growth.​ as an intern, you will work within our assurance team in our audit & assurance practice, leveraging core skills and capabilities to support assurance engagements across multiple areas. this is an excellent opportunity to develop expertise in accounting & reporting, controls, and sustainability & emerging assurance, while contributing to projects that make a real impact.​ ​ key areas:​ accounting & reporting assurance: providing technical accounting and financial reporting advisory, including accounting standards implementation, financial statement preparation, regulatory reporting and financial instrument valuation.​ transactions accounting support: end-to-end capital markets advisory from readiness assessment, ifrs conversion, financial reporting and acting as reporting accountant.​ controls assurance: internal controls assessment, automation, reporting and remediation to ensure compliance with regulatory requirements, industry standards, and best practices.​ internal audit: independent assessment over the manner in which key risks within the organisations are identified, assessed, managed, reported and monitored.​ it audit: it risk assessment (covering network, infrastructure, systems, applications, policies and operations) and remediation to ensure alignment with industry standards, regulatory requirements and business objectives.​ sustainability assurance: end-to-end environmental, social and governance (esg) assessment, reporting and disclosure as well as independent assurance over sustainability reporting.​ ​ who we’re looking for:​ we’re looking for aspiring professionals who are eager to explore a career in a dynamic and fast-paced professional services environment. ​​ ​​ eligibility:​​​ graduates (class of 2023–2026) with up to 3 years of full-time work experience​​ degree background in accounting, finance, business, information technology, computer science, computer engineering, or other related fields able to commit a full period from 21 september 2026 to 11 december 2026​​ ​​ ideal candidates will also demonstrate:​​ strong analytical and problem-solving skills, with the ability to interpret and work with data​​ excellent communication, teamwork, and adaptability​​ high attention to detail and a strong interest in assurance, risk, and compliance services​​ ​if you are ready to amplify your career, apply now!​",1,1,risk_compliance,reviewed:route:programme
mcf,WHITE SOCIETY PTE. LTD.,INVESTMENT BROKERS,1,Executive,Full Time,"job summary facilitate investment transactions and provide guidance on investment opportunities key responsibilities 1. client acquisition: attract and retain clients, understanding their financial goals, risk tolerance, and investment objectives. 2. investment advice: provide investment advice, recommending suitable financial products. 3. portfolio management: assist clients in managing their investment portfolios and monitoring performance. 4. market research: stay up-to-date on market trends, economic conditions, and regulatory changes, providing informed investment guidance. 5. compliance: ensure adherence to regulatory requirements, industry standards, and company policies.*",0,0,risk_compliance,reviewed:no-route
mcf,NANYANG TECHNOLOGICAL UNIVERSITY,Adjunct Senior Fellow,8,Professional,Contract,"the s. rajaratnam school ofinternational studies (rsis) , a graduate school of nanyang technological university (ntu), is a leading research-intensive and teaching institutionin strategic and international affairs and policy-oriented think tank in the asia-pacific region. rsis is seeking suitable candidates for the position of adjunct senior fellow in the graduate programmes office. the successful candidate is required to teach a msc module on management of defence technology. applicants should possess a phd in a relevant field with good teaching and research experience in relevant fields. the engagement will be for four (4) months. all applicants should submit a full cv with 2 published articles or samples, 3 reference letters, a cover letter specifying how your qualifications match the job description.",0,0,general_management,reviewed:veto:academic-track
mcf,NATIONAL UNIVERSITY OF SINGAPORE,Research Associate (NUS-IHME Global Burden of Disease Research Centre),1,Professional,Contract,"interested applicants are invited to apply directly at the nus career portal. please note your application will only be processed if you apply via nus career portal. nus career portal link: https://careers.nus.edu.sg/job/research-associate-%28nus-ihme-global-burden-of-disease-research-centre%29/29977-en_gb/ we regret that only shortlisted candidates will be notified. job description the national university of singapore (nus) invites applications for the position of research associate as part of a collaborative partnership between the institute for health metrics and evaluation (ihme) at the university of washington and the nus yong loo lin school of medicine. the successful candidate will contribute to the global burden of disease (gbd) study, a landmark international research effort that produces robust, timely, and comparable estimates of health loss due to diseases, injuries, and risk factors worldwide. this role offers an opportunity to be part of a global network advancing data-driven health policy and research impact. more information about the study can be found at: https://www.healthdata.org/research-analysis/gbd. purpose of the post we seek a motivated and methodical researcher with a strong sense of analytical rigor, who is enthusiastic about applying data to real-world public health challenges and informing evidence-based policy. appointments will be made on a 1-year or 2-year contract basis in the first instance, with the possibility of extension. the research associate will report to and work closely with the principal investigator and study team members to support the successful implementation of ongoing research cycles under the gbd study. the primary responsibilities will include conducting systematic reviews, performing data extraction and preparation, supporting quantitative data analysis, interpreting and critically appraising results, and contributing to the dissemination of findings to key stakeholders. main duties and responsibilities the research associate will: conduct systematic reviews and support data extraction, cleaning, and quality-checking in preparation for analysis. support data analysis, including descriptive statistics, generation of graphs, tables, maps, and other innovative figures to visualise health data. interpret and critically appraise analytical results, including cross-checking outputs against existing evidence, identifying implausible estimates, and investigating discrepancies before accepting findings. plan and execute analyses in a structured and reproducible manner, maintaining clear documentation to support team-wide auditability and continuity. contribute to key publications, including the development of manuscripts and associated publication materials. assist in external engagement efforts, providing analytical and visualization support to local and regional partners, including the ministries of health and multilateral agencies across asia. assist with any other duties of a similar nature as delegated by the principal investigator. qualifications the following qualifications and competencies are required or preferred: academic background master’s degree in epidemiology, public health, biostatistics, statistics, mathematics, social sciences, medicine, or other quantitative disciplines. basic working knowledge of epidemiological measures (e.g. incidence, prevalence, mortality rates, age-standardized rates, disability-adjusted life years) is required. prior research experience is an advantage but is not strictly required. analytical & technical skills proficiency in r or python for data wrangling, analysis, and visualization. candidates should be able to demonstrate an understanding of the logic and validity of their analytical steps, not only the mechanics of running code. familiarity with statistical concepts, including measures of central tendency, regression models, uncertainty estimation, and data quality assessment. familiarity with systematic review methods and databases (",0,0,other,reviewed:no-route
mcf,DIGI-SOUND HEARING CARE CENTRE PTE. LTD.,Senior Audiologist / Audiologist,1,Executive,Full Time,"about the role we’re looking for a passionate and dedicated senior audiologist / audiologist to join our team in delivering high-quality, patient-centred hearing care. in this role, you’ll have the opportunity to make a meaningful difference in people’s lives by helping them reconnect with the world of sound. whether you’re an experienced clinician or a fresh graduate eager to grow, we welcome individuals who are committed to clinical excellence and compassionate care. what you’ll be doing conduct comprehensive hearing assessments and diagnostic evaluations provide personalised rehabilitation plans tailored to each client’s needs recommend and fit appropriate hearing aid technologies to improve patient outcomes deliver follow-up care and ongoing support to ensure optimal hearing performance build strong relationships with clients through excellent service and care contribute to clinic growth through community outreach and engagement activities collaborate with a multidisciplinary team to deliver holistic care what we’re looking for bachelor’s or master’s degree in audiology from a recognised institution 1–2 years of clinical experience is preferred, but fresh graduates are encouraged to apply exposure to a retail hearing care environment will be an added advantage strong communication and interpersonal skills a patient-focused mindset with a genuine desire to help others ability to work both independently and as part of a team who you are you’re someone who genuinely cares about improving people’s quality of life. you listen with empathy, communicate with clarity, and take pride in delivering thoughtful, ethical care. you’re proactive, eager to learn, and excited about combining clinical expertise with a service-oriented approach. why join us? be part of a purpose-driven organisation focused on improving lives through better hearing gain exposure to the latest hearing technology and clinical practices supportive and collaborative team environment opportunities for continuous learning and professional development a role that blends clinical care with meaningful patient interaction and community impact compensation philosophy our compensation philosophy is built around delivering high-quality, ethical and patient-focused care, while also supporting sustainable business performance. we aim to offer competitive compensation that reflects each individual’s professional qualifications and clinical expertise, complemented by performance incentives linked to therapy outcomes, patient satisfaction and appropriate product solutions. at the same time, we place strong emphasis on upholding ethical standards, ensuring that the quality of care is always our top priority. working hours monday to saturday: 10:00 am to 6:00 pm off on sunday and public holidays if you are interested in this role, please forward a copy of your resume to careers.sg@20dbhearing.com . we regret that only shortlisted candidates will be notified.",1,0,other,reviewed:route:states-fresh-grad
mcf,SKILLMATCH RECRUITMENT,Graduate opportunity - Sales and marketing,0,Fresh/entry level,Full Time,"🎓 just graduated? recently ord? looking for something different? kickstart your career with our sales & marketing team , where every day brings new experiences, new people, and new opportunities to grow. ✨ no experience? no problem - just effort. what you'll be doing engage with customers and create meaningful interactions represent established brands and marketing campaigns collaborate with a young, energetic, and supportive team what you'll gain local & overseas travel opportunities one-to-one mentorship and coaching continuous personal development fast-tracked career progression based on performance fun, positive, and collaborative team culture attractive earnings with uncapped performance incentives we're looking for people who are positive, driven, and eager to learn confident and love communicating with people looking for a fast-paced and dynamic work environment ready to build valuable skills, meet great people, and grow your career? 📩 apply today and grow with us!",1,0,sales_marketing,reviewed:route:programme
mcf,WHITE SOCIETY PTE. LTD.,INVESTMENT BROKERS,1,Executive,Full Time,"job summary facilitate investment transactions and provide guidance on investment opportunities key responsibilities 1. client acquisition: attract and retain clients, understanding their financial goals, risk tolerance, and investment objectives. 2. investment advice: provide investment advice, recommending suitable financial products. 3. portfolio management: assist clients in managing their investment portfolios and monitoring performance. 4. market research: stay up-to-date on market trends, economic conditions, and regulatory changes, providing informed investment guidance. 5. compliance: ensure adherence to regulatory requirements, industry standards, and company policies.*",0,0,risk_compliance,reviewed:no-route
mcf,NAVIS CAPITAL PARTNERS (SINGAPORE) PTE. LTD.,Associate/Analyst,1,Junior Executive,Permanent,"job purpose responsible for assessing, executing and monitoring mid-market direct lending credit investment opportunities in southeast asia. assessment of credit opportunities: conducting industry and company research, preparing detailed financial and valuation models, and other analyses. executing credit deal: preparing investment memos, conducting company due diligence, assisting draft terms sheets, and reviewing loan documentation. job accountabilities / key results area manage and execute middle market private credit transactions, including preparation of investment memos, industry analysis, detailed financial and valuation models for review by senior members of the investment team. manage negotiation and review of transaction legal documentation and liaison with internal and external legal advisers. assist senior members of the investment team to source and identify private credit transactions and structuring deals, including preparation of terms sheets. communicate investment ideas / thesis and investment risks quickly and effectively to the managing partner and investment team. minimum essential qualifications and technical competencies formal education bachelors degree (first class qualifications) work experience total work experience: 1 to 3 years total relevant experience: 1 to 3 years with an investment bank or private credit/equity firm, or accounting firm assessing investment opportunities. skills / knowledge solid financial modelling experience: dcf models, accretion/dilution analysis, and trading comparable analysis. industry analysis experience- analysing industry dynamics and familiarity with industry analysis frameworks. exceptional quantitative and analysis skills. fluency in english and one or more asian languages.",0,0,strategy_consulting,reviewed:no-route
mcf,ET MARKETING PTE. LTD.,Fresh Graduate Opportunity – Financial Services Consultant,0,Fresh/entry level,Full Time,"aunch your career in finance | training provided | high earning potential are you a fresh graduate looking for an exciting career with unlimited growth opportunities? if you're driven, ambitious, and eager to succeed , this role is your chance to build a rewarding career in financial services ! what’s in it for you? ✅ comprehensive training & mentorship from industry experts ✅ attractive income potential (commission + incentives + bonuses) ✅ fast-track career progression with leadership opportunities ✅ personal development – sharpen your communication & negotiation skills ✅ a supportive & dynamic work environment who should apply? 🎓 fresh university/poly graduates from any discipline 💡 individuals with strong interpersonal skills & an entrepreneurial mindset 🔥 motivated self-starters who want to make an impact 📩 ready to build a fulfilling career? apply now and take the first step!",1,0,management_consulting,reviewed:route:programme
mcf,SMTP CONSULT PTE. LTD.,Investment Advisor | Family Office,1,Executive,Permanent,"role and responsibilities: our client is seeking a skilled investment professional to join their family office based in singapore. in this role, you will play a crucial part in supporting investment decision-making by conducting in-depth market research, financial analysis, and due diligence. you will also provide professional administrative support, when needed. working closely with the team, you will contribute to comprehensive investment recommendations and help achieve the family office's financial objectives. key responsibilities: conduct in-depth research and analysis on potential investment opportunities across various asset classes, including equities, fixed income, real estate, private equity, and alternative investments. evaluate and analyse financial statements, company performance, industry trends, and macroeconomic factors to identify investment prospects and risks. prepare detailed investment reports, investment memos, and presentations to present findings and recommendations to senior management and investment committees. monitor and track existing investments, including performance analysis and regular updates on market conditions, industry dynamics, and regulatory changes. assist in portfolio management activities, including asset allocation, risk assessment, and performance evaluation. stay updated on industry developments, regulatory changes, and best practices in investment research and analysis. liaise with internal departments, investors, partners, and stakeholders to ensure smooth operational flow. provide general administrative support to the principal, including calendar management, travel arrangements, and document coordination. handle ad-hoc administrative tasks and special projects to support the broader objectives of the family office. key requirements: bachelor's degree in finance or cfa qualifications. must be able to work legally in singapore. strong financial analysis skills with a deep understanding of investment valuation techniques, financial modelling, and quantitative analysis. proficiency in utilizing financial databases, research tools, and software (e.g., bloomberg, factset, morningstar, excel, powerpoint) to gather and analyse investment data. excellent written and verbal communication skills to prepare comprehensive investment reports and effectively communicate findings and recommendations to stakeholders. professionalism, integrity, and a strong work ethic to uphold confidentiality and high ethical standards in handling sensitive financial information. strong organisational skills with the ability to multitask and prioritize effectively. ea license name & license number: smtp consult pte. ltd. (23c1754) ea personnel name & registration number: toh qiu wei (r23116260)",0,0,strategy_consulting,reviewed:no-route
mcf,INNOVATION ORGANIZATION PTE. LTD.,Campaign Management Trainee ⚡️,1,Fresh/entry level,Full Time,"company overview we are a company appointed by local and international clients from diversified industries to build their marketing presence and services. we specialize in face-to-face channels, executing strategies to expand consumer base job summary we are seeking a driven and ambitious campaign management trainee to join our sales and marketing team, leading projects and connect clients to potential buyers by providing tailored, enhancing experiences responsibilities acquire and implement strategies to expand consumer base leading team and sales projects to meet client objectives oversee the performance of marketing events and outreach review the effectiveness of strategies according to campaign targets assist with overall support to the team and identify ways to facilitate progression requirements goal-oriented and process-driven mentality self-motivated with a creative character a business mindset, passion for achieving as part of an excelling team attitude to contribute and develop alongside the company passport ready",1,0,general_management,reviewed:route:entry-level-title
mcf,NATIONAL UNIVERSITY HOSPITAL (SINGAPORE) PTE LTD,Clinical Associate,0,Professional,Contract,"the national university health system (nuhs) is an integrated academic health system and regional health system in singapore that delivers value-driven, innovative and sustainable healthcare. institutions in the nuhs group include three hospitals – national university hospital, ng teng fong general hospital and jurong community hospital; three national specialty centres – national university cancer institute, singapore, national university heart centre, singapore and national university centre for oral health, singapore; a polyclinic group – the national university polyclinics; one medical centre – jurong medical centre; and three academic health sciences institutions – national university of singapore (nus) yong loo lin school of medicine (including the alice lee centre for nursing studies), nus faculty of dentistry and nus saw swee hock school of public health. the departments are seeking candidates who are highly motivated and willing to join us for a challenging and fulfilling appointment as clinical associate on a contractual basis. as a clinical associate, you will be responsible for the total management of patients in the ward and administrative duties required of the department to provide direct patient care. in addition, you will be responsible for assisting the registrar and senior staff in the running of the specialist outpatient clinics. •be in active clinical practice •possess a basic medical degree registrable with the singapore medical council •possess a 3 year of post housemanship clinical experience •must be registered with the singapore medical council •able to work independently with demonstrated competence in managing patients in the department •confident, takes initiatives and a good team player",1,0,other,reviewed:route:zero-years
mcf,KARCHER ROBOTICS SINGAPORE PTE. LTD.,Robotics AI Software Engineer Intern,0,Fresh/entry level,Internship/Attachment,"about the role we are looking for a talented robotics ai software engineer intern to join our robotics software engineering team in singapore. you will contribute to the development of software systems powering autonomous robots used in real-world environments. the internship provides hands-on experience working on modern robotics technologies including ros2, autonomous navigation, ai-enabled perception, sensor fusion, and robot system integration . you will collaborate with experienced robotics engineers and gain exposure to both simulation and real robot deployments . responsibilities develop and improve software modules for autonomous robotic systems. work on robotics components such as: - mission execution and robot behaviors - autonomous navigation workflows - docking and recovery behaviors - route execution and task logic - interfaces between onboard robot software and hmi / higher-level applications - ai-enabled scene understanding - data pipelines for robotics logs / sensor data - evaluation of ai learning-based perception or behavior modules work with ros2-based robotics systems and contribute to software integration across multiple subsystems. assist in the development and customization of autonomous navigation-related components such as: - behavior trees - route / planner integrations - recovery behaviors - robot control and motion execution workflows develop and test algorithms in simulation environments (e.g., gazebo, isaac sim). support debugging, validation, and performance analysis through logs, testing, and field trials on real robots. collaborate with software, hardware, and systems engineers to deliver reliable robotic functionality. requirements education currently pursuing a bachelor’s or master’s degree in: - robotics - computer science - electrical engineering - mechanical engineering - mechatronics - or a related field technical skills (preferred) strong programming experience in c++ or python familiarity with linux / ubuntu basic understanding of robotics concepts such as: - kinematics - motion planning - perception - control - behavior trees / state machines experience or coursework in ros / ros2 is a strong plus familiarity with sensors such as lidar, cameras, imu, or gps experience with git, docker, cmake exposure to simulation tools such as gazebo, isaac sim exposure to computer vision, machine learning, or ai for robotics is a plus bonus experience (nice to have) ros2 package development computer vision or machine learning slam or localization algorithms autonomous navigation frameworks (e.g., nav2) experience with pytorch, opencv, or model inference pipelines robotics competitions, research projects, or personal robotics / ai projects what you will gain real-world experience developing software for autonomous robots exposure to modern robotics frameworks including ros2, nav2 and autonomous navigation systems opportunity to work with real hardware platforms and large robotic systems exposure to ai-enabled perception and autonomy workflows in robotics mentorship from experienced robotics engineers experience contributing to production-grade robotics software systems",1,1,software_engineering,reviewed:route:zero-years
mcf,KOUFU PTE LTD,Management Associate,0,Fresh/entry level,Contract|Permanent|Full Time,"making improvement to the running of the business deliver quality products and services to meet the expectation of customers. take responsibility for the sales performance monitoring and controlling stock levels and serving correct portion to ensure gp meets target plan and execute manpower scheduling to ensure meeting productivity and salary budget. recruit, train, supervise and develop staff. create and innovate new product ensure stalls comply with all necessary hygiene, health and safety, and licensing requirements.",1,0,general_management,reviewed:route:programme
mcf,SHAHI RANG MAHAL PTE. LTD.,FOOD SERVICES OPERATIONS MANAGER,2,Manager,Full Time,"job description we are seeking an experienced and results-driven food services operations manager to oversee the daily operations of our food service business. the successful candidate will be responsible for ensuring operational excellence, maintaining high food quality and service standards, managing staff performance, and driving business growth and profitability. key responsibilities oversee the day-to-day operations of one or multiple food service outlets to ensure efficient and smooth operations. develop and implement operational policies, procedures, and service standards to enhance productivity and customer satisfaction. lead, supervise, train, and evaluate restaurant and kitchen teams to achieve operational excellence. monitor sales performance, prepare operational reports, and implement strategies to improve revenue and profitability. manage operating budgets, labour costs, food costs, and inventory to ensure cost-effective operations. ensure compliance with singapore food agency (sfa) regulations, food safety, hygiene, workplace safety, and all relevant statutory requirements. coordinate procurement activities and maintain strong relationships with suppliers and vendors. handle customer feedback and complaints professionally, implementing service recovery measures where necessary. work closely with management to plan marketing campaigns, promotions, seasonal menus, and business development initiatives. conduct regular audits of outlet operations to ensure consistent service quality and compliance with company standards. analyse operational data and recommend process improvements to optimise efficiency and business performance. foster a positive work culture while ensuring high employee engagement and continuous staff development. requirements bachelor's degree or diploma in hospitality management, food & beverage management, business administration, or a related field. at least 5 years of relevant experience in food service or restaurant operations, including a minimum of 2 years in a managerial role. strong leadership, people management, and organisational skills. proven experience in managing budgets, operational performance, and multi-outlet or high-volume food service operations. good knowledge of food safety, hygiene, and workplace safety regulations in singapore. excellent communication, problem-solving, and decision-making skills. proficiency in microsoft office applications and pos/reporting systems. willingness to work flexible hours, including weekends and public holidays, when operationally required.",0,0,operations,reviewed:veto:seniority-in-title
mcf,LIM & TAN SECURITIES PTE LTD,Investment Representative,2,Executive,Full Time,"we are looking for motivated and committed individuals who are keen to build a successful career in stockbroking. we offer a career transition through career conversion programme (ccp) where you can grow professionally, develop valuable market expertise, and make a meaningful impact by helping clients achieve their financial goals. duties and responsibilities client acquisition to build client portfolio manage client relationships through proactive engagement assist clients with buying and selling of various financial instruments and different asset classes empower investors’ decisions with recommendations and seamless digital trading support offer real-time market insights and curated investment ideas based on company’s research materials build lasting client relationships through trusted broker-assisted and tech-savvy engagement key skills and competencies effective communication skills strong interpersonal skills financial acumen customer-focused self-motivated requirements minimum gce ‘a’ level or polytechnic diploma cmfas certifications (m1a, m5, m6, m6a) are beneficial minimum 2 years of working experience join us to enjoy: monthly income– $2,500–$3,500 per month, plus attractive commission, based on your experience. personalised mentorship– learn from experienced professionals who will guide and support your career development. comprehensive training– benefit from a structured, hands-on training programme designed to equip you with the knowledge, skills, and confidence to succeed as an investment representative. if you are interested, please submit your application with your cv through this portal. we regret that only shortlisted candidates will be notified.",0,0,investment,reviewed:no-route
mcf,ASCENDAS SUPPLY CHAIN MANAGEMENT PTE. LTD.,Administration & Finance Assistant,0,Junior Executive,Full Time,"location: singapore hq department: general manager’s office reporting to: singapore general manager about ascendas global ascendas global is a leading, tech-enabled cross-border supply chain and fulfillment partner. with an expansive logistics footprint across southeast asia, we power the infrastructure behind modern global e-commerce. as we scale our regional operations, our sg50 financing project team drives strategic capital solutions and corporate restructuring to accelerate our borderless growth. position overview we are seeking a highly organized, executive-level administration & finance assistant to act as a critical operational bridge between our executive leadership and external professional institutions. based in our singapore hq, your primary focus will be two-fold: executing corporate restructuring/entity conversions with corporate secretarial firms, and driving commercial financing milestones with loan brokers. this role demands meticulous attention to detail, exceptional communication skills, and the ability to securely handle sensitive corporate data. key responsibilities 1. corporate secretarial & conversion coordination act as the primary point of contact for external corporate secretarial firms to execute end-to-end entity conversions and restructuring workflows for company directors. meticulously track all conversion milestones, including document preparation, formal signatures, and official acra filing submissions to ensure punctual compliance. coordinate internally with directors, shareholders, and cross-functional teams to secure required authorizations and signatures. systematically archive and maintain all corporate statutory documents, legal certificates, and approval trails to ensure full compliance and audit readiness. provide regular, proactive progress updates to executive management, flagging potential bottlenecks or regulatory delays early. 2. financial financing & loan execution serve as the key operational interface with financial brokers and intermediaries to drive commercial lending and financing projects. assist brokers in compiling comprehensive loan credit profiles, including corporate kyc files, financial statements, bank records, and business descriptions. monitor sales pipeline velocity, ensuring seamless and rapid communication flow between brokers, company directors, and internal teams. organize and schedule financing evaluations, bank due diligence requests, and official signing sessions. compile routine pipeline progress reports, documenting channel feedback and actionable next steps for management. 3. cross-border operations & admin support facilitate clear communication and data flow between the china operations center and the singapore headquarters. provide high-level ad-hoc administrative and operational support to the general manager’s office. requirements must-haves: education: diploma or degree in finance, accounting, business administration, corporate secretarial studies, or related fields. experience: 1–2+ years of experience. direct experience with corporate registrations, acra filings, or sme business loans is highly preferred. technical knowledge: familiarity with the singapore companies act, acra filing frameworks, and standard commercial lending channels. software proficiency: highly proficient in microsoft office (word, excel, powerpoint) with the ability to navigate basic financial/accounting documentation. language skills: full professional working proficiency in english and fluent mandarin (vital for seamless collaboration with our regional entities and cross-border teams in china). competencies: outstanding coordination skills; a high degree of confidentiality and integrity when handling sensitive corporate portfolios; exceptional multi-tasking abilities in a high-speed environment. nice-to-haves (preferred advantages): hands-on experience independently executing company formations, directorship switches, or annual returns. strong familiarity with sme business loa",1,0,finance_accounting,reviewed:route:zero-years
mcf,PARK CRESCENT SERVICES PTE LTD,Corporate Secretarial Associate / Senior Associate,0,Fresh/entry level,Full Time,"associate role: provide corporate secretarial support for clients assist in corporate secretarial assignments, acra bizfile e-stamping assist in the application of passes-related assignments perform know your customer due diligence requirements assist in other ad-hoc secretarial administrative assignments requirements: accountancy/business/legal studies or related disciplines team player with good initiative and strong interpersonal skills excellent oral and written communication skills meticulous, organised and possess positive working attitude experienced candidates will be considered for the senior associate position.",1,0,strategy_consulting,reviewed:route:zero-years
mcf,PDS INTERNATIONAL PTE LTD,Supply Chain Coordinator,1,Non-executive,Permanent|Full Time,"job summary we are looking for a proactive and detail-oriented supply chain coordinator to manage and coordinate daily supply chain operations. the successful candidate will work closely with suppliers, logistics partners, warehouses, and internal departments to ensure the timely procurement, movement, and delivery of goods while maintaining inventory accuracy and operational efficiency. key responsibilities • coordinate end-to-end supply chain activities, including procurement, inventory management, logistics, and order fulfillment. • process purchase orders and monitor order status to ensure timely delivery from suppliers. • liaise with suppliers, freight forwarders, customs brokers, and transport providers to coordinate shipments and resolve delivery issues. • monitor inventory levels and collaborate with relevant departments to maintain optimal stock availability. • track incoming and outgoing shipments and ensure all shipping documentation is complete and accurate. • prepare and maintain supply chain reports, inventory records, and procurement documentation. • coordinate with warehouse operations to ensure accurate receiving, storage, and dispatch of goods. • resolve supply chain issues such as delayed deliveries, stock shortages, damaged goods, and supplier discrepancies. • support demand planning and forecasting activities by providing accurate supply chain data. • monitor supplier performance and follow up on outstanding orders and commitments. • ensure compliance with company policies, quality standards, and relevant import/export regulations. • identify opportunities to improve supply chain efficiency, reduce costs, and streamline operational processes. • work closely with sales, customer service, finance, and operations teams to meet customer delivery requirements. • perform other supply chain and administrative duties as assigned. requirements • diploma or bachelor's degree in supply chain management, logistics, business administration, or a related field. • minimum 2 years of experience in supply chain, logistics, procurement, or inventory coordination (fresh graduates with relevant internships are welcome to apply, if applicable). • good understanding of procurement, inventory management, and logistics processes. • proficiency in microsoft office, especially excel; experience with erp systems is an advantage. • strong organizational and time management skills with attention to detail. • excellent communication and interpersonal skills. • ability to work independently and manage multiple priorities in a fast-paced environment. • strong analytical and problem-solving abilities. • knowledge of import/export procedures and shipping documentation is an added advantage. preferred skills • experience using erp systems such as sap, oracle, microsoft dynamics, or similar. • familiarity with incoterms and international shipping procedures. • experience coordinating with overseas suppliers and logistics providers. • ability to analyze inventory and supply chain performance using excel or reporting tools. what we offer • competitive salary and performance incentives. • opportunities for professional development and career growth. • collaborative and supportive working environment. • comprehensive employee benefits. • training and development opportunities.",1,0,supply_chain,reviewed:route:states-fresh-grad
mcf,GYK TALENSYNC PTE. LTD.,360 Recruitment Consultant (Freelance),2,Executive,Contract|Freelance,"360 recruitment consultant (freelance) location: singapore (hybrid – bi-weekly collaborative sessions in-office) remuneration: 100% commission-based (uncapped) about gyk talensync pte. ltd. gyk talensync is a singapore-based recruitment and talent solutions firm. we specialize in connecting high-growth businesses with top-tier talent. we are looking for entrepreneurial-minded freelance 360 recruiters to join our network and drive business growth. the role (360-degree desk) in this 360-degree freelance role, you will manage the full recruitment lifecycle—from identifying new business opportunities to successfully placing candidates. this is a high-autonomy role that comprises of sales (hunter) and the precision of talent matching (sourcing). key responsibilities:- business development: actively identify and acquire new client companies (b2b) in need of recruitment services. account management: build and maintain strong, long-term relationships with hiring managers to understand their organizational needs. candidate sourcing & screening: source, interview, and shortlist high-quality candidates across various platforms and networks. end-to-end execution: facilitate the entire process, including interview coordination, salary negotiation, and post-placement follow-ups. market analysis: stay updated on industry trends in singapore to provide consultative advice to both clients and candidates. skills requirements:- experience: proven track record in 360 recruitment, business development, or b2b sales. communication: professional fluency in business communications (written and spoken) to effectively consult with corporate clients and candidates. mindset: self-motivated, resilient, and able to work independently towards performance targets. networking: strong networking skills with access to professional platforms or industry-specific talent pools. what’s in it for you? uncapped commissions: performance-driven earnings per placement. no ceiling on your income. hybrid flexibility: work remotely most of the time, with a bi-weekly scheduled return to the office for team alignment, strategy sharing, and synergy. operational support: leverage the gyk talensync brand name, existing frameworks, job portals, and a collaborative team environment. account ownership: manage your own ""clients within a business"" with the freedom to choose your niche and work style. gyk talensync is an equal opportunity partner. we evaluate all applicants based on merit, skills, and experience, regardless of age, race, gender, religion, marital status, family responsibilities, or disability. note on remuneration: this is a freelance, commission-only engagement. remuneration is strictly per successful placement. the range of commission is an estimate based on standard placement fees; total earnings are dependent on the number and value of successful hires managed by the consultant. how to apply: submit your updated resume in ms word format by clicking the quick apply button. only shortlisted applicants will be contacted. by submitting your application, you agree to the collection and use of your personal data by gyk talensync pte ltd for recruitment purposes in accordance with our privacy policy.",0,0,management_consulting,reviewed:no-route
mcf,NANYANG TECHNOLOGICAL UNIVERSITY,Research Associate (Chemical Engineering/Materials Science/Mechanical Engineering/Electrical Engineering),0,Professional,Contract|Full Time,"established in 2010, the energy research institute @ ntu (eri@n) is a pan-university research institute that focuses on systems-level research for tropical megacities. it performs translational research that covers the energy value chain from generation to innovative end-use solutions, motivated by industrialisation and deployment. eri@n has multiple interdisciplinary research programmes which focus on translational research, development & deployment which focus on specific area of the energy value chain, and a number of living labs and testbeds which facilitate large scale technology deployment enabling validation and demonstration of real-world applications. for more details, please view https://www.ntu.edu.sg/erian eri@n is seeking an experienced and motivated research associate to join our fuel cell and hydrogen technologies programme, contributing to a flagship research project on next-generation vanadium redox flow battery (vrfb) stack design and prototyping. the research associate will provide critical experimental, fabrication, and testing support for the development of advanced vrfb components — focusing on bipolar plates and flow field architectures — with the aim of significantly improving power density, durability, and cost-effectiveness of flow battery systems for grid-scale energy storage. this role is ideal for a candidate with strong hands-on laboratory skills and an interest in electrochemical energy technologies. the successful candidate will work closely with senior researchers and industry partners to translate research findings into prototype components, contributing to the advancement of flow battery systems for grid-scale energy storage and singapore's energy transition. key responsibilities: support the experimental development and testing of vrfb stack components, including bipolar plates and flow field structures. prepare and process material samples for bipolar plate evaluation, including graphite-based composites and metallic substrates with protective coatings (e.g., crn, tin via physical vapour deposition). conduct electrochemical testing and materials characterisation, including potentiodynamic polarisation, chronoamperometry, electrochemical impedance spectroscopy (eis), and corrosion testing in vanadium-containing electrolytes (1–2 m h₂so₄). perform mechanical testing (tensile strength, elongation) and thermal cycling experiments to evaluate material durability and structural integrity under vrfb operating conditions. assist in the fabrication and assembly of single-cell and multi-cell vrfb test fixtures for laboratory-scale performance evaluation. operate, maintain, and calibrate laboratory equipment including potentiostats, impedance analysers, flow test rigs, and environmental testing chambers. collect, organise, and analyse experimental data, and prepare technical reports, presentations, and documentation for project milestones and deliverables. coordinate with industry partners on the procurement of materials and equipment, and support prototyping and scaling activities. publish research findings in high-impact peer-reviewed journals, present at international conferences, and contribute to intellectual property development. prepare progress reports, milestone deliverables, and contribute to future research proposals and grant applications job requirements: master's degree in chemical engineering, materials science, mechanical engineering, electrical engineering, or a closely related discipline. strong hands-on laboratory experience in electrochemistry, materials characterisation, or related experimental fields. familiarity with electrochemical testing techniques such as potentiodynamic polarisation, eis, and corrosion testing is highly desirable. experience or coursework in cfd simulation tools (comsol multiphysics, ansys fluent) is an advantage. knowledge of fuel cell or flow battery systems, bipolar plate materials, and/or membrane technologies is preferred. proficiency in data analysis ",1,0,engineering,reviewed:route:zero-years
mcf,DSBJ PTE. LTD.,Data Scientist,2,Executive,Full Time,"as the data scientist, she/he will apply advanced analytics techniques (e.g. operations research, machine learning and computer vision) into business context to transform data into meaningful and actionable insights that subsequently drive better and faster decision making. you will build, validate and test prototype, get it to production ready phase and see through to the launch. you will be working alongside bright minds across big data, software engineering and advanced analytics, and also be involved in research and development of cutting-edge data analytics techniques to support specific business requirements and products. main responsibilities: identify improvement opportunities using advanced analytics and define business problems from various functional domain (e.g. finance, supply chain, planning, manufacturing) design and implement machine learning models for parsing and interpreting complex engineering drawings, including cad files, scanned pdfs, and annotated diagrams. translate business requirements into technical solutions, including mathematical/ai models, solution architecture and data pipeline to achieve measurable business outcomes. conceptualize, develop and enhance the advanced analytic model by selecting the relevant modelling methodologies and available structured/unstructured data. embed analytics models into operational systems by collaborating with application developers to enable faster and better decision making in the business process. communicate advanced analytics solutions to non-technical stakeholders to gain deep understanding and business adoption. work with project manager to break down overall work into manageable and tractable tasks while satisfying time, cost and resource constraints. advise management and stakeholders on the best practice using advanced analytics by exploring and benchmarking. perform progress check, solution review and documentation on regular basis. job requirements: at least bachelor degree in data science, applied mathematics, statistics, computing science, electrical/computer engineering, business analytics. minimum of 2 years of work experience in academic or business context to apply data science, machine learning, deep learning. profound knowledge and understanding (e.g. application, limitation, challenges) of predictive or/and prescriptive analytics in various business scenarios. hands-on modelling/coding experience using various tools/libraries (e.g. tensorflow, pytorch, scikit-learn, keras) and using genai in real-life business scenarios. familiarity with deep learning models for document layout analysis, object detection and text recognition. self-motivated, proactive, independent learner who is willing to learn, experiment, and share knowledge with broader data analytics team to build learning r&d culture. proficiency in both english and chinese, to liaise with the chinese-speaking associates in china headquarter office. domain knowledge in supply chain, operations planning and manufacturing is highly valued. experience working with vector graphics (e.g., dxf, svg), raster formats (e.g., tiff, png), and hybrid technical documents (pdfs) is a plus.",0,0,data_science,reviewed:no-route
mcf,EA RECRUITMENT PTE. LTD.,Customer Service & Supply Chain Coordinator (Shipment / East / 5 Days),1,Junior Executive,Permanent|Full Time,"• working location at taiseng- near to mrt • working hours: 8:30am – 5:45pm(monday - friday) • aws + variable bonus • excellent welfare &benefits • well established 3rdlogistics company job scope regional operations coordination: oversee daily order collections and deliveries across apj country teams maintain daily tat reports and proactively identify shipment delays. follow up with country teams on outstanding collections and deliveries. communicate shipment updates and service disruptions to client in a timely manner. verify pods, collection details, and supporting photos for discrepancies. raise discrepancies to country teams and ensure corrections are made. maintain organised and audit-ready records. respond to (request for quotation) rfq queries within agreed sla. coordinate with country teams to prepare costings. independently prepare australia quotations for non-regional and standard requests. verify monthly billing reports and update local service provider (lsp) cost records. conduct detailed invoice verification, especially for australia accounts. respond to operational queries (order status, delivery details, escalations). report data discrepancies to it and follow through until rectified. ensure accuracy of operational data (pod dates, asset quantity, etc.). requirement diploma / degree in business administration, supply chain management or other relevant discipline 1 – 3 years of relevant work experience in supply chain / logistics field candidates are encouraged to apply this position via apply now button with the following information in the resume: work experiences and job responsibilities current and expected salary reason for leaving date of availability education background we regret that only shortlisted candidates will be contacted. khoosot mei (r21102604) ea recruitment pte ltd ea license no: 21c0492",0,0,supply_chain,reviewed:no-route
mcf,SQUAREPOINT SERVICES SINGAPORE PTE. LTD.,Junior Quant Researcher,1,Non-executive,Full Time,"squarepoint is a global investment management firm that utilizes a diversified portfolio of systematic and quantitative strategies across financial markets that seeks to achieve high quality, uncorrelated returns for our clients. we have deep expertise in trading, technology and operations and attribute our success to rigorous scientific research. as a technology and data-driven firm, we design and build our own cutting-edge systems, from high performance trading platforms to large scale data analysis and compute farms. with offices around the globe, we emphasize true, global collaboration by aligning our investment, technology and operations teams functionally around the world. overview of quant researcher position: research and implement strategies within the firm’s automated trading framework. analyze large data sets using advanced statistical methods to identify trading opportunities. develop a strong understanding of market structure of various exchanges and asset classes. typical day of quant researcher: primary focus throughout the day is on researching and implementing trading ideas. before market open, check that all required data and related processes are ready for the trading day. during market hours, sporadically monitor behavior and performance of strategies. skill set required for position: quantitative background - includes degrees in mathematics, statistics, econometrics, financial engineering, operations research, computer science and physics. programming proficiency with at least one major programming or scripting language (e.g. c++, java, python). strong communication skills and ability to work well with colleagues across multiple regions. ability to work well under pressure",1,0,quant_research,reviewed:route:entry-level-title
mcf,MAESTRO HUMAN RESOURCE PTE. LTD.,Business Analyst (AMK),2,Executive,Permanent|Full Time,"business analyst duties: requirement gathering: collaborate with stakeholders to gather and document business requirements. user stories: create detailed user stories and acceptance criteria. process analysis: analyze and document current business processes and workflows. solution design: work with the development team to design solutions that meet business needs. testing and validation: prepare the test plans and test cases following with the execution of the test cases to ensure solutions meet requirements. skills and qualifications: experience: proven experience as a scrum master and business analyst in software development. agile knowledge: deep understanding of agile frameworks, particularly scrum. technical skills: familiarity with web application development and related technologies. analytical skills: strong analytical and problem-solving abilities. communication: excellent communication and interpersonal skills. certification: certified scrum master (csm) or similar agile certification is preferred. preferred attributes: leadership: ability to lead and motivate a team. adaptability: flexibility to adapt to changing project requirements. detail-oriented: keen attention to detail and a commitment to quality. amk area (travel to changi airport whenever required) singaporeans only maestro hr damien lee tian hong r1106726 16c8462",0,0,business_analyst,reviewed:no-route
mcf,THE SUPREME HR ADVISORY PTE. LTD.,Product Manager (FinTech) - LCYL,2,Executive,Permanent|Full Time,"product manager working location: 51 bras basah road, lazada one s189554 working hours: 8am to 5pm/8.30am to 5.30pm/9am to 6pm/930am to 630pm (flexi) working days: monday - friday salary range: $3500 - $3800 k ey role(s), responsibilities and duties define and communicate the product vision, strategy, and road map in alignment with company goals and business objectives collaborate with clients, stakeholders, and internal teams to gather and define project requirements, scope, objectives, and acceptance criteria prioritise the product backlog and manage the entire product lifecycle from conceptualisation to post-launch optimization break down complex requirements into actionable engineering tasks, set timeframes, estimate timelines with engineering teams, and establish detailed project plans monitor project progress, identify technical risks, develop mitigation strategies, and address issues promptly act as the central point of contact, translating technical concepts into business-friendly language and communicating project status to all participants and leadership conduct user testing and internal dogfooding cycles, gather feedback, triage issues, file actionable tickets, verify fixes, and communicate outcomes to stakeholders drive product adoption and user engagement by analysing usage patterns, identifying drop-off points, and implementing strategies to improve retention and active usage engage proactively with product owners, business units, and branch teams to understand on-the-ground needs, conduct training sessions, and gather feedback for product improvements define and monitor key product metrics and analytics to assess performance and identify areas for improvement create and maintain comprehensive product and project documentation, including technical decisions, architecture changes, plans, and reports coordinate technical reviews, sign-offs, and testing efforts to ensure requirements and quality standards are met before deployment, and monitor post-deployment issues plan and write release notes and newsletters for product updates, and stay current with industry trends through market research and competitor analysis utilise project management tools to track work hours, plan execution, and monitor expenditures facilitate technical knowledge sharing between team members and provide user support, ensuring queries and issues are addressed promptly support administrative tasks such as scheduling meetings, taking minutes, and executing necessary legal paperwork including contracts and terms of agreement requirements bachelor is degree in computer science, engineering, business administration, finance, it, or a relevant field proven experience as a product manager, product owner, project manager, project coordinator, or similar role within fintech, financial services, or technology-driven companies hands-on experience managing all stages of the product lifecycle and working with cross-functional teams to deliver high-quality digital products technical background with knowledge of software development and web technologies strong knowledge of agile methodologies, product management principles, and software development lifecycle lsdlcm proficient in analytics platforms (e.g., google analytics, statsig, posthog) and a/b testing tools familiarity with project management software tools, methodologies, and best practices certification in product management (e.g., certified scrum product owner) is a plus cheong yeat long | r25145358 the supreme hr advisory pte ltd | ea 14c7279",0,0,product_management,reviewed:veto:seniority-in-title
mcf,ITSEC SERVICES ASIA PTE. LTD.,Cybersecurity Consultant / Junior Consultant (Offensive Security),0,Junior Executive,Full Time,"we are hiring a junior cybersecurity consultant /cybersecurity consultant (offensive security) to join our team. this opportunity is suitable for fresh graduates and early-career professionals who are passionate about ethical hacking andpenetration testing. candidates should also be keen to embrace ai, automationand emerging technologies to improve the efficiency and effectiveness ofsecurity assessments. the successful candidate may be appointed as a junior consultant or consultant, depending on experience, certifications anddemonstrated technical capability. joining itsec group provides exposure to a broad range of consulting projects, diverse technology environments, evolving cyber threatsand established cybersecurity practices. about itsec group itsec group is a leading cybersecurity organisation in the asia-pacific region, with offices in singapore, indonesia, australia, uae and mauritius. we provide cybersecurity consulting and solutions to clients across a wide range of industries. we provide cybersecurity consulting and solutions to clients across a wide range of industries. our team collaborates across regional offices to address complex security challenges and evolving cyber threats. joining itsec groupprovides exposure to wide range of consultancy projects, diverse technology environments and established cybersecurity practices. key responsibilities conduct penetration testing and vulnerability assessments across web applications, apis, mobile applications, networks, cloud environments and other technology platforms. support security testing of information technology (it), operational technology (ot) and internet of things (iot) systems. identify, validate and assess the technical and business impact of security vulnerabilities. document testing procedures, technical evidence and assessment results. prepare clear and professional penetration-testing reports covering findings, risk implications and remediation recommendations. present findings and provide practical remediation guidance to clients. conduct retesting to verify that identified vulnerabilities have been properly remediated. explore and responsibly apply ai-assisted tools, automation and emerging technologies to enhance penetration-testing workflows, research, analysis and reporting. keep up to date with emerging vulnerabilities, attack techniques, security tools, technologies and industry methodologies. work onsite at client premises when required and comply with applicable project security and confidentiality requirements. qualifications diploma or degree in cybersecurity, information security, computer science, engineering or a related discipline. fresh graduates and candidates with up to three years of relevant experience are encouraged to apply. practical knowledge of penetration-testing methodologies, tools and techniques gained through employment, internships, academic projects, labs, competitions or independent research. crest registered tester (crt), offensive security certified professional (oscp), or an equivalent practical certification is preferred. candidates considered for appointment at the cybersecurity consultant level should hold crt, oscp or another relevant practical certification acceptable for the projects assigned. experience or knowledge in ot, iot, cloud or ai security testing is highly advantageous. strong analytical, problem-solving and technical report-writing skills. good communication skills and the ability to explain technical findings clearly to clients. interest in responsibly applying ai, automation and emerging technologies to security-assessment activities. willingness to take initiative, learn continuously and develop professionally in a consulting environment. willingness to work onsite and undergo background screening or security clearance where required. applicants of all eligible backgrounds may apply. singapore citizens will be considered for assignments subject to citizenship or government security-clearance requ",1,0,management_consulting,reviewed:route:states-fresh-grad
mcf,PLACEMENT PROFESSIONALS,Investment Consultant / Relationship Manager,0,Executive,Permanent,"to apply or find out more, please contact leong jia wei (reg no: r25157456) jiawei@placement.com.sg we are a comprehensive financial services platform providing a wide range of solutions, including global equities trading and wealth management advisory services. we are conveniently positioned across singapore neighbourhoods to better serve and support our clients. we are seeking motivated, goal-driven, and adaptable individuals to be part of our growing team. our opportunity: we focus on supporting individuals and families with their financial goals, whether they are looking to grow their wealth or safeguard their future through suitable financial solutions. developing trusted and meaningful relationships with our clients is a fundamental part of our approach to creating long-term value. our investment consultant/relationship manager will pursue this mission through: engaging with clients while prioritising their needs and financial interests. providing exceptional service standards and a professional client experience. introducing clients to a comprehensive range of financial products and solutions. what you'll do: you will develop, grow, and manage a portfolio of both new and existing clients, with a focus on: client acquisition and retention asset growth and protection provision of client focused solutions typical daily activities include: actively engage in business development and client acquisition initiatives. review and analyse prospect and client portfolios. recommend suitable needs-based financial solutions to prospects and clients. handle customer enquiries professionally through face-to-face interactions and phone communication. our incentive program rewards both your effort in client acquisition and retention. incentive begins with your first closure. we value integrity, open communication, and relentless focus on the client. what you need to have: a diploma/degree, preferably in business, banking & finance, or engineering applicants with at least 2 years of progressive career track record of sales experience in financial services industry will be considered for relationship manager position. applicants who are new-to-financial industry who possess positive attitude and aptitude will be considered. financial advisory experience and accreditation in cmfas m5, m6, m8, m9 & hi is an advantage. an initiator and team player. good communication skills. by applying, you consent that the contents of your cv and answers in the form will be processed for the purpose of job matching.",1,0,management_consulting,reviewed:route:zero-years
mcf,TRUST RECRUIT PTE. LTD.,Shipping / Store Assistant (Shipment / Production Supply Chain / East),0,Executive,Permanent|Full Time,"working hours: mon - fri, 8am - 5pm salary: up to $2.5k + aws + vb location: ubi (near macpherson mrt) position: shipping/store assistant able handle company’s daily shipment activities& fulfil various customer shipment expectations. able handle company’s incoming and outgoinggoods and manage company’s stock. support daily supply chain operations and job order fulfilment. job responsibilities shipping: pick the good at designated staging rack. input & update the good receive information to system for shipment. pack and label the good on the tray & shipping box. update system of shipment info and verify the special requirement and act accordingly from customer if any. generate the packing slip and commercial invoice from system. prepare, communicate and co-ordinate with forwarder of the shipment collection. cross support to other areas and sections if necessary. store: perform the job issuing according to job order from internal customer. perform the customer order goods picking and fulfillment. good practices on fifo (first in first out) manner. weight/count, pack & label of components based on job requirements. dispatch the job order, materials & components to designated department. perform the physical stock take. prepare & delivery shipment goods to shipping department. update system of the goods movement. cross support to other areas and sections if necessary. handle ad hoc & other tasks assigned by supervisor/manager. requirements: working experience in shipping & store roles some pc knowledge. how to apply interested applicants, kindly click on “apply now” or send your resume in ms word format to hestia.wong(at)trustrecruit.com.sg we regret only shortlisted candidates will be notified. important note: trust recruit pte ltd is committed to safeguarding your personal data in accordance with the personal data protection act (pdpa). please read our privacy statement on our corporate website www.trustrecruit.com.sg. trust recruit pte ltd ea license no: 19c9950 ea personnel: wong ying huan (hestia) ea personnel reg no: r24122431",1,0,supply_chain,reviewed:route:zero-years
mcf,ROYAL ORG PTE. LTD.,Brand Marketing Trainee: Guided Career Development,0,Fresh/entry level,Full Time,"grow your career with a team that’s invested in your success. join a team that believes in mentorship, continuous learning, and celebrating success together. as an entry-level marketing trainee, you’ll receive hands-on experience, personalised guidance, and ongoing support while building the confidence and skills to take on greater responsibilities. key responsibilities 🧨 execute face-to-face marketing campaigns. engage with customers and represent clients professionally. collaborate with teammates to achieve campaign goals. what we offer 👥 one-to-one mentorship and structured training 📈 clear career progression based on performance 💬 friendly and supportive team environment 🌍 regional & overseas travel opportunities 🕒 flexible work arrangements 🤑 performance-based incentives (shared during interview) who we’re looking for ☄️ positive attitude and willingness to learn strong communication and teamwork skills adaptable in a fast-paced environment no experience required — training provided only shortlisted candidates will be contacted within 24 hours.",1,0,sales_marketing,reviewed:route:states-fresh-grad
mcf,HEYMONSTER PEST CONTROL PTE. LTD.,Operations & Admin Executive,0,Executive,Permanent,"operations & admin executive 📍 location: jurong east (beside imm building) 🗓️ working days: monday to friday 🕘 working hours: 9:00am to 6:00pm 💰 salary: commensurate with qualifications and experience 👤 eligibility: singapore citizens and singapore permanent residents only about the role looking to build a career beyond a typical admin role? join heymonster pest control, a growing specialist company in singapore serving the maritime industry. as our operations & admin executive, you will play an important role in supporting the day-to-day operations of the business. you will work closely with the managing director and gain hands-on exposure to operations, procurement, customer service and business administration. this is an excellent opportunity for someone who enjoys taking ownership, is eager to learn and wants to grow together with a small but ambitious company. key responsibilities prepare and issue service reports and customer invoices update payment records, monitor outstanding invoices and follow up on overdue payments coordinate service schedules and maintain related records and documentation manage stock inventory, monitor stock levels and assist with purchasing maintain company documents, licences and compliance records assist in coordinating bizsafe certification and maintaining workplace safety documentation monitor licence, certification and staff safety induction renewal schedules record staff attendance, leave and other administrative records liaise with customers, suppliers and vendors on administrative matters support the smooth day-to-day operations of the office and business assist the managing director with administrative and operational coordination what we're looking for organised, responsible and able to manage multiple tasks positive attitude with good attention to detail good communication and interpersonal skills comfortable using microsoft excel, word and outlook able to work independently and take ownership of assigned responsibilities willing to learn and grow together with the company relevant experience in administration, operations, customer service, inventory management or purchasing will be an advantage, but training will be provided for the right candidate. why join us work directly with the managing director in a growing specialist company gain practical exposure to operations, procurement and business administration opportunity to visit customers' facilities, shipyards and vessels to better understand our operations friendly and supportive working environment with opportunities for career development convenient office location beside imm building in jurong east with excellent mrt and bus connectivity salary & benefits 5-day work week (monday to friday) working hours: 9:00am to 6:00pm office location: jurong east (beside imm building) basic salary: s$2,300 to s$2,600 (depending on qualifications and experience) annual salary review based on performance medical and annual leave benefits on-the-job training provided",1,0,operations,reviewed:route:zero-years
mcf,MGCA CAFE SG PTE. LTD.,Tim Hortons Suntec / Millenia Walk   - Career Conversion Programmes (CCPs) - Trainee Barista - (44Hours per Week),0,Fresh/entry level,Full Time,"this application is for the outlet tim hortons - suntec city / millenia walk nearest mrt station: esplanade station / promenade station about tim hortons: at tim hortons, we believe in delivering exceptional guest experiences. our teams are built on a foundation of friendliness, teamwork, and pride in serving our communities. as a trainee barista, you’ll be the face of tim hortons, helping to create moments of warmth and connection over every cup. job summary: as a trainee barista , you will learn how to prepare and serve tim hortons beverages and food items while providing excellent customer service. this is an entry-level position with full training provided — a great opportunity for individuals who are passionate about customer service and eager to grow in a fast-paced environment. key responsibilities: greet guests with a friendly and welcoming attitude learn to prepare coffee, espresso, tea, and other beverages to tim hortons’ standards assist in preparing food items such as sandwiches, donuts, and baked goods operate equipment such as espresso machines, ovens, and pos systems maintain cleanliness and organization of the store, including workstations and dining areas follow food safety and hygiene protocols work collaboratively with the team to ensure smooth shift operations handle customer inquiries, feedback, and transactions professionally qualifications & skills no prior experience required — full training provided a passion for customer service and a positive attitude willingness to learn and grow within the role strong communication and interpersonal skills ability to multitask in a fast-paced environment reliable and punctual with a strong work ethic must be able to stand for extended periods and lift up to 25 lbs what we offer comprehensive on-the-job training opportunities for career advancement employee discounts on food and beverages a fun, team-oriented work environment",1,0,other,reviewed:route:states-fresh-grad
mcf,ROYAL ORG PTE. LTD.,A1) Executive Sales & Marketing Trainee,0,Fresh/entry level,Full Time,"🛩stop looking for ""just a job."" start building a career.🛩 if you're hungry to grow, want to challenge yourself, and believe you're capable of more than a routine 9-to-5, this could be the opportunity you've been looking for. at royal organisation , we don't just hire employees—we develop future leaders. whether you're a fresh graduate, changing careers, or simply looking for something with real growth, we'll provide the training and support to help you succeed. 👀 who we're looking for • driven individuals with a positive attitude • people who enjoy meeting new people and working in teams • those committed to learning, improving, and growing • fresh graduates and career switchers are encouraged to apply 💼 what you'll do • represent established brands through face-to-face marketing • build meaningful relationships with customers and clients • develop practical sales, communication, and leadership skills • work alongside a supportive, high-performing team 🎯 what you'll receive ✅ comprehensive training and one-to-one mentorship ✅ clear, performance-based career progression ✅ local and international travel opportunities ✅ a positive, energetic, and growth-driven culture 📩 ready to unlock your potential? your experience doesn't determine your future—your mindset does. apply today and take the first step towards building a career you'll be proud of.",1,0,sales_marketing,reviewed:route:states-fresh-grad
mcf,SUCCESS RESOURCE CENTRE PTE. LTD.,"Management Associate (Graduate Program) at Labrador Tower, Up to $4,000 + Comm + PB (Flexible working hours, WFH available)",0,Fresh/entry level,Permanent|Full Time,"- permanent - up to $4,000 + comm + pb (fresh - up to $2500) - flexible working hours (monday to friday, day shift) (wfh available) - labrador tower about the role: the management associate program is designed for fresh graduates and early-career professionals who are eager to build broad business exposure and develop practical workplace skills in a dynamic environment. this program offers hands-on experience across key business functions, including human resources, sales, learning & development (l&d), and partnerships, allowing candidates to gain cross-functional exposure while building a strong foundation for long-term career growth. as a management associate, they will work closely with different teams, take part in structured training, and contribute to real business activities and projects that support both client engagement and organizational development. key responsibilities: support day-to-day business operations across hr, sales, l&d, and partnerships assist in recruitment, onboarding, employee engagement, and hr-related initiatives participate in sales support activities, client engagement, and business development efforts support training programs, workshops, and learning initiatives build and maintain relationships with external partners and stakeholders work on projects, campaigns, and cross-functional initiatives attend training sessions, seminars, and workshops gain practical exposure to client portfolio management and relationship-building activities prepare reports, presentations, and administrative support materials take on ad hoc duties and projects as part of the development program what candidates will gain: structured exposure across hr, sales, l&d, and partnerships hands-on experience in a professional and fast-paced environment mentorship and guidance from experienced professionals development of communication, stakeholder management, and business coordination skills career progression opportunities sponsored training and professional development support comprehensive onboarding and structured development program ongoing mentorship, coaching, and career guidance period: permanent location: labrador tower working hours: flexible working hours (monday to friday, day shift) (wfh available) salary: up to $4,000 + comm + pb (fresh - up to $2500) requirements: minimum local diploma required open to final-year undergraduates and candidates with 0–2 years of working experience strong interpersonal and communication skills motivated to build a long-term career in financial services interested applicants, kindly email your detailed resume (ms word format is preferred): azmin@successhrc.com.sg (reg no: r25129300) please ensure that applications sent through email are no bigger than 1mb . we thank all applicants for your interest but regret to inform that only shortlisted candidates would be notified. success resource centre pte ltd (ea license number: 04c3201 ) 160 robinson road, #13-07/08/09 sbf center, singapore 068914 t: 6337 3183 | w: www.successhrc.com.sghttp://www.successhrc.com.sg/",1,0,general_management,reviewed:route:programme
mcf,WAN KANG YUAN TCM PTE. LTD.,MANAGEMENT ASSOCIATE,1,Manager,Full Time,"responsibilities: · influence business unit leadership to make sound strategic decisions for business · provide key analysis of strategic concepts plus financial assumptions along with feasible recommendations · assisting the management operations, supporting administrative and clerical tasks, and coordinating with other departments for project support to meet the organization's objectives and profitability goals · assisted in developing policies and procedures to ensure greater control and accountability of all departmental functions · excellent communication, be organized, and have time-management skills to perform duties in a fast-paced environment technical skills and competencies: · active participation in strategic planning process, including development and execution of business campaigns · to develop negotiation and presentation skills to communicate effectively and clearly to others · to understand of audience engagement and other business support functions · to identify key stakeholder relationships, needs and interests, and coordinate with stakeholders on day-to-day basis · to collate feedback on different media and understand and present the advantages and / or disadvantages of different communications media options · to develop company business campaigns and enhance campaign awareness and campaign visibility",1,0,general_management,reviewed:route:programme
mcf,RECRUITPEDIA PTE. LTD.,"Software Engineer (C++, UX/UI) Automation",2,Junior Executive,Permanent|Full Time,"our client is a leading provider of semiconductor manufacturing equipment and advanced automation solutions. they are now recruiting a software engineer (r&d) to support product development and innovation initiatives. they are located in the north – easily accessible. responsibilities: develop, enhance, and maintain software applications for advanced industrial automation and manufacturing equipment. design and implement control software, data acquisition modules, and equipment interface functionalities. collaborate with multidisciplinary engineering teams to integrate software with mechanical, electrical, and control systems. conduct software validation, troubleshooting, performance optimization, and system enhancements. prepare technical documentation while ensuring compliance with quality, safety, and regulatory requirements. requirements: degree in computer science, software engineering, electrical engineering, or a related discipline. experience in software development within manufacturing, industrial automation, or high-tech engineering environments is preferred. proficient in c++ programming for application, embedded, or automation software development. knowledge of embedded systems, motion control, machine interface, or industrial communication protocols is advantageous. exposure to ai, machine learning, computer vision, or data analytics applications will be an added advantage. interested candidates who wish to apply for the advertised position, please click apply now or email an updated copy of your resume/cv. we regret that only shortlisted candidates will be notified. email address: jobs@recruitpedia.sg ea license no: 19c9682 ea personnel no: r22104769 ea personnel name: ong boon kiet (travys)",0,0,software_engineering,reviewed:no-route
mcf,SEARCHASIA CONSULTING PTE. LTD.,Human Resource Graduate Programme / Recruiter / Intern (Entry Level),0,Fresh/entry level,Permanent,"looking to step into human resource function? searchasia is looking to hire and groom talents! no experience needed! you will be groomed and trained to be a 360 degrees recruitment consultant. responsibilities: perform the end to end recruitment function sourcing candidates through various channels, planning interview and selection procedures business development of new accounts and building relationship with existing accounts network and build a strong database requirements: a level / diploma / degree in any field no experience needed team player able to multitask and enjoy fast pace environment people person - loves to interact with people internship and full time permenant job available! account manager: kerwin tan kai bin (r1331624) kerwin.tan@searchasia.com.sg ea no: 16s8107",1,1,general_management,reviewed:route:programme
mcf,RECRUIT EXPERT PTE. LTD.,IT Product Manager (Cybersecurity & Networking),1,Executive,Permanent,"manage assigned product portfolio and drive sales to achieve revenue targets and business objectives. build and maintain strong relationships with vendors, partners, and internal teams to deliver effective solutions. conduct market analysis and develop strategies to enhance product positioning and increase sales performance. prepare forecasts, pricing, and product proposals, while supporting partner enablement and product training initiatives. requirements: diploma in computer science or equivalent. at least 1 year of sales experience in cyber security/it sector. strong communication, presentation, and stakeholder management skills. proven ability in business development, negotiation, and strategic thinking. if you are keen to apply for the position, kindly email your detailed resume in ms word to hr@recruit-expert.com please note that only shortlisted candidates will be notified. for more job opportunities, please visit our website at www.recruit-expert.com ea licence: 19c9701 registration: r21100996",0,0,product_management,reviewed:veto:seniority-in-title
mcf,TRANSCELESTIAL TECHNOLOGIES PTE. LTD.,Software Engineer,2,Professional,Permanent|Full Time,"transcelestial’s vision is to improve the connectivity experience for the next billion people. we believe that connectivity is a human right and transcelestial is on a mission to solve the problem of internet distribution and provide affordable, high-speed internet to everyone. transcelestial’s next-generation wireless laser communication technology is one of the most effective solutions in the distribution of high-quality, high-speed internet connectivity, making it well-poised to solve civilization’s long-term communication needs - and ultimately improve connectivity for 1 billion users globally . highly reliable and secure, its light-weight, shoe-box sized centauri device leverages its proprietary laser technology to create a wireless distribution network and can be quickly, easily and cost-effectively installed on any standard telecom pole or tower at a faster time-to-market than standard fiber-optic cable. over the longer-term, transcelestial aims to develop a constellation of small satellites positioned in low earth orbit, allowing their laser network to not only beam across cities but upwards to connect continents across the world too. our values l ean & simple . our products are simple to use, we focus on what matters, we solve issues one by one and we spend smart. a pproachable. whoever you are, wherever you come from, don’t be shy! the best ideas can come from anywhere in the organisation. s upportive. we are a bunch of smart individuals delivering at their best working in teams. if you face an issue, you can be sure someone will jump in and help you. e nd user obsessed. customers and end users are at the core of everything we do. r elentless innovators. our technology is at the forefront of innovation. we are curious, we question everything, we love research and are passionate about the next big thing. join our team if you want to define the rules of how our civilisation communicates! software engineer the software team is responsible for working across the technology stack to develop and maintain the software architecture of transcelestial’s products. this position reports to the head of software engineering and takes ownership of software elements running on the manufacturing line. as software engineer , you will: implement new features and maintain existing software with a focus on quality and automation interface with the hardware, mechanical, optics, electronics and software r&d teams to co-ordinate the validation and commissioning of new manufacturing software drive the improvement of manufacturing software based on user input, feedback, and data analytics respond timely to urgent software issues on manufacturing line improve manufacturing data collection for better analytics create test documentation and build software prototypes prepare reports of results and conclusions for management what you will bring: degree in computer science, electrical engineering or equivalent work experience in the field work experience: 5+ years in technical programming roles it is a bonus if you have: strong problem-solving and debugging skills, especially in unfamiliar and time-sensitive situations with limited resources. solid working knowledge of git and linux (debian). proficiency in programming in go. strong ability to make engineering trade-offs and assess risks with respect to business objectives. strong verbal, written communication, and presentation skills (ability to communicate ideas and designs to your peers). ability to thrive working with a team of people from different backgrounds in a highly collaborative, time sensitive environment. demonstrated past experience working with the command line. good working knowledge of the integration of test platforms and industrial automation. prior experience developing tests (unit tests, integration tests, etc.) and/or working with hardware testing. prior experience working with docker. prior experience working with rest or grpc apis. prior experience working databases includi",0,0,software_engineering,reviewed:no-route
mcf,ROYAL ORG PTE. LTD.,Management Development Associate,0,Junior Executive,Full Time,"about royal org royal org is a fast-growing outsourced sales and marketing company specializing in brand and marketing. we partner with clients across industries, including lifestyle, energy, ngos and fmcg, to boost brand awareness and drive measurable results! why join us • clear and fast career progression • ⁠supportive, dynamic, and ambitious team culture • ⁠comprehensive training and 1-to-1 mentorship provided • ⁠team events and travel opportunities • ⁠no prior experience needed what you’ll do • represent major brands through in-person marketing campaigns • ⁠engage customers and build strong relationships • ⁠collaborate with your team to grow together • ⁠learn and implement effective sales and marketing strategies at royal org, we value passion, professionalism, and potential. if you’re driven to learn, grow, and achieve, apply now to start your career with us! (only shortlisted candidates will be contacted.)",1,0,sales_marketing,reviewed:route:states-fresh-grad
mcf,GE GLOBAL,Partnerships Executive,0,Fresh/entry level,Full Time,"partnerships executive build relationships. create opportunities. grow your career. we’re looking for energetic, ambitious, and people-oriented individuals to join our team as a partnerships executive. if you enjoy meeting new people, building meaningful connections, and creating exciting business opportunities, this is the perfect role for you. whether you’re a fresh graduate or looking for your next challenge, we’ll provide the training, mentorship, and career growth to help you succeed. what you’ll do build long-term relationships through networking and meetings. present our products and services with confidence. collaborate with the marketing team on campaigns and partnership initiatives. attend networking events, roadshows, and business meetings. generate new leads and expand our business network. work towards monthly growth and partnership targets. what we’re looking for positive attitude and willingness to learn. strong communication and relationship-building skills. self-motivated, proactive, and goal-oriented. enjoy meeting people and working in a team. fresh graduates are welcome. sales, marketing, or customer service experience is a bonus but not required. why join us? career advancement with a clear promotion pathway travel opportunities (local & overseas business trips) one-to-one mentorship from experienced leaders continuous learning & professional development fast-paced environment where your ideas matter recognition and rewards for outstanding performance who you’ll thrive as a people person who enjoys connecting with others. someone who loves challenges and continuous learning. driven to grow personally and professionally. ready to make an impact and build a successful career. 📩 ready to grow with us? send your resume to alzellim@hotmail.com",1,0,other,reviewed:route:states-fresh-grad
mcf,FCAP INVESTORS PTE. LTD.,Private Equity Fund Operations & Administration Associate,1,Junior Executive,Permanent,"company description fcap is a singapore-based global investment firm focused on mid-market buyout and growth equity investments in technology-enabled businesses. the firm is backed by a global institutional investor base, including banks, insurance companies, pension funds, endowments, fund-of-funds, family offices and asset managers across europe, the americas, the middle east and asia. role description we are seeking a highly organized and proactive private equity fund operations & administration associate to join our singapore team. the role will support fund operations, treasury, compliance, corporate administration and selected platform support matters. the successful candidate will report to the finance director and work closely with the broader investment team, gaining broad exposure to private equity fund operations, investor processes and platform management in a lean team environment. key responsibilities 1. fund operations and finance support assist with fund operations, audit processes and service-provider management support treasury and cash management activities, including payment and processing support assist with capital calls, nav reporting, c apital account statements and other fund admin matters 2. compliance and corporate administration support investor onboarding, kyc, aml/cft and other compliance processes assist with corporate secretarial, governance and regulatory administration matters coordinate statutory filings and related corporate administration requirements 3. office, team and investor logistics coordinate internal and external meetings, conferences and other firm-related activities support agm preparation, investor logistics, reporting calendars and administrative follow-ups maintain records, trackers, document control, filing and general office administration requirements bachelor’s degree from a reputable university 1 to 5 years of relevant experience in fund administration, fund operations, financial services, private equity, corporate secretarial or professional services strong organizational skills, attention to detail and a high sense of ownership professional and responsive, with the ability to coordinate with senior stakeholders good written and spoken english; mandarin is an advantage proficient in microsoft office, especially outlook, word, powerpoint and excel prior exposure to fund operations, finance, compliance or corporate administration is advantageous",0,0,investment,reviewed:no-route
mcf,ASMPT SINGAPORE PTE. LTD.,Data Analyst,0,Junior Executive,Contract|Full Time,"job purpose: provide data analysis and reporting support for the spare parts business by maintaining reports, developing dashboards, analyzing business performance, and supporting pricing and operational activities. key responsibilities: provide technical and data support for customer-related activities and business processes. develop, maintain, and optimize dashboards and reports using power bi and excel. collaborate with cross-functional teams (sales, marketing, service, etc.) to collect and analyze key performance data. assist in preparing presentations and summaries for internal meetings and business reviews. support business projects by collecting, cleaning, and analyzing data. contribute to process improvements and system enhancements related to data and reporting. ensure timely and professional communication with both internal and external stakeholders. requirements: bachelor’s degree in business analytics, data analytics, computer science or a related discipline. proficient in excel (formulas, pivot tables), powerpoint, word, power bi and python. strong analytical and problem-solving skills. good communication and teamwork skills. prior exposure to customer support, marketing or business operations is a plus.",1,0,data_analyst,reviewed:route:zero-years
mcf,D L RESOURCES PTE LTD,Retail Banking Operations Officer - Back Office Cards Operations,1,Fresh/entry level,Contract|Full Time,"about the role d l resources is hiring a (back-end / back-office) bank operations officer to support the card operations function of a client bank. the successful candidate will be responsible for processing card-related customer requests accurately and within agreed service-level timelines. this position is suitable for candidates with experience or interest in banking operations, card operations, financial services administration, transaction processing, customer fulfilment, or back-office operations . key responsibilities process a wide range of customer requests relating to card services, card payments, account maintenance, and customer fulfilment, including card issuance, activation, replacement, cancellation, payment processing, billing-related requests, giro and recurring payment instructions, card account updates, transaction enquiries, fee-related requests, and other card servicing activities. review supporting documents and system information to ensure that requests are complete, accurate, and properly authorised. complete operational transactions within the agreed service level agreement (sla) and turnaround time. perform accurate data entry, verification, reconciliation, and documentation of processed requests. manage and resolve customer, internal stakeholder, and business-unit queries, feedback, and complaints promptly. escalate exceptions, discrepancies, incomplete documentation, and operational risks to the relevant teams. follow established banking procedures, regulatory requirements, operational controls, and data confidentiality standards. maintain accurate records and support audit, compliance, and operational reporting requirements. identify opportunities to improve productivity, process efficiency, risk controls, and service quality. support workflow automation, process digitisation, and operational improvement initiatives. collaborate with internal departments and cross-functional stakeholders to resolve operational issues. perform administrative duties and other ad-hoc operational tasks assigned by management. job requirements diploma or degree in banking, finance, business administration, accountancy, or a related discipline. preferably one to two years of experience in: banking operations, card operations back-office processing financial services operations, transaction processing, customer fulfilment loan, payment, account, or application processing candidates with relevant internship experience or strong administrative processing experience may also be considered. able to manage multiple requests and priorities in a fast-paced, high-volume operational environment. meticulous and detail-oriented, with a strong focus on accuracy and service quality. strong analytical, problem-solving, and decision-making skills. able to identify discrepancies, investigate operational issues, and recommend practical solutions. good written and verbal communication skills. strong stakeholder-management and cross-functional collaboration abilities. proficient in microsoft office, particularly microsoft excel, word, and powerpoint. comfortable working with banking systems, internal processing platforms, and digital workflows. self-motivated, resourceful, adaptable, and able to work independently. a collaborative team player with a positive attitude towards change and process improvement. why join this assignment? gain hands-on experience with a leading singapore bank. build experience in retail banking and card operations. develop knowledge of banking processes, service-level management, operational risk, and regulatory controls. participate in process improvement and digitisation initiatives. potential contract renewal based on performance and business requirements. interested candidates may apply directly or reach out to our recruitment team via whatsapp or mobile +65 8205 8582 (company ea license no. 24c2333)",0,0,operations,reviewed:no-route
mcf,SKYWORKS CONSULTING PTE. LTD.,Junior Investment Associate,0,Junior Executive,Contract|Permanent|Full Time,"job responsibilities: provide investment knowledge to client provide various investment tools and wealth accumulation solutions according to client's profile manage clients portfolio periodcially attend platforms organised by the company to reach out to existing and new clients responding to customer queries professionally what we provide: mentorship coaching session buddy system with seniors on-the-job training leads/ customer base requirements: a levels, diploma or degree in any field comfortable with client facing role able to adapt to fast-paced environment skyworks consulting pte ltd / employment agency license number: 20c0304",1,0,investment,reviewed:route:zero-years
mcf,NATIONAL UNIVERSITY HEALTH SYSTEM PTE. LTD.,Senior Research Fellow (Healthcare Redesign)(6127) - Alexandra Hospital,2,Professional,Contract,"overview the research fellow (data analyst) will be involved in multi-cohort human biomedical research studies. he/she will be based at alexandra hospital. he/she is expected to extract valuable insights and actionable knowledge from large, complex datasets. he or she is expected to work closely with the principle investigator and senior research members in data analysis, interpretation and modelling of the data to drive innovation ad support evidence-based decision-making. he will also guide the in-house data analyst. job responsibilities you will be responsible for the following : investigate and understand large structured and unstructured datasets. identify patterns, trends and correlations to uncover actionable insights develop predictive and prescriptive models using machine learning, statistical techniques, or artificial intelligence. create algorithms to forecast trends and enhance decision making work cross-functionally with stakeholders to understand their needs and deliver data backed recommendations requirements master’s degree or phd degree in advanced analytical or technical friends like data science, computer science, machine learning or artificial intelligence will be preferred. minimum 2 years of experience in applied data analysis, modelling or machine learning. fresh graduates who have relevant exposures in internships or academic projects are welcome to apply strong analytical and critical thinking skills ability to explain technical concepts and insights to non-technical stakeholders. work effectively with cross-functional teams. ensure data accuracy and reliability. this contract will ends on nov 2026. if the role sounds interesting to you, please contact ‘careers_alexandra@nuhs.edu.sg’ to understand more on the role. please indicate the position that you are interested in the subject heading. *only singapore citizens and singapore permanent residents may apply. #li-sf1",0,0,data_analyst,reviewed:veto:academic-track
mcf,BECTON DICKINSON HOLDINGS PTE. LTD.,Supply Chain Planning Specialist (1 Year Fixed Term Contract),1,Fresh/entry level,Contract,"main responsibilities first sale for export (fsfe) – operational support provide daily operational support for fsfe transactions following project go‑live, ensuring accurate posting within the apex intercompany structure. monitor transaction flows, investigate discrepancies, and collaborate with cross-functional teams to drive timely issue resolution. ensure compliance with fsfe requirements, including correct tariff structures, accurate documentation, and audit readiness. respond to fsfe-related inquiries and provide guidance to internal teams and external vendors. maintain accurate fsfe master data and support system or configuration updates when required. track recurring issues, identify root causes, and recommend improvements to enhance long‑term fsfe process stability. apex intercompany operations & master data management support intercompany greater asia sites with po/so creation and intercompany execution under the singapore tax principal model. manage intercompany returns, claims, transactional exceptions, and stakeholder escalations. ensure accurate and synchronized master data setup (material, customer, vendor) across planning and production systems to enable smooth intercompany flows. resolve transaction discrepancies through root cause analysis and collaboration with cross‑functional teams. maintain and update process documentation, sops, and job aids to ensure consistent and compliant operations. continuous improvements: assess process gaps and improve operational efficiency and work accuracy. standardize and simplify transactional tasks to reduce complexity and improve scalability. maintain updated process maps and ensure job aids are clear, current, and aligned with best practices. key supply chain operation metrics: accountable for achieving monthly apex key performance indicators: order accuracy, claims processing time, ibd idoc error processing. monitors performance and recommend corrective and preventive actions as required. preferred requirements diploma or degree in supply chain/business/logistics/economics or any other related fields 1-2 years working experience. fresh graduate is encouraged to apply. good microsoft excel skills, macro, analytical skills and meticulous with numbers business and customer oriented and a good team player self-starter, responsible and ability to multi-task and work with virtual teams good command of written and verbal english language sap knowledge",1,0,supply_chain,reviewed:route:states-fresh-grad
mcf,JJ CONSULTING SERVICES,Trainee Air Hub Lead - Baggage,1,Executive,Permanent,"​ our client is a global leader in gateway services, who is seeking to recruit a trainee air hub lead - baggage. this position is based in singapore. trainee air hub lead - baggage responsibilities supervise baggage operations to ensure baggage are dispatched to aircraft in a timely manner as per airlines' requirements or stipulations by the aviation authority. requirements • diploma in any discipline • comfortable with shift work • physically fit jj consulting services ea licence no.: 12c6207 applicants are invited to send in a ms word resume to jobs@jjconsulting.com.sg stating position applying for/present/expected salaries and earliest available date. we thank all applicants in advance and regret that only short listed candidates will be notified.",0,0,operations,reviewed:veto:seniority-in-title
mcf,NANYANG TECHNOLOGICAL UNIVERSITY,Research Associate/Research Fellow (Plant Biology and Bioinformatics),0,Professional,Contract|Full Time,"the school of chemistry, chemical engineering and biotechnology (cceb) at ntu singapore, in collaboration with wageningen university & research (wur), is part of singapore indoor farming system (singfarm)—a create-nrf programme focused on building a sustainable, data-driven food production model with strong industry relevance to contribute singapore’s ambition in achieving 20 per cent local production of its fiber (vegetables, mushrooms etc.) by 2035. the candidate would be working in a multinational team at the forefront of singapore’s agricultural innovation and food security. the position of research associate/research fellow will focus on developing advanced high throughput phenotyping tools for assessing the performance of genotypes under abiotic and biotic stresses that occur in indoor farming systems for vegetables (e.g. too high humidity, too high vpd, low light intensity, low or high water potential in the root environment, salinity, bacterial and fungal diseases) and to optimize performance (yields of economic product in indoor cultivation) through breeding. key responsibilities: develop high throughput phenotyping protocols (e.g. for testing nutrient deficiency responses, transpiration response, biomass accumulation, quality of produce) using automated determination of transpiration, imaging (side view imaging with rgb), 3d-imaging, chlorophyll fluorescence imaging. develop analysis tools for the large data stream of htp phenotyping for assessment of abiotic and biotic stress tolerance (e.g. determine extent of damage to a disease or functional response to humidity); also involving use of ai in image analysis and predictive modelling develop prediction models that can predict product yield and quality from htp data either for cultivation management or for predicting which genotypes have best performance in practice set up test of products (e.g. crispr or ems mutants) from other work packages (e.g. with modified engineer molecular pathways for enhanced crop performance document results and contribute to reports, publications, and presentations job requirements: research associate (master’s level) master’s degree covering topics in plant biology, bioinformatics, data science, statistics, image analysis basic understanding of plant phenotyping and analysis of large data sets, preferably also using ai tools for image analysis strong analytical skills and ability to work independently and as part of a team research fellow (phd level) phd degree in topic covering in plant biology, bioinformatics,2 data science, statistics, image analysis ​demonstrated experience in plant phenotyping for abiotic and/or biotic stress tolerance and analysis of large data sets, preferably also using ai tools for image analysis proven ability to lead experiments, analyze data, and publish research we seek a diverse and inclusive workforce and is committed to equality of opportunity. we welcome applications from all and recruit on the basis of merit, regardless of age, race, gender, religion, marital status and family responsibilities, or disability. we regret that only shortlisted candidates will be notified.",0,0,engineering,reviewed:veto:academic-track
mcf,RECRUITPEDIA PTE. LTD.,Senior HR Recruitment Consultant,2,Senior Executive,Permanent,"we are a centrally located headhunting and recruitment firm experiencing strong growth. as the company scales, we are looking to bring on a senior recruitment consultant who can help support us through the next phase of the growth and development roadmap. duties: develop and setting up new sources of businesses and projects and perform relationship management with new and existing accounts manage full cycle of recruitment process individually and as a team formulate strategic business plans to meet company’s overall objective monitor various recruiting metrics, costs analysis, effectiveness of sales to provide reports to the management other ad-hoc duties may apply description / requirements: minimum diploma / degree in business administration of management at least 2 to 3 years of recruitment consultant experience good communication and interpersonal skills interested candidates please email your resume to talents@recruitpedia.sg. we regret that only the shortlisted candidates will be notified. recruitpedia pte. ltd. ea license no. 19c9682 ea reg. no. r1107107 (tan jia sheng)",0,0,management_consulting,reviewed:veto:seniority-in-title
mcf,MANPOWER STAFFING SERVICES (SINGAPORE) PTE LTD,Software Engineer (C/C++) | ( Fresh Grad/Entry Level),0,Junior Executive,Permanent,"incremental improvements/development of software modules for software support. analyze customer/production issues and implement solutions within the existing machine application (bug fixing). investigate and implement engineering change requests. testing of new releases by simulating processes and on actual equipment. work with version control tools and issue tracking tool for software release management. creates and maintains engineering documentations relating to software development / bug-fix / feature releases following company standards and design rules. ensure fast response to customer and production issues. provides engineering support to assigned r&d/cit projects. install & (beta) test new software release/fix at customer sites (ability to travel needed) education bachelor degree in electrical or computer engineering (mechatronic) or software engineering work experience 0- 3 years relevant experience in automation / equipment industries. significant practical experience in software engineering and testing (embedded software and hmi environment) experience with agile software development processes, quality control and test driven development expertise and methodology proficiency in microsoft (c++. vb6) using microsoft visual studio 6.0 and ""c"" and ""c++*. able to consider candidates from c# background for software support. knowledge of uml and state machines; state transition diagrams experience with version control in mercurial / git is good to have experience with secs/gem is good to have travel requirement navneet goel | ea license no. : 02c3423 | reg no.r1982194",1,0,software_engineering,reviewed:route:programme
mcf,Autism Association (Singapore),Day Activity Centre (DAC) Associate Coach (Clementi),0,Fresh/entry level,Permanent|Full Time,"join our dedicated team at eden day activity centre and make a positive impact on the lives of adults with autism! we are currently seeking a passionate and skilled day activity centre (dac) associate coach to help us create a nurturing environment where our clients can thrive. as a dac associate coach, you will play a vital role in supporting our clients' development and well-being. here are some key responsibilities that make this position both rewarding and fulfilling: performance of clients: · implement and maintain a comprehensive system for administering individualized education plans (ieps), individual care plans (icps), attendance records, training programs, and other administrative tasks. · design and lead therapeutic and training activities that are tailored to meet the individual needs and goals of our clients. · develop and manage an inventory of training materials, ensuring that they are up-to-date and readily available. · provide attentive supervision to clients during indoor and outdoor activities, prioritizing their safety and overall welfare. · collaborate with supervisors and consultants to enhance supervision methods, constantly seeking opportunities for improvement. welfare of clients: · take proactive measures to ensure the well-being and positive behavior of our clients, following the guidance and recommendations provided by supervisors and consultants. · conduct pre- and post-agency visits for transfer cases, ensuring a smooth transition and continuity of care for our clients. · regularly visit clients' homes to monitor their welfare and maintain a strong connection with their families. · uphold high cleanliness and safety standards within the centre, creating a comfortable and secure environment for everyone. · demonstrate utmost respect for client confidentiality, maintaining their privacy at all times. documentation: · prepare and submit accurate and timely reports, including ieps, icps, progress reports, lesson plans, and incident reports, to the head of centre (hoc) and/or consultants. · ensure meticulous record-keeping, documenting assessments, progress, and any relevant information to provide a comprehensive view of each client's learning journey. · collect and analyze learning data, maintaining a well-organized documentation file that informs decision-making and supports individualized client support plans. requirements: · at least an ite certification/o level/a level/ diploma from a recognized educational institution · relevant experience in the fields of special education, nursing, counselling or care services is preferred · experience in community service with exposure to youths / adults with autism is an added advantage · compassionate and patient personality · committed to the education and nurturing of youths / adults with autism · working location: blk 351 clementi ave 2",1,0,other,reviewed:route:zero-years
mcf,REZOLUTE GLOBALZ,Sales & Marketing Associate,0,Executive,Temporary|Contract|Part Time|Freelance|Permanent|Full Time,"sales & marketing associate we are seeking a motivated and results-driven sales & marketing associate to join our growing team. in this role, you will support both sales and marketing activities to drive brand growth, generate leads, and strengthen customer relationships. responsibilities: assist in developing and executing sales and marketing strategies identify potential clients and support outreach efforts prepare sales proposals, presentations, and marketing materials manage social media content, campaigns, and engagement track market trends and competitor activities coordinate promotional activities, events, and partnerships maintain accurate records of customer interactions and sales progress requirements strong communication and interpersonal skills proactive, organised, and able to work independently comfortable interacting with clients and presenting ideas basic experience in sales, marketing, or customer service is an advantage what we offer: competitive salary and performance incentives training and development opportunities supportive and dynamic work environment career growth in both sales and marketing paths what you’ll do: build relationships with customers and partners support sales pitches, presentations, and closing opportunities create engaging marketing content for social media and campaigns assist in planning promotions, events, and brand activities analyse audience behaviour and help improve marketing strategies bring fresh ideas to boost brand visibility and sales you’re someone who: communicates with confidence thinks creatively and adapts quickly enjoys people-oriented work is motivated by results and personal growth loves being part of a fast-paced, energetic team why you’ll love it here: fun and supportive team culture lots of learning and hands-on experience real opportunities to grow in both sales and marketing performance incentives and advancement paths 📩 apply now and grow your career with us!",1,0,sales_marketing,reviewed:route:zero-years
mcf,KEB HANA BANK,Investment Banking Associate (Korean speaking),2,Executive,Permanent|Full Time,"duties and responsibilities the responsibilities of the ib associate at keb hana bank singapore branch will include, but will not be limited to: prepare necessary credit applications, seek credit approvals and kyc process/execution/documentation of the syndicated loan transactions in compliance with mas regulations and keb hana internal policy prepare periodic management reports on new, renewal and existing loans followed by mas guidelines and other ad-hoc projects as assigned deal with various ad-hoc requests from head office and liaise with head office credit approval department and investment banking division in relation to any risk related matters provide support and overall assistance to senior managers and contribute to achievement of profit target and objectives assist to conduct periodic borrower's credit rating assist to client due diligence and financial analysis requirements strong team player acting as part of the investment banking team at keb hana bank singapore branch minimum 2 years' experiences in banking industry is preferred fast and keen learner ability to work under pressure and tight timelines proficient with ms excel/word experience with loan documentation and credit issues in banks good command of korean and other languages would also be an advantage fresh graduates are welcome to apply",1,0,investment,reviewed:route:states-fresh-grad
mcf,SGPHILSECURE PTE. LTD.,AIA Financial Services Consultant,0,Executive,Full Time,"globally, aia has made the commitment to engage one billion people, helping them take active steps towards leading healthier, longer, better lives by 2030. we recognize that true progress requires individuals to believe in their own potential to grow and positively impact their own lives and the lives of others. come join us on this transformative journey as we work together to unlock your full potential and build a better future for the people and communities as an aia consultant you stand amongst the industry's finest. here, we nurture your leadership potential and empower you to go beyond your limits to excel. in this role, you will experience holistic growth spanning across your personal, professional, and financial development, all tailored to your journey while making a positive difference to the lives of singaporeans. grow personally by achieving work and life ambitions • advance your career and achieve your aspirations. from consultants to leaders, we offer comprehensive training and mentorship to chart your pathway to success. from sales excellence to leadership essentials for leading your own team, we are committed to developing the best version of you, all via aia’s unique approach of encouraging courage, clarity and humanity. • be rewarded by a career and life of purpose with our unique aia vitality program and other community engagement initiatives. transform your personal well-being while doing your part to create better futures for millions of people and generations to come access comprehensive training program which are accredited by international and local institutions, such as limra and the institute of banking and finance (ibf). new and existing consultants will be able to acquire the best knowledge and skills to succeed in this career. • attain international recognition, such as million-dollar round table (mdrt), for achieving standards of excellence in the life insurance and financial services industry. 1 in 4 aia consultants are mdrt members, representing the top 5% of industry practitioners in the world. with a strong and collaborative mdrt community, there is no better company than aia to support your mdrt aspirations. learn on the job from experienced agency leaders who offer valuable knowledge, insightful advice, coaching and mentorship to help you accomplish your sales and leadership goals. • tap into extensive marketing resources and content to access and generate quality leads for sales opportunities; growing your business and customer base. • leverage best-in-class digital tools to enhance your business and customer relationship management capabilities. enjoy monthly allowances in your first 2 years to kickstart your new career as a consultant. • earn attractive compensation – new businesses are rewarded with first-year commissions and bonuses, such as special production incentive and activity incentive. additional income includes renewal year commissions and long-term compensation, such as career benefit and agent provident fund aia eps is a two-year program, where successful applicants receive a monthly allowance of up to 24 months upon meeting the required sales validation targets. • eps consultants will undergo a 12-month intensive training at the start of the program and move on to specialized trainings on leadership, and other program to help navigate corporate solutions and/or high net worth markets.• full time and student schemes are available with the following remuneration: full-time schemes: up to s$12,000 monthly allowance student schemes: up to s$2,000 monthly allowance. aia fas offers greater financial stability for individuals who are keen to pursue a career in financial services yet want a fixed monthly salary with cpf contributions. • as fas consultants, successful candidates receive full-time employment benefits, including structured compensation comprising a base salary with attractive quarterly performance-based bonuses, cpf contributions, annual leave, and medical benefits. • ",1,0,management_consulting,reviewed:route:zero-years
mcf,TACHIHARA SINGAPORE PTE. LTD.,MANAGEMENT TRAINEE,2,Executive,Full Time,"job description we are searching for a reliable, innovative management trainee to supervise operations at our bakery .cafe. the management trainee works closely and reports to the manangement ; and is responsible with daily operations and maintaining customer satisfaction by managing customer complaints and rectifying customer problems. to be successful management trainee, the candidate should implement measures to improve profitability and minimise costs. an outstanding management trainee also contributes to the professional development of our team members. duties and responsibilities achieves optimal business performance of the restaurant through analysing, planning restaurant sales and profitability assists the outlet/assistant manager in staff management: recruitment, raining, evaluation and promotion maintains an accurate and up-to-date plan of restaurant staffing needs, approving schedule labour hours, and ensures that the restaurant is staffed for all shifts responsible for department’s equipment, maintenance & storage prepares reports at the end of the week, including staff control, inventory, staff weekly performance report maintains a safe working and customer environment is in place to reduce the risk of injuries/accidents and completes incident reports and safety audits promptly. ensures the strict compliance by all service and kitchen staff to company’s standard operating procedures the above main duties are not exhaustive, and there may be additional/other ad-hoc duties deemed fit by management requirements proficient in full spectrum of casual dine-in f&b function good analytical, problem solving and decision making skills possess exceptional communication and interpersonal skills to maintain good relationship with diverse guests and team members able to lead, manage and motivate the team excellent vision required for seating guests, expediting food, cleaning equipment, reading floor plans, charts and schedules always maintain high standard of personal hygiene with clean appearance and neatly attired possess enthusiasm in learning and keen to get feedback for improvement possess strong barista and bar experience previous supervisory experience, preferably f&b ability to engage in physical activities which requires long hours of standing during shift. require to work on rotating shift basis which include weekends and public holidays. in the position, you will handle/learn leadership skills, how to train and run a team, overseeing and handling inventory management and ordering, administrative skills of preparing sales figures and reports, manpower & logistics planning. you will be trained to be the overall in-charge of our branch. with further chance of career enchancement, to be promoted to area operation executives.",1,0,general_management,reviewed:route:programme
mcf,ANZH SINGAPORE PTE. LTD.,Kitchen Operations Associate,0,Executive,Full Time,"kitchen operations associate company: anzh pte ltd department: kitchen operations employment type: full-time location: singapore salary: from s$3,800 - $4,800 per month (commensurate with experience) reports to: head chef / kitchen manager about anzh anzh is dedicated to bringing authentic indonesian flavours to singapore through quality ingredients, traditional recipes, and warm hospitality. we pride ourselves on delivering a memorable dining experience while maintaining the highest standards of food quality, consistency, and service. we are looking for a committed and enthusiastic kitchen operations associate to join our growing culinary team and contribute to the smooth operation of our kitchen. position summary the kitchen operations associate plays a key role in supporting the daily operations of the kitchen by assisting with food preparation, maintaining cleanliness, organising ingredients and supplies, and ensuring compliance with food safety standards. this role is essential in delivering authentic indonesian cuisine with consistency and efficiency. the successful candidate should be hardworking, dependable and passionate about working in a fast-paced kitchen environment. key responsibilities food preparation assist the chefs in preparing fresh ingredients, including washing, peeling, cutting, slicing, and portioning vegetables, meats, seafood, and other produce. prepare basic ingredients, spice pastes, sambals, marinades, and garnishes in accordance with the restaurant's recipes and standards. portion ingredients accurately to ensure consistency in food quality. assist in plating and assembling dishes during service when required. kitchen operations maintain a clean, organised, and hygienic kitchen at all times. wash and sanitise kitchen equipment, utensils, cookware, and workstations. ensure ingredients and supplies are properly labelled, stored, and rotated using the fifo (first-in, first-out) method. receive and store deliveries while checking quality and freshness. support chefs during busy meal services to ensure smooth kitchen operations. food safety & hygiene comply with all singapore food agency (sfa) food safety and hygiene regulations. handle food safely and maintain proper storage temperatures for chilled and frozen products. ensure workstations and preparation areas remain clean and sanitised throughout each shift. report equipment faults, maintenance issues, or food safety concerns to the kitchen manager. inventory & stock control assist with stock counts and inventory management. monitor ingredient usage and minimise food wastage. inform supervisors when stock levels require replenishment. ensure proper storage of dry goods, refrigerated items, and frozen products. team collaboration work closely with chefs and fellow team members to ensure efficient kitchen operations. support catering orders, festive promotions, and special events when required. maintain a positive, respectful, and professional attitude while contributing to a collaborative work environment. key performance indicators (kpis) performance will be assessed based on: quality and consistency of food preparation compliance with food safety and hygiene standards kitchen cleanliness and organisation teamwork and communication attendance and punctuality reduction of food wastage ability to support efficient meal service requirements education no minimum educational qualification required. food hygiene certificate is preferred or willingness to obtain certification upon employment. experience previous experience in a restaurant, café, catering company, hotel, or commercial kitchen is preferred. experience preparing indonesian or southeast asian cuisine is an advantage. candidates with a positive attitude and willingness to learn are encouraged to apply. skills & competencies basic knowledge of food preparation and kitchen operations. understanding of food hygiene and sanitation practices. ability to work efficiently in a fast-paced environment. ",1,0,operations,reviewed:route:zero-years
mcf,NITTAN CAPITAL SINGAPORE PTE. LTD.,MONEY BROKER (TRAINEE),1,Junior Executive,Full Time,"we are a money broking firm looking for dynamic individuals to join us as money broker (trainee) . through on-the-job training provided, the trainees should be able to provide customers with quick and accurate quotes in a fast-paced environment where multiple quotations and communications are happening at the same time. building strong and long term relationship with our customers is another important aspect of the job. job requirements: minimum diploma or gce ‘a’ level 2 – 3 years of working experience in hospitality and service sector preferred interest in money and financial markets possess excellent numeric and interpersonal skill ability to speak and listen clearly is essential outgoing and positive personality please include in your resume: last drawn and expected salary availability date reason for leaving your past employments",1,0,finance_accounting,reviewed:route:entry-level-title
mcf,PAINCARE CENTER PTE. LTD.,Patient Service Associate,1,Executive,Full Time,"patient service associate job description asa patient service associate, you will be expected to deliver friendly customer service as well as to create a warm and welcoming atmosphere for all the patients, with the main aim to excel in providing good patient care. duties and responsibilities · reporting to clinic operations manager · registering and scheduling appointments for patients · managing email, phone and upfront enquiries from patients · providing chaperone assistance to patients · assisting doctors with simple procedures · providing patient education and financial counselling · preparing and dispensing medications · performing cashiering duties and daily settlements · performing any other ad-hoc duties and responsibilities as assigned requirements · polytechnic diploma, gce a/o, higher nitec or nitec qualification · team player with good interpersonal and communication skills · able to multi-task and work in a fast-paced environment · ability to speak other languages will be an added advantage as the role requires the candidate to communicate with international clients. · candidates with no prior experience are welcome to apply (training will be provided) regret that only shortlisted will be notified",1,0,operations,reviewed:route:states-fresh-grad
mcf,TIKTOK PTE. LTD.,Backend Software Engineer Graduate (Global LIVE Fund Safety)- 2027 Start,0,Fresh/entry level,Permanent|Full Time,"about tiktok tiktok is the leading destination for short-form mobile video. at tiktok, our mission is to inspire creativity and bring joy. tiktok's global headquarters are in los angeles and singapore, and we also have offices in new york city, london, dublin, paris, berlin, dubai, jakarta, seoul, and tokyo.​ why join us inspiring creativity is at the core of tiktok's mission. our innovative product is built to help people authentically express themselves, discover and connect – and our global, diverse teams make that possible. together, we create value for our communities, inspire creativity and bring joy - a mission we work towards every day.​ we strive to do great things with great people. we lead with curiosity, humility, and a desire to make impact in a rapidly growing tech company. every challenge is an opportunity to learn and innovate as one team. we're resilient and embrace challenges as they come. by constantly iterating and fostering an ""always day 1"" mindset, we achieve meaningful breakthroughs for ourselves, our company, and our users. when we create and grow together, the possibilities are limitless. join us.​ diversity & inclusion​ tiktok is committed to creating an inclusive space where employees are valued for their skills, experiences, and unique perspectives. our platform connects people from across the globe and so does our workplace. at tiktok, our mission is to inspire creativity and bring joy. to achieve that goal, we are committed to celebrating our diverse voices and to creating an environment that reflects the many communities we reach. we are passionate about this and hope you are too.​ job highlights stock options, positive team atmosphere, career growth opportunity, paid leave, flat organization, 100+ mil users, industry experts, meals provided, competitive compensation responsibilities with the enormous growth of live streaming in recent years, our mission is to inspire real-time interactions and help live streamers connect to people from all corners of the globe. we are looking for passionate and talented engineers to join us to build and optimize a real-time, high-performance, large-scale distributed infrastructure for live streaming in tiktok. you will be deeply involved in the developmental lifecycle of critical product features and collaborate closely with product managers to deliver the best live streaming experience for all live streamers and audience alike. about the team tiktok fundsafety team focus has been focusing on all fund related business and make the best user experience to world wild users. also we are a new and fast growth team. as a member of fundsafety, millions of dollars need to handle correctly every day inside your platform, focus on transaction, settlement/clear, payment domin, take care of the consistency, reconciliation, script-engine etc. in addition, you need follow the business development progress also, understanding business logic details exactly. we are looking for talented individuals to join our team. as a graduate, you will get opportunities to pursue bold ideas, tackle complex challenges, and unlock limitless growth. successful candidates must be able to commit to an onboarding date by the end of the year. please state your availability and graduation date clearly in your resume. candidates can apply to a maximum of two positions and will be considered for jobs in the order you apply. the application limit is applicable to our company and its affiliates' jobs globally. applications will be reviewed on a rolling basis - we encourage you to apply early. you will: plan and lead large-scale technical projects, espespecially fund projects, to lay the foundation for the iterative development and scale of early products align with product and org objectives, coordinate with cross functional teams on delivering key results. develop robust, efficient technology platform products contribute to engineering strategy, tooling, processes, and culture research and apply cutt",1,0,software_engineering,reviewed:route:programme
mcf,SKILLMATCH RECRUITMENT,Graduate opportunity - Sales and marketing,0,Fresh/entry level,Full Time,"🎓 just graduated? recently ord? looking for something different? kickstart your career with our sales & marketing team , where every day brings new experiences, new people, and new opportunities to grow. ✨ no experience? no problem - just effort. what you'll be doing engage with customers and create meaningful interactions represent established brands and marketing campaigns collaborate with a young, energetic, and supportive team what you'll gain local & overseas travel opportunities one-to-one mentorship and coaching continuous personal development fast-tracked career progression based on performance fun, positive, and collaborative team culture attractive earnings with uncapped performance incentives we're looking for people who are positive, driven, and eager to learn confident and love communicating with people looking for a fast-paced and dynamic work environment ready to build valuable skills, meet great people, and grow your career? 📩 apply today and grow with us!",1,0,sales_marketing,reviewed:route:programme
mcf,LIAN HUAH ENGINEERING PTE LTD,Quantity Surveyor / Assistant Engineer,2,Professional,Contract|Full Time,"we are looking for a proactive and detail-oriented qs / assistant engineer to join our team. whether you are an experienced professional looking for a strategic career move or a passionate fresh graduate eager to learn from industry experts, we offer a dynamic environment where your contribution directly drives our growth. why join lian huah engineering? proven heritage & stability: a trusted name in singapore’s construction and engineering landscape since 1982. accelerated growth: gain end-to-end exposure across m&e tendering, procurement, cost management, and site execution. mentorship & support: learn alongside experienced leaders who value initiative, innovation, and long-term career progression. your impact & key responsibilities in this role, you will work closely with our contract manager and project teams to win tenders, manage costs, and drive efficient procurement. tender & cost preparation: perform accurate quantity take-offs, measurements, and design calculations. prepare detailed tender documentation, including bills of quantities (bq), schedules of rates, and contracts. strategic procurement: source m&e materials and services, negotiate competitively with suppliers and subcontractors, and secure favorable terms to maximize project value. tender coordination: manage addendum/amendment notices, prepare precise tabulations, and respond promptly to tender queries. project & site support: collaborate occasionally with the site project team on project management, documentation, and operational execution to ensure seamless project delivery. what we are looking for educational background: diploma in electrical, mechanical, or building services engineering (or equivalent). experience: experienced candidates: minimum 2 years of m&e project tendering experience, ideally with at least 1 year of on-site singapore construction exposure. fresh graduates: motivated fresh graduates with a solid engineering foundation and a keen desire to learn are welcome and encouraged to apply! technical skills: strong technical knowledge of mechanical & electrical (m&e) systems. proficiency in microsoft office, ms project, and autocad . soft skills & attributes: high initiative, clear communication skills, excellent problem-solving ability, and a positive mindset when managing tight deadlines. ready to take the next step? shape your future with a team that values your drive and invests in your growth.",1,0,engineering,reviewed:route:states-fresh-grad
mcf,WHITE SOCIETY PTE. LTD.,INVESTMENT ADVISOR,0,Executive,Full Time,"provide investment advice and guidance to clients: - offer personalized investment advice and recommendations - help clients understand investment options and strategies - provide guidance on portfolio management and asset allocation manage client portfolios and develop investment strategies: - create and manage client investment portfolios - develop investment strategies aligned with client goals and risk profile - monitor and adjust portfolios as needed conduct market research and due diligence on investments: - research investment products, markets, and trends - assess investment opportunities and risks - conduct due diligence on potential investments ensure client investments meet their goals and risk profile: - ensure investments align with client objectives and risk tolerance - monitor portfolio performance and adjust as needed - communicate regularly with clients on portfolio performance and strategy",1,0,strategy_consulting,reviewed:route:zero-years
mcf,JUST HIRE PTE. LTD.,Banking Relationship Manager,1,Executive,Permanent|Full Time,"📍 singapore | full-time 💰 competitive basic salary + uncapped commission + monthly incentives ready to build your wealth advisory career with a leading bank? join one of singapore's leading financial institutions and take your career to the next level. as a bank investment officer , you'll work with an established customer base to help clients achieve their financial goals through tailored investment and wealth management solutions. enjoy the stability of a fixed monthly salary, attractive performance incentives, comprehensive employee benefits, and structured career progression—all without the need to cold call or rely on friends and family for business. whether you're currently in banking, financial advisory, insurance, or looking to transition from agency sales, you'll receive comprehensive training and ongoing support to build a successful long-term career. 🌟 why join us? 💰 attractive rewards competitive fixed basic salary uncapped commission structure monthly performance incentives performance-based rewards 👥 established customer base serve existing bank customers build long-term relationships instead of sourcing your own leads focus on providing quality financial advice 📈 career growth structured onboarding and training continuous learning and professional development clear career progression within wealth management and banking 🎁 comprehensive employee benefits medical and hospitalisation coverage annual leave and employee wellness benefits supportive and collaborative work environment 📈 your responsibilities you'll help customers grow and manage their wealth by: meeting with existing bank customers to understand their financial goals. conducting comprehensive financial reviews and identifying investment opportunities. recommending suitable investment, wealth management, and protection solutions. building trusted, long-term customer relationships through professional financial advice. collaborating with branch teams to deliver excellent customer service. achieving individual sales and service targets while maintaining regulatory and compliance standards. 👤 what we're looking for we're looking for individuals who are: passionate about wealth management and helping customers achieve their financial goals. strong communicators with excellent interpersonal skills. customer-focused and motivated to deliver outstanding service. results-driven with a proactive learning mindset. holders of a local diploma, gce a-level (meeting mas requirements), or higher qualifications. experienced in banking, financial advisory, insurance, wealth management, or investment sales (preferred). candidates looking to transition from financial advisory or agency sales into a stable bank-based environment are strongly encouraged to apply. 🚀 build your future in banking if you're looking for a rewarding career that offers the earning potential of financial sales together with the stability, credibility, and career opportunities of a leading banking institution, we'd love to hear from you. take the next step in your wealth advisory career and enjoy the support, customer base, and professional development needed to achieve long-term success. 📩 apply today take the next step towards a rewarding career in banking and wealth management. click ""apply now"" and our recruitment team will contact shortlisted candidates. registration no: r21103883 ea license no: 12c6295",0,0,finance_accounting,reviewed:veto:seniority-in-title
mcf,SHINHAN BANK,Risk Management Associate/Assistant Manager,1,Executive,Permanent,"risk management monitor and report risk limit, risk indicators/measures conduct risk assessment to identify potential risks and vulnerabilities across the organization prepare risk management reports to senior management and stakeholders prepare risk management committee material oversee risk & control self-assessment (rcsa) and incident management. collaborate with cross-functional teams to ensure compliance with regulatory requirement and internal collaborate with cross-functional teams to ensure compliance with regulatory requirement and internal policies facilitate risk projects/initiatives (e.g. environmental risk, technology risk, outsourcing/third party risk) assist with procedure management and other administrative support as needed participate in internal audits and inspections technology risk management (trm) / it: collaborate with it and security teams to ensure effective implementation of technology risk management strategies and initiatives // to ensure compliance with regulatory requirement and internal policies provide training on risk awareness and best practices requirement knowledge and understanding of derivatives, securities, and related products deep understanding of capital markets and risk management regulations (basel ⅲ) holders of financial certifications such as cfa and frm. etc must be proficient in korean to effectively liaise with korean counterparts and clients, ensuring smooth communication and understanding of business needs fresh graduates are welcome",1,0,risk_compliance,reviewed:route:states-fresh-grad
mcf,HP SINGAPORE (PRIVATE) LIMITED,Future Product Manager,0,Professional,Permanent|Full Time,"what a future product manager does at hp: help the product team gain a deep understanding of customer experience & needs. identify and fill product gaps, and generate new ideas that grow market share, improve customer experience and drive growth. develop product roadmaps, document user stories, and define product requirements. partner cross-functionally to ideate, prioritize, and deliver frictionless customer experiences, quick time to market, and optimal resources. develop & execute market research to test new product concepts with the customers. act as an hp brand ambassador and reinforce the brand at every step of product journey. managing and maintaining hp’s iph supply families including analysis of business cases and working with r&d and co market teams to deliver the product. tracking and communicating changes in the hp’s portfolio to internal partners to ensure alignment. individuals who do well in this role at hp, usually possess: four-year or graduate degree in marketing, business administration, or any other related discipline or commensurate work experience or demonstrated competence. typically has 0-2 years of work experience, preferably in product marketing, product design, or a related field or an advanced degree with little or no work experience.",1,0,product_management,reviewed:route:states-fresh-grad
mcf,SQUAREPOINT SERVICES SINGAPORE PTE. LTD.,Desk Quant Analyst,0,Fresh/entry level,Full Time,"squarepoint is a global investment management firm that utilizes a diversified portfolio of systematic and quantitative strategies across financial markets that seeks to achieve high quality, uncorrelated returns for our clients. we have deep expertise in trading, technology and operations and attribute our success to rigorous scientific research. as a technology and data-driven firm, we design and build our own cutting-edge systems, from high performance trading platforms to large scale data analysis and compute farms. with offices around the globe, we emphasize true, global collaboration by aligning our investment, technology and operations teams functionally around the world. overview of desk quant analyst position: maintain and upgrade the codebase and configuration of strategies within the firm’s automated trading framework. manage large datasets used in both research and production environments. perform live as well as historical monitoring of trading activities. for instance, do some post-trade analysis or production reconciliation. work in close collaboration with quant researchers and traders to understand the constantly evolving needs of the trading desks. typical day of desk quant analyst: before market open, check that all required data and related processes are ready for the trading day. during market hours, sporadically monitor behavior and performance of strategies. work on various longer-term projects required for expanding our systematic trading activities and ensuring their robustness. skill set required for position: degree in engineering, computer science or related technical subject. programming proficiency with at least one major programming or scripting language (e.g. c++, java, python). great attention to details. strong communication skills and ability to work well with colleagues across multiple regions. ability to work well under pressure. additional desirable qualifications: knowledge of q/kdb+. knowledge of linux and bash. advanced quantitative skills.",1,0,quant_dev,reviewed:route:zero-years
mcf,PARIS BAGUETTE SINGAPORE PTE. LTD.,F&B Management Trainee (PB Future Talent Programme),1,Junior Executive,Permanent|Full Time,"level up your future with paris baguette sg! 🚀 ready to go beyond just a job? craving a fast-track journey to leadership in the vibrant world of f&b? paris baguette singapore is searching for passionate and ambitious young talents like you to join our future talent programme ! this isn't just about serving delicious pastries and brewing the perfect coffee – it's your launchpad to becoming a store manager and beyond! imagine this: from management trainee to leader: dive straight into the heart of our operations, mastering everything from customer delight to smooth store management. rapid growth: our structured programme offers clear milestones and accelerated progression for driven individuals. see yourself taking on more responsibilities and leadership roles in a matter of years! hands-on experience: get ready to roll up your sleeves and gain invaluable experience in all aspects of our bustling stores. you'll be serving customers, learning the ropes of operations, and gradually taking on management tasks. invest in your potential: we're committed to nurturing your growth. you'll receive guidance, training, and the opportunity to develop crucial skills in areas like team leadership, customer service excellence, and operational efficiency. what you'll be doing as a management trainee (the first step on your leadership journey): wowing our customers: delivering exceptional service with a smile and helping them discover their next favourite treat. keeping things running smoothly: assisting with everything from order preparation to ensuring our stores are sparkling clean. becoming a product expert: sharing your knowledge of our delicious offerings and exciting promotions. learning and growing: gradually being introduced to management responsibilities and supporting our leadership team. are you: a recent graduate (e.g. ite, polytechnics or university) eager to kickstart your career in a dynamic industry? passionate about food and creating positive customer experiences? a quick learner with a strong work ethic and a desire to lead? ready to take on challenges and grow with a globally loved brand? this is your chance to bake your success story with paris baguette sg! apply now and embark on an exciting journey to become one of our future leaders!",1,0,general_management,reviewed:route:states-fresh-grad
mcf,RECRUIT EXPRESS PTE LTD,*entry level* Field Engineer Graduate Program #ESY,0,Fresh/entry level,Permanent|Full Time,"the aim of the field engineers development program is to build a pool of field engineers with the following capabilities: to be skilled in the company's products and technologies rounded capabilities to support both new and existing installations train and develop technicians interested candidates, please email your resume to annasee@recruitexpress.com.sg anna see sing yee cei reg r25157535 recruit express pte ltd ea license no: 99c4599 we regret that only shortlisted candidates will be contacted",1,0,general_management,reviewed:route:programme
mcf,ACHIEVE CAREER CONSULTANT PTE LTD,Recruitment Consultant,1,Executive,Full Time,💵 attractive basic + uncapped commission 📚 full training & 1-to-1 mentorship 🚀 fast career progression your role identify and interview suitable candidates match talents with the right job opportunities coordinate interviews and job offer support candidates throughout the hiring process build strong relationships with clients and candidates we're looking for no experience required – full training provided! enjoy meeting and communicating with people positive attitude and willingness to learn fresh graduates and career switchers are welcome! celine chua | ea reg no. r26161036 | ea license no. 05c3451,1,0,management_consulting,reviewed:route:states-fresh-grad
mcf,WANCO MANPOWER PTE LTD,Validation Test Engineer (Fresh Graduate Welcome/MNC Semiconductor),0,Fresh/entry level,Contract|Full Time,"the client is the world leading semiconductor company from usa. it is ranked as one of the “top best places to work in singapore”. below position is open urgently. employment type: 12 months renewable contract location: bendemeer working hour: regular office hours responsibilities: perform functional testing on ssd through execution of tests (both automated and manual) perform initial failure analysis and work with validation engineers to resolve test failures modification of functional test scripts to achieve targeted test coverage perform debug and evaluation towards resolution of issues with firmware engineers. participate in setting up of test environment and servers in preparation for validation. tabulate test results and generate report for continuous firmware health monitoring. qualifications and skills: degree in computer/electrical/electronic engineering. basic working knowledge with windows and/or linux . experience in the setup and/or debug of laptop/desktop/server systems would be an advantage. knowledge in linux/ python scripting and/or experience with basic signal/power measurement equipment is preferred. experience in using pcie/nvme bus analyzers and analog/mixed signal oscilloscopes would be beneficial. comfortable working in an esd-protected lab environment. **interested candidates, kindly email updated resume to xiaoyee@wanco-manpower.com with subject of "" validation test engineer "", thank you.",1,0,software_engineering,reviewed:route:programme
mcf,ROYAL ORG PTE. LTD.,People Strategy Associate 🛩  (Travel Opportunity),0,Junior Executive,Full Time,"looking to build a career in marketing where your ideas, communication skills and performance make a real impact? at royal organisation, we are looking for driven individuals who are ready to represent established brands, connect with customers and grow into leadership. through hands-on marketing campaigns, coaching and team development, you will gain practical experience while building the confidence and skills to lead. key responsibilities lead and motivate a sales team to consistently achieve and exceed performance targets. coach and mentor team members through regular training, feedback, and performance reviews. execute face-to-face sales and marketing campaigns on behalf of established clients. recruit, develop, and retain talented individuals to support team growth. monitor team performance, identify opportunities for improvement, and implement effective action plans. foster a positive, high-performance culture built on accountability, collaboration, and continuous learning. what we offer leadership development structured coaching and mentorship to strengthen your leadership, communication, and business management skills. career progression clear advancement opportunities based on performance, initiative, and leadership ability. regional travel opportunities attend networking events, business conferences, and regional projects to broaden your experience. collaborative team culture work alongside ambitious individuals in an environment that values growth, teamwork, and excellence. who we're looking for strong leadership potential with the ability to motivate and influence others. excellent communication and interpersonal skills. a proactive, coachable mindset with a willingness to continuously learn. goal-oriented and driven to achieve both individual and team success. previous experience in sales or team leadership is advantageous but not essential, as comprehensive training is provided. build a career that makes an impact this is more than a leadership position—it's an opportunity to develop people, drive meaningful results, and accelerate your own career growth. if you're ready to lead by example and grow with a high-performing team, we'd love to hear from you. apply today.",1,0,strategy_consulting,reviewed:route:zero-years
mcf,AUDERE MARKETING,(LIMITED LIST🤩)  Full-Time Graduate Development Executive,0,Fresh/entry level,Contract|Permanent|Full Time,"recently graduated or completed national service? kickstart your career through structured coaching, practical experience, and continuous learning. you'll gain • marketing experience. • customer engagement skills. • leadership exposure. • business development knowledge. benefits 💵 weekly pay 🎓 structured development programme 📈 career growth 🏆 leadership opportunities 📩 apply now. shortlisted candidates will be contacted within 2–3 working days .",1,0,sales_marketing,reviewed:route:programme
mcf,SUNYU PHOTONICS PTE. LTD.,Operations Executive,0,Junior Executive,Full Time,"operations executive business operations team – sunyu photonics pte ltd about sunyu photonics sunyu photonics develops advanced wafer-level photonics test systems that enable next-generation silicon photonics devices to move from research laboratories into high-volume manufacturing. this is not a routine administrative role. you will become the operational backbone of our company, supporting engineers, customers, suppliers, and management to ensure our daily operations run smoothly. every day will be different, and your contribution will directly impact our growth. if you enjoy solving problems, learning new skills, and growing together with an ambitious technology company, read on. about the role operations executive this role combines administration, logistics, import & export coordination, and general business operations. working directly with the ceo and engineering team, you will help build the operational foundation of a fast-growing deep-tech company. you will coordinate people, processes, suppliers, and day-to-day operations to keep the business running efficiently. who we are looking for we are looking for someone with a positive attitude, a strong sense of ownership, and the ambition to grow with the company. you enjoy taking on new challenges rather than waiting for instructions. you are resourceful, organised, and willing to learn skills outside your comfort zone. you understand that in a growing company, everyone contributes beyond their job title. you are someone who: takes ownership and follows tasks through to completion without constant supervision. · has a strong 'can do' attitude and enjoys solving problems. · is responsible, dependable, and trustworthy. · enjoys learning new things, adapting to change, and improving processes. · can manage multiple priorities while remaining organised. · communicates professionally with customers, suppliers, and colleagues. · works independently, coordinates across different functions, and is a supportive team player. what you will do business administration · manage company documentation including purchase orders, quotations, invoices, delivery notes, shipping documents, and filing systems. · maintain accurate business records and operational documentation. · coordinate with customers, suppliers, and service providers on administrative matters. logistics & import / export · coordinate local and international shipments. · prepare import and export documentation. · liaise with freight forwarders, customs agents, and logistics providers. · receive incoming goods and arrange outgoing deliveries. · support inventory and shipment tracking. business operations · arrange travel, flight tickets, hotels, transportation, and meeting logistics. · support recruitment and onboarding activities. · liaise with government agencies, regulatory authorities, banks, and external service providers when required. · assist management with operational projects and company initiatives. · support other operational activities required for the company’s growth. impact of your work although this is not an engineering position, your work enables engineers to focus on innovation while ensuring our customers, suppliers, and partners receive professional support. your coordination helps keep projects moving, customers satisfied, and the company operating efficiently. as sunyu photonics continues to grow internationally, your contribution will become increasingly important to our success. career growth this role is designed for someone who wants more than a routine office job. we are looking for someone who wants to build a career in business operations rather than simply perform administrative tasks. as the company expands, you will have opportunities to grow into areas such as: · operations management · business administration · supply chain & logistics · human resources & office management · project coordination requirements 1. diploma in business administration, logistics, supply chain, communications, ",1,0,operations,reviewed:route:zero-years
mcf,SGI ENTERPRISE,Junior Business Marketing Associate,0,Junior Executive,Temporary|Contract|Part Time|Freelance|Permanent|Full Time,"🎉 join the party! we are seeking for junior business marketing associate to join our exciting team! 🤩 as a junior business marketing associate, you will be able to: 🎂 plan and execute amazing events 🤝 collaborate with big brands helping them to increase market value and profit 📈 develop and implement sales and marketing system that tested and proven it works you will be able to get: 💸 payout based on your performance 🎉 dyanmic , fun and supportive environment for your personal and career growth while working with us ✈️opportunities to travel different destinations with us to get networking and exposure opportunities 🔥guided training for 0 experience individuals how to apply: 📲. are you ready to join the party? send your resume,we will contact you within 3 working days once you are shortlisted! #pr",1,0,sales_marketing,reviewed:route:zero-years
mcf,RECRUIT EXPRESS PTE LTD,TA Management Associate (IT),0,Fresh/entry level,Contract|Permanent|Full Time,"responsibilities: partner with hiring managers to develop job descriptions, define candidate requirements, and execute recruitment strategies. source, screen, and interview candidates through job boards, referrals, and professional networks. manage the end-to-end recruitment process, including candidate engagement, job offers, and onboarding coordination. provide regular recruitment updates to hiring managers and hr stakeholders. support business development activities, including stakeholder management and proposal preparation. assist in strategic planning and project execution to ensure timely delivery of objectives. maintain hr records, employee files, leave administration, and documentation in compliance with company procedures. requirements: diploma or bachelors in any discipline, mentorship will be provided excellent communication and interpersonal skills ability to build strong relationships with candidates and hiring managers strong organizational and time management skills with the ability to manage multiple priorities interested applicants, please email , and look for jensen fang lifa recruit express pte ltd ea license no. 99c4599 ea personnel registration number: r2197080 we regret that only shortlisted candidates will be contacted.",1,0,general_management,reviewed:route:zero-years
mcf,RECRUIT EXPRESS SERVICES PTE. LTD.,HR Graduate Programme,0,Fresh/entry level,Contract|Full Time,"job summary: a hr graduate trainee’s job is a hybrid role. it not only encompasses recruitment but also business development, account management, customer service, sales & marketing all rolled into one. it is about understanding people’s needs, motivations, and managing clients’ and candidates’ expectations. responsibilities: business development : initiate a range of business development and marketing activities to build new corporate clients and grow your own client portfolio. account management : manage internal and external stakeholders and clients on their hiring needs. talent acquisition : engage in candidate sourcing activities, such as publishing job advertisements and conducting candidate referrals, to ensure a consistent supply of candidates to meet client's needs. candidate management: manage candidates’ job needs and expectations, their payroll and employment benefits what you get to experience/learn: paired 1 to 1 mentorship guidance according to working style client visits to gain broader experience improved communication skills & problem-solving tactics improved business acumen & sense get to enjoy: annual company bonding events and quarterly motivational workshops great team spirit and working alongside cohesive divisions comprehensive training dynamic working environment exciting opportunities to develop a rewarding career requirements min. diploma/degree in any field of study. strong interest in marketing and/or business development scope applicants with good track record in sports or other co-curricular activities in school will have an added advantage possess optimism, enthusiasm and most importantly, passion for people! on the job training provided! we regret to inform that only shortlisted applications will be contacted. interested applicants, please email your updated cv to reina.ng@recruitexpress.com.sg ea personnel no: r21103938 ea personnel name: reina ng hwee min company registration number: recruit express services pte ltd (13c6614)",1,0,human_resources,reviewed:route:programme
mcf,ROCKWELL AUTOMATION ASIA PACIFIC BUSINESS CENTER PTE. LTD.,Product Security Testing (PST) Trainee,0,Fresh/entry level,Contract,"this position reports to the engineering manager, product security & devsecops and will be trained to: • build end-to-end product security testing capability with strong hands-on emphasis • enable trainee to independently execute vulnerability assessment and penetration testing • embed trainee in real penetration testing engagements early in the program • produce audit-ready and engineering-consumable reports learning outcomes: execute vulnerability assessment and penetration testing activities on firmware and software products • use security testing tools to perform scanning, validation, and testing of real systems • reproduce and validate security issues and clearly document findings • support engineers in understanding vulnerabilities • set up and maintain testing labs and environments for security testing activities • contribute to automation, scripts, and testing improvements to improve efficiency • document and present findings, reports, and learning outcomes technical skills and competencies: • basic knowledge of cybersecurity, vulnerability assessment, or penetration testing concepts • familiarity with linux and scripting (python, bash, or similar) • strong analytical thinking and problem-solving skills • curious mindset with interest in security testing and exploring system weaknesses • ability to work independently and collaborate with engineering teams • hands-on working in lab environments",1,0,software_engineering,reviewed:route:zero-years
mcf,AUDERE MARKETING,(HIRING FAST‼️)  Full-Time Graduate Development Executive,0,Fresh/entry level,Contract|Permanent|Full Time,"recently graduated or completed national service? kickstart your career through structured coaching, practical experience, and continuous learning. you'll gain • marketing experience. • customer engagement skills. • leadership exposure. • business development knowledge. benefits 💵 weekly pay 🎓 structured development programme 📈 career growth 🏆 leadership opportunities 📩 apply now. shortlisted candidates will be contacted within 2–3 working days .",1,0,sales_marketing,reviewed:route:programme
mcf,FEI SIONG FOOD MANAGEMENT PTE. LTD.,F&B Management Trainee,1,Junior Executive,Permanent|Full Time,"position: f&b management trainee industry: f&b quick services concept 6 work days, 60 hours per week | 1 day off on weekday location: islandwide, singapore requirements: degree holder in any field and keen to work in food and beverages industry shortlisted profiles will undergo training in kitchen duties & service crew in front line able work on weekends / public holidays job scope: prepare and cook menu items in accordance with specifications from recipes maintain highest quality and consistent products standards ensure safe and proper use of equipment at all times maintain a high standard of cleanliness in and around workstation and strictly abide with health/sanitation regulations preparation for opening and closing of shop weekly/ monthly inventory reporting implement, enforce and maintain brand and outlet sops to enhance productivity and service quality across all outlets ensure compliance to food safety, hygiene and sanitation standards daily sales reporting to f&b operation manager run basic sop training for untrained part-timers handle staff grievances and staff monthly roster address and resolve customer complaints and issues promptly and professionally any other ad-hoc duties base on operational need",1,0,general_management,reviewed:route:entry-level-title
mcf,HDT SINGAPORE HOLDING PTE. LTD.,Management Associate,0,Professional,Full Time,"roles & responsibilities: 1. work closely with the managing director, following instructions and supporting executive decision making. 2. conduct research in market analysis, perform competitor benchmarking, gather and interpret customer insight to support strategic initiative. 3. assist in preparing report, presentation. 4. participate in business trip as required. 5. any other ad hoc duties assigned by the managing director. requirement / qualification: graduate in any discipline (business administration, logistics, engineering or supply chain management preferred, but not essential). a confident communicator with strong interpersonal skills. ability to think outside the box and work productively in a fast-paced, dynamic environment.",1,0,general_management,reviewed:route:programme
mcf,ZEN CAREER PTE. LTD.,Project Management Associate (Training Provided),0,Junior Executive,Permanent,"details : 5 days work salary up to $4,500 training provided company transport provided from jurong east mrt jobscope : rotate across departments to gain exposure to business operations and management. assist in planning, coordinating, and monitoring construction projects. prepare project reports and support meetings. support sales, marketing, and client engagement activities. assist with facility operations, maintenance, and tenant management. participate in strategic planning, business planning, and feasibility studies. conduct research to improve profitability and reduce business risks. liaise with consultants, engineers, and authorities to ensure project compliance. perform other duties assigned by management. we welcome any candidates with no relevant working experience, with a degree in any discipline. for interested candidates, please submit your updated resume by using the apply now button by submitting your personal data and/or resume to us in connection with your job application, you will be deemed to have agreed and consented to us in collecting, using, retaining, and disclosing your personal data and/or resume to prospective employers for the purpose of the evaluating, processing and administration by company relating to this job application. *we regret to inform that only shortlisted candidates would be notified* we wish you all the best in your career search. zen career pte ltd | ea license no: 24c2559 charlotte lim (limanqi) | ea personnel no: r23113764",1,0,general_management,reviewed:route:zero-years
mcf,YCH GROUP PTE LTD,Executive (Fresh Graduate),0,Executive,Permanent|Full Time,"ych group and its affiliates share a common motto regarding its important valuable asset – its people: “teach a man to fish”. this reflects our commitment to investing in our employees by offering fair development opportunities, helping them to unlock their full potential and supporting their professional and personal goals. if you have a passion for learning and are eager to build your professional career in a fast-paced environment, consider joining one of the largest home-grown logistics and supply chain organisations. below are the various job opportunities currently available in ych group and its affiliated companies: business development incumbent will be part of the team for driving the growth and expanding the organisation’s market presence. the primary focus will be identifying new business opportunities and develop new client pipelines as well as key accounts management in terms of building and maintaining relationships with key accounts. project implementation incumbent will be part of the team for implementing and managing projects from planning through to completion. the primary focus will be cross-functional coordination involving both internal and external stakeholders, gathering resources and ensuring projects are completed on time, within budget and meet quality standards. software engineer incumbent will be part of the team for developing, testing, debugging issues and maintaining software applications or systems. the primary focus will be to create software solutions that meet client’s specific business needs or technical needs and ensuring that the software operates efficiently and effectively. network and security engineer incumbent will be part of the team for implementing, managing and securing the organisation’s network infrastructure. the primary focus will be to ensuring the network infrastructure supports seamless business operations while safeguarding it against cyber-security threats. operations incumbent will be part of the team for managing and coordinating all activities involved in the logistics and supply chain environment. the primary focus is to ensuring smooth, efficient and cost-effective warehouse operations throughout the entire supply chain. perks: no experience needed. mentorship, guidance and on-job-training will be provided. nurturing work environment & staff welfare. shuttle bus service from jurong east mrt station to bulim avenue. job requirements minimum degree or relevant qualification in related discipline. fresh grads are welcome to apply. proficient in microsoft office such as excel, word, powerpoint or programming languages for it engineers roles. great interpersonal skills with the ability to communicate effectively with internal and external stakeholders. strong teamwork, discipline with positive attitude, self-motivated and possess initiative and passion for learning.",1,0,supply_chain,reviewed:route:programme
mcf,BYTEDANCE PTE. LTD.,"Machine Learning Engineer Graduate (Global E-Commerce, Platform Governance) - 2026 Start (BS/MS)",0,Professional,Full Time,"about us founded in 2012, bytedance's mission is to inspire creativity and enrich life. with a suite of more than a dozen products, including tiktok, lemon8, capcut and pico as well as platforms specific to the china market, including toutiao, douyin, and xigua, bytedance has made it easier and more fun for people to connect with, consume, and create content. why join bytedance inspiring creativity is at the core of bytedance's mission. our innovative products are built to help people authentically express themselves, discover and connect – and our global, diverse teams make that possible. together, we create value for our communities, inspire creativity and enrich life - a mission we work towards every day. as bytedancers, we strive to do great things with great people. we lead with curiosity, humility, and a desire to make impact in a rapidly growing tech company. by constantly iterating and fostering an ""always day 1"" mindset, we achieve meaningful breakthroughs for ourselves, our company, and our users. when we create and grow together, the possibilities are limitless. join us. diversity & inclusion bytedance is committed to creating an inclusive space where employees are valued for their skills, experiences, and unique perspectives. our platform connects people from across the globe and so does our workplace. at bytedance, our mission is to inspire creativity and enrich life. to achieve that goal, we are committed to celebrating our diverse voices and to creating an environment that reflects the many communities we reach. we are passionate about this and hope you are too. team introduction the team use the most advanced ai technology to combat various risks/violations in our e-commerce platform, maintain platform security, build a good e-commerce ecosystem, and empower business teams to improve work efficiency. we pursue the ultimate risk detection capability. the fairness and sustainability of the e-commerce ecosystem, high-quality content and merchandise are areas where we are constantly striving for improvement. we are looking for talented individuals to join our team in 2026. as a graduate, you will get opportunities to pursue bold ideas, tackle complex challenges, and unlock limitless growth. launch your career where inspiration is infinite at our company. successful candidates must be able to commit to an onboarding date by end of year 2026. please state your availability and graduation date clearly in your resume. candidates can apply to a maximum of two positions and will be considered for jobs in the order you apply. the application limit is applicable to our company and its affiliates' jobs globally. applications will be reviewed on a rolling basis - we encourage you to apply early. responsibilities - responsible for using algorithms to mine, identify, and predict risks and low-quality merchants, products, and creators in e-commerce scenarios, and assist businesses in managing and controlling them. - responsible for using algorithms to identify events and behaviors that affect product experience and efficiency, and building data models to help create a favorable ecosystem and support business operations. - participate in building data for various entities such as e-commerce live streaming/video, products, merchants, and creators, building large-scale network/feature sequence models to support business scenarios such as content understanding, multimodal representation, community mining, and solve problems related to products, live streaming, and video management, and provide support for them. - participate in building a large-scale graph storage and graph learning platform to improve relationship building and governance within the e-commerce community. - explore and research cutting-edge technologies in machine learning/graph learning/sequence learning and related fields, implement these technologies in practical business scenarios, and support the production of scalable and optimised machine learning models. min",1,0,data_science,reviewed:route:programme
mcf,WHITE SOCIETY PTE. LTD.,HSBC Life Investment Advisor,0,Executive,Full Time,"provide investment advice and guidance to clients: - offer personalized investment advice and recommendations - help clients understand investment options and strategies - provide guidance on portfolio management and asset allocation manage client portfolios and develop investment strategies: - create and manage client investment portfolios - develop investment strategies aligned with client goals and risk profile - monitor and adjust portfolios as needed conduct market research and due diligence on investments: - research investment products, markets, and trends - assess investment opportunities and risks - conduct due diligence on potential investments ensure client investments meet their goals and risk profile: - ensure investments align with client objectives and risk tolerance - monitor portfolio performance and adjust as needed - communicate regularly with clients on portfolio performance and strategy",1,0,strategy_consulting,reviewed:route:zero-years
mcf,AEGIS TECHNOLOGIES PTE. LTD.,Software Engineer (Systems Architecture),0,Fresh/entry level,Permanent|Full Time,"this role is ideal for engineers who enjoy exploring emerging technologies, evaluating new development tools, and continuously improving engineering productivity. at aegis technologies, innovation is encouraged—you'll have the freedom to experiment with modern technologies, automation tools, ai-assisted development, and new engineering practices that help build better software faster. you will work alongside experienced engineers throughout the complete software development lifecycle, from system design and architecture to implementation, optimization, deployment, and continuous improvement. responsibilities design, develop, and maintain high-performance software systems and scalable system architectures. analyze hardware and software resource requirements to achieve optimal system performance and reliability. participate in the complete software development lifecycle, including requirements analysis, system design, implementation, testing, deployment, and maintenance. optimize multi-threaded and multi-core applications for performance and scalability. design and optimize databases and data processing pipelines. perform system profiling, debugging, benchmarking, and performance tuning across software components. conduct code reviews and contribute to engineering standards, knowledge sharing, and continuous improvement. research, evaluate, and adopt emerging technologies, frameworks, ai-assisted development tools, and engineering practices that improve product quality and development efficiency. requirements proven experience in software development with strong understanding of system design and software architecture. strong experience working in linux environments. experience with multi-threaded and multi-core programming. solid understanding of postgresql or other relational database systems, including data modelling and performance optimization. strong analytical and problem-solving skills with the ability to design efficient and scalable systems. passion for learning new technologies and keeping up with industry trends. curiosity to explore modern development tools, automation, and ai technologies that improve engineering productivity. ability to work independently while collaborating effectively within a dynamic engineering team. familiarity with writing testable code and applying software engineering best practices.",1,0,software_engineering,reviewed:route:zero-years
mcf,NANYANG TECHNOLOGICAL UNIVERSITY,Research Scientist (Electrical Engineering /Computer Engineering/Computer Science/AI/Data Science),0,Professional,Contract|Full Time,"the alibaba-ntu global e-sustainability corplab (angel) represents a key collaboration between alibaba group and nanyang technological university (ntu). supported by the singapore rie2025 fund, angel creates and deploys impactful green digital technologies for global sustainability. angel’s mission aligns seamlessly with singapore’s national objectives, such as the singapore green plan 2030 and the singapore smart nation initiative. angel’s work in developing sustainable and equitable digital solutions and promoting a sustainable and green lifestyle will contribute to a smaller carbon footprint. its holistic approach will help to secure a brighter, more sustainable future for humanity. we are seeking to hire a research scientist to support an advanced research programme on vector search on high-dimensional vectors. this role directly contributes to ntu’s mission of advancing cutting-edge ai technologies by developing next-generation methods that improve the performance, reliability, and efficiency of vector search systems. the research scientist will contribute to translating research outcomes into practical sustainability standards methodologies. key responsibilities: develop quantitative sustainability indicators and performance metrics for sustainability living and smart communities. design data-driven assessment methodologies for environmental, social, and governance (esg) performance evaluation. develop ai-enabled measurement and monitoring frameworks for sustainability applications. build digital tools for sustainability data collection, validation, visualization, and reporting. apply machine learning, optimization, and statistical analysis to evaluate sustainability performance. design trustworthy ai methodologies to ensure transparency, robustness, fairness, and reproducibility in sustainability assessments. conduct literature reviews, design experiments/surveys in sustainability, data collection and analysis, develop and test the statistical and computational models for the metrics. coordinate with research team and communicate with collaborators prepare research proposals, technical reports, scientific publications, arising from the research. job requirements: phd in electrical engineering, computer engineering, computer science, ai, data science, or a closely related discipline. strong research background in machine learning, optimization, ai systems, or data analytics. experience developing quantitative evaluation methodologies or performance metrics. strong programming skills in python and modern ai frameworks (e.g., pytorch, hugging face). experience with optimization algorithms, statistical modelling, or large-scale data analysis. excellent scientific writing and publication record. ability to work independently and collaborate across multidisciplinary teams. we regret to inform that only shortlisted candidates will be notified.",1,0,data_science,reviewed:route:zero-years
mcf,ONE TECH STOP PTE. LTD.,Data Scientist Intern (AI Analyst Intern),0,Non-executive,Internship/Attachment,"this internship offers a unique blend of business analysis and data science exploration within the ai landscape. as a data scientist intern (ai analyst intern), you'll conduct market research to identify key industry challenges addressable by ai, engage with stakeholders, and contribute to data analysis and development efforts. responsibilities: conduct thorough market desktop research across diverse industries to identify and articulate key business pain points that ai/ml solutions can potentially address. research business opportunities and bridge the gap between ai and business for customers. collaborate with ai engineers and analysts to understand the technical requirements and feasibility of proposed ai/ml solutions. assist in exploratory design and development of functional prototypes and proof-of-concepts for identified ai/ml applications. experiment with different ai/ml libraries, frameworks (e.g., tensorflow, pytorch, scikit-learn), and relevant technologies to implement prototype functionalities. document the design, development process, and performance of the prototypes, contributing to knowledge sharing within the team. required skills and qualifications: currently pursuing or having completed a bachelor’s degree in business analytics, data science, computer science, ai, engineering, or a highly related field is required. proficiency in python and sql, along with relevant data science libraries (e.g., numpy, pandas, scikit-learn, tensorflow, pytorch). experience with data preprocessing, feature engineering, and model evaluation techniques or projects. prior experience (academic, internship, or project-based) in market research, business analysis, or a similar function, with a proven ability to translate business needs into technical requirements good to have experience in building and testing small-scale applications or prototypes (academic projects, personal projects, or contributions to open-source projects are acceptable). ability to communicate technical concepts effectively and collaborate with cross-functional teams. strong problem-solving abilities and the capacity to engage in analytical reasoning are essential. a strong drive to continuously learn and adapt to the evolving landscape of ai technologies and methodologies is essential. a proactive, curious, and experimental mindset, with a demonstrated passion for innovation and problem-solving. able to commit to a 6 months full time internship duration. this is a full work-from-office (wfo) internship.",1,1,data_science,reviewed:route:zero-years
mcf,VANTAGE POINT SECURITY PTE. LTD.,Associate Security Consultant (Penetration Testing),0,Professional,Full Time,"role purpose: the associate security consultant attains crest crt certification, learns other security assurance skills and assists in delivering penetration testing & offensive security projects to ensure a successful outcome that at least meets or exceeds the expectations of our clients. role outcomes: mentored to achieved crest crt certification within 4 months of joining vantage point. complete the associate consultant training program to become competent with the use of penetration testing tools and techniques, including manual testing, automated application vulnerability scanning/testing tools and source code review techniques. perform penetration testing projects as part of a team to ensure they are delivered efficiently and on schedule. all client data is managed in strict accordance with vantage point security data security and protection policies throughout the project. role responsibilities: achieve crest crt certification within 4 months of joining vantage point. complete the associate consultant training program comprising the learning of penetration testing tools and techniques, including manual testing, automated application vulnerability scanning/testing tools and source code review techniques. support senior consultants and security consultants to perform manual penetration tests of websites, services, infrastructure, networks, iot devices, and mobile applications to discover and report exploitable vulnerabilities. clearly document findings and recommendations. help to provide an environment where everybody is continuing to learn and develop. continuously learn and master new hacking methods in new and emerging technologies.",1,0,management_consulting,reviewed:route:zero-years
mcf,AIMS MANPOWER SOLUTIONS PTE. LTD.,Sales Consultant,0,Non-executive,Permanent|Full Time,"at aims, we pride ourselves to be the market leader in the immigration industry. we are able to achieve this status with a successful sales team. our singapore team is seeking experienced sales professionals who have the aspiration and ability to help clients to fulfill one of their most important life decisions - migrating to another country. our immigration consultant excels in managing leads, building relationships and closing deals. being a quick learner with strong negotiating skills, our consultant is able to showcase our services and strengths in every client engagement in a personable and professional manner. objectives of this role represent our company’s services and have comprehensive understanding of sales process in a b2c environment achieve revenue growth by focusing on monthly and annual sales targets proactive leads management and organise daily work schedule for successful client engagements organise daily work schedule for successful client engagements keep abreast of immigration policy changes globally and adjusting sales strategy accordingly to achieve a successful outcome basic salary + commission responsibilities identification of new sales opportunities from our various sources of client engagement set daily appointments, make effective sales calls and manage the sales cycle to close new business possess comprehensive knowledge of our immigration programs and able to conduct client meetings professionally prepare professional and updated proposals and materials for presentations to referring channels and clients achieve sales targets by assessing client needs and following a defined sales process actively leveraging on social media to build aims brand essence and leadership in the industry work with other immigration consultants to meet sales targets collectively demonstrate high service standards expected of a market leader willing to work 5.5-day week skills and qualifications highly motivated and will excel in a target and results-driven environment excellent communicator and problem-solver with strong interpersonal and organizational skills personal integrity team player proven successful sales track record in a b2c setting social media savvy diploma and above",1,0,management_consulting,reviewed:route:zero-years
mcf,NEXTSOFT PTE. LTD.,Product Manager（Games Industry）,2,Senior Executive,Full Time,"what you will do as our game product manager, you’ll be at the heart of driving the entire product lifecycle — from initial concept to launch — turning ideas into games and interactive products that players love. end-to-end lifecycle management: lead the execution of all product lifecycle processes, including market research, competitive analysis, feature planning, positioning, and successful game launches. cross-functional collaboration: translate product strategy into clear, actionable requirements for prototypes and final development, working closely with engineering, art, and design teams. documentation & strategy: prepare comprehensive product strategy documents that define use cases, technical requirements, game mechanics, and overall business impact. release management: collaborate with engineering, marketing, and business teams on development, qa, and release schedules — ensuring resources are balanced for success across the organization. what you will bring we’re looking for someone who is curious, highly collaborative, and deeply passionate about the games industry . games industry experience: minimum 1–2 years of experience as a product manager specifically within the video games or interactive entertainment industry (e.g., mobile games, pc/console platforms). market insight: experience in building and scaling products for emerging markets is a strong plus. communication skills: excellent communication and presentation skills to effectively pitch ideas to stakeholders and align cross-functional teams. language proficiency (business requirement): proficiency in mandarin (both written and spoken) is required. this role strictly entails managing chinese-language game content, overseeing localization processes, and maintaining daily communication with our mandarin-speaking development partners and clients. what we offer join us and enjoy more than just a job — we provide the right environment and rewards for you to grow, thrive, and succeed. supportive & collaborative culture: work with friendly, talented colleagues who value teamwork, creativity, and open communication. career growth & development: continuous learning opportunities, skills training, and a clear path for advancement within the game development sector. attractive compensation package: competitive base salary alongside employer cpf contributions, aws (13th-month supplement), quarterly performance bonuses, and a variable year-end bonus. comprehensive benefits: fully covered medical insurance, annual company trips, and a variety of additional employee perks designed to support your work-life balance and well-being.",0,0,product_management,reviewed:veto:seniority-in-title
mcf,TUNG LOK CATERING,Management Associate,1,Non-executive,Full Time,"responsibilities: handle guest inquiries and resolve complaints in a professional manner ensure that all the supplies and stocks in the outlet are sufficient for the day-to-day operations support daily restaurant operations to ensure smooth service and high guest satisfaction maintain an attractive and an orderly appearance in the outlet ensure that all staff are properly informed on the promotions and information contribute ideas to improve operational efficiency, customer service, and revenue generation any other ad-hoc duties as assigned by the company requirements: prior experience in a similar kitchen role is preferred excellent customer service and communication skills friendly, positive attitude and team-oriented mindset service oriented and passionate working in f&b industry able to work on weekends and public holidays ability to work in a fast-paced environment whatsapp 91834574 for more information",1,0,general_management,reviewed:route:programme
mcf,GOOGLE ASIA PACIFIC PTE. LTD.,"Strategy and Insights Manager, Large Customer Sales - Singapore, Jakarta or Taguig",2,Professional,Full Time,"product area google's large customer sales (lcs) teams are strategic partners and industry thought leaders to the world's leading brands and agencies. we continuously challenge how customers think about their business and how google can support growth. we focus on helping these players navigate profound industry shifts and drive outsized business performance by competitively selling google's full suite of advertising solutions across search, youtube, measurement, and more. as a member of our lcs team, you'll have the unique opportunity to sell at the forefront of technology, collaborating with executives, influencing market-shaping strategies, and delivering tangible results that significantly impact major global businesses and drive the growth of google. job description businesses of all shapes and sizes rely on google’s unparalleled advertising solutions to help them grow in today's dynamic marketing environment. you bring a passion for sales, knowledge of online media, and commitment to maximize customer success. you act like an owner, move with velocity through change, finding innovative and strategic ways to consistently deliver extraordinary and incremental outcomes for both google and your customers. you build trusted relationships with customers, uncovering their business needs and translating them into powerful solutions to achieve their most ambitious goals. you achieve as a team with sellers, shape the future of advertising in the ai-era, and make a real impact on the millions of companies and billions of users that trust google with their most important goals. additional job description in this role, you will drive industry intelligence. you will be a trusted industry advisor, and a commercially-minded strategist. you will be responsible for developing and owning thought leadership, developing new third-party research, and presenting industry-shifting perspectives at google and external industry events. you will act as a trusted advisor to c-level clients, focusing on big industry shifts and growth advisory. you will engage with sales leaders and google advertisers to show sales growth opportunities, win budgets, and identify key consumer, category, and seasonal opportunities. you will enhance the engaging intelligence with new data sources and deliver to strengthen the engaging advantage, analyze consumer behavior and managing data partnerships to industry expertise. qualifications job responsibilities own the industry thought leadership plan, develop new third-party research, and present industry-shifting perspectives at google and external industry events. act as a trusted advisor to c-level clients, focusing on big industry shifts and growth advisory. engage with sales leaders and google advertisers to show business growth opportunities, win budgets, and identify key consumer, category, and opportunities. enhance the market intelligence with new data sources and deliver to strengthen the business advantage. identify and analyze opportunities, including new consumer behaviors, and changing shopping journey. minimum qualifications bachelor's degree or equivalent practical experience. 2 years of experience in media analytics, advertising sales, digital media and marketing, or consulting. preferred qualifications experience in c-level engagement and managing cross-functional partnerships. experience in working within sales teams to deliver quality results. knowledge of generating customer-centric, commercially-motivated, and engaging insights. ability to transform data into narratives that drive executive discourse and action. ability to use evolving data infrastructure and ai to uncover opportunities. excellent entrepreneurial mindset, with the ability to leverage insights for business growth.",0,0,sales_marketing,reviewed:veto:seniority-in-title
mcf,BIZSAVER PTE. LTD.,Management Trainee (High Performance Incentives) - Business Banking,0,Fresh/entry level,Permanent|Full Time,"purpose of the role: as a management trainee, you will be involved in the sales and marketing of a wide spectrum of banking products and services to meet the financial, property and protection needs of small-medium-enterprises (sme). products include commercial property management and loans, trade facilities, business loans, asset-based financing, business protection etc. your specific responsibilities include: key roles & responsibilities (business development, research, strategy and planning) solicit and develop new working relationships, warm lead referrals from existing customers and/or network partake in sales and marketing activities in generating prospects market company’s suite of financial products to potential customers. provide prudent financial, property and protection solutions to meet the needs of sme customers customer relationship management to spot new business opportunities, understand customers' requirements, structure deal and proper evaluation of credit risks to achieve a balance stance for the customer identify, develop, and implement marketing strategies to maintain competitiveness ensure proper advisory procedures and documentation while adhering to mas policies, business processes and regulatory requirements (i.e. faa, aml, cdd, kyc and other related statutory acts) job requirements good working attitude & ethics will be strongly considered experience with insurance, property, direct sales welcome! diploma/degree in accountancy/business administration/banking & finance will be an added advantage exposure to corporate lending/credit will be an added advantage strong acquisition skills and confidence to do well under pressure strong analytical and interpersonal skills excellent communication skills. results-oriented, dynamic and self-driven competent in engaging and managing internal and external clients proven ability to exceed sales target resourceful and able to work with minimal supervision apply now and make a difference. as a management trainee, you will be involved in the sales and marketing of a wide spectrum of business banking products and services to meet the financial and investment needs of small-medium-enterprises (sme). be a part of bizsaver family fast and strong-growing business solutions company! learn about business loans, trade finance, mortgage, property management and many more! meet, greet and provide comprehensive business solutions to business owners! multiple income streams! unlimited earning potential! explore, develop and enjoy your highest earning potential with bizsaver!",1,0,general_management,reviewed:route:programme
mcf,STREET FOOD COLLECTIVE PTE. LTD.,Assistant Supervisor Trainee | Rise Bakehouse,2,Professional,Full Time,"job overview as an assistant supervisor trainee at rise bakehouse, you will undergo structured on-the-job training to develop the knowledge, skills, and leadership qualities required to support the daily operations of the café. you will work closely with the management and outlet supervisor to ensure excellent customer service, operational efficiency, and adherence to the company's standards. key responsibilities assist the outlet supervisor in overseeing the day-to-day operations of the café. deliver exceptional customer service and ensure a welcoming dining experience for all guests. support and guide team members to ensure smooth daily operations and effective teamwork. assist in opening and closing duties, including cash handling and outlet readiness. ensure food and beverages are prepared and served according to rise bakehouse's quality standards. monitor cleanliness, food safety, hygiene, and workplace safety standards at all times. handle customer feedback and resolve service issues professionally, escalating matters when necessary. assist in inventory management, stock ordering, stock receiving, and stock control. learn staff scheduling, manpower planning, and operational coordination under the guidance of management. support the onboarding and training of new employees to ensure consistent service standards. assist in achieving outlet sales targets, customer satisfaction, and operational kpis. carry out any other duties assigned by the management. key performance expectations (kpis) demonstrate consistent leadership potential, accountability, and professionalism. deliver excellent customer service and maintain high customer satisfaction standards. maintain strong product knowledge, including food, beverages, and promotions. ensure compliance with company sops, food hygiene, and safety standards. communicate effectively with team members and management. show initiative in problem-solving and supporting daily operations. develop the skills and competency required to progress into a supervisor role.",0,0,operations,reviewed:veto:seniority-in-title
mcf,SHIMMER N SHINE PTE. LTD.,Salon Manager cum Consultant,2,Manager,Full Time,"we are looking for a results-driven salon manager cum consultant to oversee daily operations and drive business growth across our beauty outlets. 1. operations management manage day-to-day salon operations ensure smooth service flow and appointment scheduling maintain cleanliness, hygiene, and sop standards handle customer enquiries, bookings, and complaints monitor stock levels and coordinate replenishment 2. sales & performance achieve monthly sales targets drive upselling of packages, add-ons, and promotions monitor daily sales performance and staff productivity improve conversion rate (walk-in → customer → package) 3. team management & training supervise and manage therapists/staff prepare staff schedules and ensure adequate manpower train team on service skills, customer service, and sales motivate team to achieve targets 4. business development (consultant role) analyze outlet performance and identify improvement areas suggest pricing, promotions, and marketing strategies improve customer retention and repeat business support marketing campaigns (whatsapp, in-store promotions) 5. customer experience ensure high service standards and customer satisfaction build strong relationships with regular and vip clients handle feedback and resolve issues professionally requirements experience in beauty / eyelash salon industry strong sales and customer service skills leadership and team management experience able to work retail hours, weekends & public holidays",0,0,management_consulting,reviewed:veto:seniority-in-title
mcf,THE SUPREME HR ADVISORY PTE. LTD.,Management Trainee [Islandwide| Min Degree ] {hkhdv},1,Manager,Permanent|Full Time,"f & b management trainee working hours: 6 days, 55 working hours work week location: islandwide salary: up to $ 3800 requirements: degree holder able work on weekends / public holidays job scope: prepare and cook menu items in accordance with specifications from recipes maintain highest quality and consistent products standards ensure safe and proper use of equipment at all times maintain a high standard of cleanliness in and around workstation and strictly abide with health / sanitation regulations any other ad-hoc duties base on operational needs interested applicants can also send your resume to wa:+65 88141540 (dominic) and allow our consultant to match you with our clients. there are more related or other job to match as well. no charges will be incurred by candidates for any service rendered. ho kay heng dominic reg no: r26162365 | the supreme hr advisory pte ltd ea no: 14c7279",1,0,general_management,reviewed:route:programme
mcf,NANYANG TECHNOLOGICAL UNIVERSITY,Research Fellow (Math Foundation of AI),1,Professional,Contract|Full Time,"the school of physical and mathematical sciences (spms) at ntu singapore hosts research and education activities in two divisions: division of mathematical sciences (mas) and division of physics and applied physics (pap). mas covers diverse topics ranging from pure mathematics to the applications of mathematics in cryptography, computing, business, and finance. pap covers many areas of fundamental and applied physics, including quantum information, condensed matter physics, biophysics, and photonics. over the years, spms has attracted talented individuals from around the world and singapore to join as scientific leaders and researchers. the group of wang zhongjian is looking for postdocs working on scientific computing and machine learning related topics. the funding is currently under a moe grant entitled: towards infinite dimensional generative models. the contract period of the position is up to three years subject to funding availability. applicants should be familiar with and have track records in at least one of the following fields: approximation of neural networks, convergence of langevin/mc sampling, analysis and algorithm design of interacting particle systems, operator learning, regularity theories in inverse/scattering problems. once successful, the candidate is expected to transfer their expertise to machine learning/scientific computing in collaborations with other group members (phd students, exchange graduate students, etc). when projects are required, the group will provide reasonable gpgpu computing resources from the nscc. the review of candidates will be conducted monthly until all the positions are filled. once applied on workday, the candidate may drop an email with application packages for faster screening. key responsibilities: research paper/proposal writing teaching assisting graduate student mentoring job requirements: a phd degree in mathematics or related areas, with focus on numerical analysis or machine learning. experience in computational math. proficient in coding languages, such as c, c++, fortran, and python. strong written and verbal communication skills strong publication record we regret to inform that only shortlisted candidates will be notified.",0,0,finance_accounting,reviewed:veto:academic-track
mcf,ETONHOUSE PRE-SCHOOL PTE LTD,Trainee Teacher,1,Fresh/entry level,Full Time,"the trainee teacher will assist the english/mandarin teacher and the principal in the execution of professional duties and responsibilities. working alongside english/mandarin teacher, provide appropriate learning experiences for children within an inquiry, play-based context assist the english/mandarin teacher in documenting the children’s learning through contributions via newsletters, portfolios etc. create a warm and nurturing environment for children build and maintain close partnership with parent 协助英文/中文老师建立分组式活动、探索为主导、娱乐为背景的教学模式； 具有积极的团队合作力； 保持与家长的良好沟通； 协助英文/中文老师通过校园通讯、班级告示板及儿童成长观察报告记录孩子的学习经历； 提供积极的语言环境，激发孩子学习华文的热情。 qualifications good communication and interpersonal skills able to work well independently as well as within a team 幼儿教育文凭，持有本科相关学历者优先； 普通话标准，写作规范； 工作积极，有责任感。 fresh and mid career switch are welcome to apply. locations: islandwide",1,0,other,reviewed:route:entry-level-title
mcf,SIJIMINFU-JUMBO PTE. LTD.,Management Associate,1,Non-executive,Full Time,"job responsibilities: to conduct services on ground but not limited to servicing, food ordering, reservations, cashiering duties etc to undergo trainings for the skill sets of non-supervisory roles to understand and perform the functions to undergo trainings for supervisory roles and responsibilities so as to be able to lead and manage both operations and management complete all trainings and acquire the knowledge and skills to perform independently within the targeted timeline up to assistant manager perform duties in the best interest of the company, ensuring that the corporate vision, mission statement and values are upheld ensuring all policies and procedures of the company are followed accordingly any other jobs or duties assigned by the restaurant manager from time to time job requirements: minimum 1 year working experience in food & beverages industry fresh graduates are welcomed to apply too possess good working attitude team player with good interpersonal communication skills, positive attitude, enthusiasm, and initiative",1,0,general_management,reviewed:route:programme
mcf,INTERLOCAL EXIM PTE LTD,Management Associate (Sales & Marketing),1,Fresh/entry level,Full Time,"job summary drive growth in the region by supporting and developing existing distributors, as well as identifying new partners and opportunities. benefits: annual leave & variable bonus medical / dental / insurance benefits enhance learning opportunities the role: drive growth in the region by supporting and developing existing distributors, as well as identifying new partners and opportunities in the region assist in formulating high-impact plans based on penetrating customer, competitor, and market insights set the objectives, and establish marketing and promotional plans together with customers competent execution and customer marketing activation resulting in competitive advantage with strategic customers stay abreast with key market trends and intelligence with the ability to seek new business opportunities and formulate sales strategies to capitalize on growing the business meet regularly with distributors and trade partners to ensure appropriate distribution and presence of the brands requirements: diploma holder and above entry-level candidates are welcome to apply excellent interpersonal and communication skills flexibility to adapt to changing environment and marketing conditions analytical and data literate, detail-oriented proficient in ms excel required to travel or be based overseas if you possess what it takes, we invite you to submit a detailed resume stating your current and expected salary. we regret that only shortlisted candidates will be notified.",1,0,sales_marketing,reviewed:route:programme
mcf,THRIVE ORGANIZATION PTE. LTD.,Brand Ambassador (Fresh Grad Welcome!),0,Fresh/entry level,Part Time|Permanent|Full Time,"build your future. grow beyond your first job. your first career move should be more than just gaining work experience, it should help you develop the confidence, communication skills, and leadership qualities that will benefit you throughout your career. if you’ve recently completed national service, are a fresh graduate, or are looking for a dynamic environment where you can challenge yourself and grow, we’d love to hear from you. no prior experience? that’s okay. we provide structured training and mentorship to help you succeed. what you’ll do represent established brands through face-to-face marketing campaigns. engage customers professionally and create positive brand experiences. build practical communication, teamwork, and leadership skills. participate in ongoing coaching and development programmes. work closely with a supportive team to achieve campaign goals. what you’ll gain comprehensive training and one-to-one mentorship. clear career progression based on performance and development. opportunities to develop leadership and interpersonal skills. a collaborative, supportive, and energetic work environment. regional learning and exposure opportunities. who we’re looking for fresh graduates are encouraged to apply. individuals who have recently completed national service are welcome. positive, driven, and eager to learn. enjoy working with people in a team-oriented environment. comfortable in a customer-facing role. requirements no prior experience required. full training will be provided. applicants must be singapore citizens or singapore permanent residents. if you’re looking for an opportunity to invest in yourself, build transferable skills, and develop a rewarding long-term career, we’d love to hear from you. apply today and take the first step in your professional journey.",1,0,other,reviewed:route:programme
mcf,INNOVATION ORGANIZATION PTE. LTD.,Campaign Management Trainee ⚡️,1,Fresh/entry level,Full Time,"innovation organization is a company appointed by local and international clients from diversified industries to build their marketing presence and services we are seeking a driven and ambitious campaign management trainee to join our sales and marketing team responsibilities: acquire and implement strategies to expand consumer base leading team and sales projects to meet client objectives oversee the performance of marketing events and outreach review the effectiveness of strategies according to campaign targets assist with overall support to the team and identify ways to facilitate progression requirements: goal-oriented and process-driven mentality self-motivated with a creative character a business mindset, passion for achieving as part of an excelling team attitude to contribute and develop alongside the company passport ready if you are looking forward to working with some of the leading establishments in the international market, here is your opportunity to kickstart a career in the sales and marketing field!",1,0,general_management,reviewed:route:entry-level-title
mcf,JJ CONSULTING SERVICES,Trainee Air Hub Lead - Baggage,1,Executive,Permanent,"​ our client is a global leader in gateway services, who is seeking to recruit a trainee air hub lead - baggage. this position is based in singapore. trainee air hub lead - baggage responsibilities supervise baggage operations to ensure baggage are dispatched to aircraft in a timely manner as per airlines' requirements or stipulations by the aviation authority. requirements • diploma in any discipline • comfortable with shift work • physically fit jj consulting services ea licence no.: 12c6207 applicants are invited to send in a ms word resume to jobs@jjconsulting.com.sg stating position applying for/present/expected salaries and earliest available date. we thank all applicants in advance and regret that only short listed candidates will be notified.",0,0,operations,reviewed:veto:seniority-in-title
mcf,MA KUANG CHINESE MEDICINE & RESEARCH CENTRE PTE LTD,Management Trainee,1,Executive,Full Time,"as part of our growth and talent development strategy, we are seeking a dynamic and driven management trainee to join our organisation. this role is designed for individuals who aspire to develop a strong understanding of healthcare operations through hands-on exposure across multiple departments, with the opportunity to grow into future leadership roles. job responsibilities participate in a structured management trainee programme with rotations across key departments, including operations, human resources, marketing, finance, and logistics & it. gain hands-on exposure to daily operational workflows, business processes, and cross-functional collaboration. work closely with department heads and team leads to understand departmental objectives, challenges, and performance metrics. assist in reviewing, analysing, and improving internal processes to enhance efficiency and service quality. support departmental projects, initiatives, and day-to-day operations as assigned. collect, consolidate, and prepare reports related to operations, manpower, performance, and project outcomes. participate in staff engagement activities, internal communications, and company-wide initiatives. support coordination of onboarding, training, and orientation programmes across departments. represent the company at internal and external events, meetings, or industry-related activities when required. requirements diploma or degree in business administration, management, human resource management, healthcare management, or a related discipline. fresh graduates are welcome to apply; candidates with up to 2 years of working experience will have an advantage. strong interest in management, business operations, and organisational development. good analytical, organisational, and problem-solving skills. proficient in microsoft office, especially excel and powerpoint. strong communication and interpersonal skills, with the ability to work effectively across different teams. proactive, adaptable, and willing to learn in a fast-paced and dynamic environment. able to handle sensitive and confidential information with professionalism.",1,0,general_management,reviewed:route:programme
mcf,THE SUPREME HR ADVISORY PTE. LTD.,Product Manager (FinTech) - LCYL,2,Executive,Permanent|Full Time,"product manager working location: 51 bras basah road, lazada one s189554 working hours: 8am to 5pm/8.30am to 5.30pm/9am to 6pm/930am to 630pm (flexi) working days: monday - friday salary range: $3500 - $3800 k ey role(s), responsibilities and duties define and communicate the product vision, strategy, and road map in alignment with company goals and business objectives collaborate with clients, stakeholders, and internal teams to gather and define project requirements, scope, objectives, and acceptance criteria prioritise the product backlog and manage the entire product lifecycle from conceptualisation to post-launch optimization break down complex requirements into actionable engineering tasks, set timeframes, estimate timelines with engineering teams, and establish detailed project plans monitor project progress, identify technical risks, develop mitigation strategies, and address issues promptly act as the central point of contact, translating technical concepts into business-friendly language and communicating project status to all participants and leadership conduct user testing and internal dogfooding cycles, gather feedback, triage issues, file actionable tickets, verify fixes, and communicate outcomes to stakeholders drive product adoption and user engagement by analysing usage patterns, identifying drop-off points, and implementing strategies to improve retention and active usage engage proactively with product owners, business units, and branch teams to understand on-the-ground needs, conduct training sessions, and gather feedback for product improvements define and monitor key product metrics and analytics to assess performance and identify areas for improvement create and maintain comprehensive product and project documentation, including technical decisions, architecture changes, plans, and reports coordinate technical reviews, sign-offs, and testing efforts to ensure requirements and quality standards are met before deployment, and monitor post-deployment issues plan and write release notes and newsletters for product updates, and stay current with industry trends through market research and competitor analysis utilise project management tools to track work hours, plan execution, and monitor expenditures facilitate technical knowledge sharing between team members and provide user support, ensuring queries and issues are addressed promptly support administrative tasks such as scheduling meetings, taking minutes, and executing necessary legal paperwork including contracts and terms of agreement requirements bachelor is degree in computer science, engineering, business administration, finance, it, or a relevant field proven experience as a product manager, product owner, project manager, project coordinator, or similar role within fintech, financial services, or technology-driven companies hands-on experience managing all stages of the product lifecycle and working with cross-functional teams to deliver high-quality digital products technical background with knowledge of software development and web technologies strong knowledge of agile methodologies, product management principles, and software development lifecycle lsdlcm proficient in analytics platforms (e.g., google analytics, statsig, posthog) and a/b testing tools familiarity with project management software tools, methodologies, and best practices certification in product management (e.g., certified scrum product owner) is a plus cheong yeat long | r25145358 the supreme hr advisory pte ltd | ea 14c7279",0,0,product_management,reviewed:veto:seniority-in-title
mcf,STAR CAREER CONSULTING PTE. LTD.,Relationship Manager(Insurance & Investment),1,Professional,Contract|Freelance|Full Time|Internship/Attachment,"relationship manager(investment) offshore/onshore benefits competitive compensation package(monthly allowance + commission + incentives + quarterly bonus + year end bonus) various incentive trips build a growing stream of recurring income professional development and mentorship to break barriers role become a part of our team and start a fulfilling career where you'll make a real difference in the lives of your clients. we are dedicated to delivering exceptional financial guidance and services, empowering our clients to reach their financial goals and ensure a secured future. if you love making a positive impact and enjoy working in a client-focused environment, this is the opportunity for you. responsibilities 1. client acquisition through various prospecting strategies. 2. review prospective/existing client portfolio. 3. propose solutions and planning for client investment and insurance needs. 4. client management and retention. 5. attend and respond to customer queries professionally. 6. service and review financial portfolios in maintaining a long-term customer relationship. requirements · diploma or degree from a recognized institution in any field · passionate to make a difference · adventurous, driven with entrepreneurial spirit; creative problem solver with an open mind · outspoken with excellent communication & interpersonal skills · equally motivated by working independently as well as collaborating in a team we respect your privacy and all communication will be treated with confidentiality. please contact us or apply in-confidence to us with you updated ms word resume to : kelvin@starcareerconsulting.com kelvin (reg. no. r1872625) star career consulting pte ltd (ea license: 20c0353)",0,1,finance_accounting,reviewed:veto:seniority-in-title
mcf,RECRUIT EXPRESS PTE LTD,"[Gov Healthcare, No Exp Required] Management Associate/ Trainee (Operations) @West #HCY",0,Non-executive,Permanent|Full Time,"key responsibilities: · assist in the coordination and execution of administrative and operational projects across various departments. · support senior management in meetings by preparing reports, presentations, and follow-up action items. · participate in cross-functional initiatives to gain exposure to operations, corporate services, and strategic planning. · conduct data analysis and research to support decision-making and process improvement efforts. · collaborate with internal stakeholders to streamline workflows and enhance service delivery. · gain understanding of the hospital’s governance, operational structure, and key performance indicators. · rotate through different departments (e.g., operations, corporate services, administration) to develop a holistic understanding of management. · provide administrative support for ongoing projects, reviews, and audits as assigned by reporting officer (ro). requirements: · degree in any disciplines. · strong interest in pursuing a career in the public healthcare sector. for interested candidates, please send your most recent and updated resume to sallytsin@recruitexpress.com.sg wa me at http://wa.me/+6598326219 or tele me at @sallytsin tsin chien yee sally r25127272 recruit express pte ltd ea license no. 99c4599",1,0,operations,reviewed:route:programme
mcf,SHENG SHENG F & B INDUSTRIES PTE LTD,Assistant Supply Chain Supervisor,2,Professional,Full Time,"- ensure smooth operation of warehouse and logisitc team - ensure proper sop are followed and safety regulation - handling of warehouse inventories, equipment & vehicle maintenance - accountability of all warehouse items - good housekeeping of warehouse - assist and handle manpower allocation and stock weight - monthly stocktake - required to assist in picking, packing, sorting, unloading, loading of cargos. - must have forklift license - 5.5 days work week - company transport : jurong",0,0,supply_chain,reviewed:veto:seniority-in-title
mcf,CHANGI GENERAL HOSPITAL PTE LTD,Senior/Staff Nurse (Telecarer) *Office Hours*,2,Non-executive,Full Time,"job description: identify patients requiring telecare interactions. perform comprehensive assessment for medical, functional, cognitive, psychological, social, environmental and financial needs to identify issues for interventions. provide patient and family education in managing the patients' disease in accordance to approved national guidelines. make appropriate referrals according to patients' needs. document care plan timely and accurately. participate in teaching and training professional development of telecarers related knowledge and skills. job requirements: possess a diploma, advanced/higher/graduate diploma, bachelor's degree, post graduate diploma, professional degree, nursing or equivalent. advanced diploma / post-basic certificate in any discipline for the senior staff nurse position registered with the singapore nursing board only shortlisted candidates will be notified.",0,0,finance_accounting,reviewed:veto:seniority-in-title
mcf,ACCLAIM INSURANCE BROKERS PTE. LTD.,Management Associate,2,Executive,Full Time,"you are invited to join acclaim insurance brokers, one of the largest national risk advisory, insurance and reinsurance brokers in singapore. acclaim is the 1st corporate risk and insurance consulting firm to be a winner since inauguration of enterprise 50 (e50) awards. acclaim services more than 2000 corporate customers ranging from smes to mncs with reach extending to over 150 countries worldwide. we are looking for fresh graduates or industry convertees to join us as management associates . a comprehensive 3-year management associate programme has been developed to train and groom suitable candidates to take on specialist functions. high performing candidates can look forward to grow and pursue management leadership careers in the insurance industry. the programme consists of a 21-month on-job rotation across different specialty functions; where product knowledge training, know-hows and hands-on work will be provided. in addition, there maybe a up to 3-month overseas attachment & business exposure. upon successful completion of the 2-year programme, you will be appointed to a specialised function to gain real work experience for the next 1 year. if you are interested in this training and career opportunity, please click apply to find out more.",1,0,general_management,reviewed:route:programme
mcf,NEXTBEAT SINGAPORE PTE. LTD.,Service Staff / Management Trainee,2,Non-executive,Permanent,"monthly salary: up to $3200 (negotiable) working address: novena working hours: 6 days work week split shift from 10am to 10pm responsibilities and duties: handle cashiering duties, including taking customer orders and processing orders from delivery platforms support daily shop operations to ensure smooth workflow prepare condiments in accordance with standard operating procedures (sops) carry out housekeeping duties, including sweeping, mopping, washing, and general cleaning maintain a clean, hygienic, and orderly workplace at all times perform opening and closing duties as assigned attend to customer enquiries and provide assistance where required deliver attentive and courteous customer service work collaboratively with team members and maintain a positive working attitude candidates with relevant experience and educational background may be considered for a management trainee position. qualifications and requirements: minimum diploma holders preferred for management trainee position service-oriented with a positive and proactive attitude able to work effectively as part of a team benefits: annual leave entitlement staff discounts and meals provided comprehensive training programme designed for growth in the f&b industry opportunities for career development and progression nextbeat singapore pte.ltd. ea license number: 22c1267 ea personnel: r22110252",0,0,general_management,reviewed:veto:seniority-in-title
mcf,WAN KANG YUAN TCM PTE. LTD.,MANAGEMENT ASSOCIATE,1,Manager,Full Time,"responsibilities: · influence business unit leadership to make sound strategic decisions for business · provide key analysis of strategic concepts plus financial assumptions along with feasible recommendations · assisting the management operations, supporting administrative and clerical tasks, and coordinating with other departments for project support to meet the organization's objectives and profitability goals · assisted in developing policies and procedures to ensure greater control and accountability of all departmental functions · excellent communication, be organized, and have time-management skills to perform duties in a fast-paced environment technical skills and competencies: · active participation in strategic planning process, including development and execution of business campaigns · to develop negotiation and presentation skills to communicate effectively and clearly to others · to understand of audience engagement and other business support functions · to identify key stakeholder relationships, needs and interests, and coordinate with stakeholders on day-to-day basis · to collate feedback on different media and understand and present the advantages and / or disadvantages of different communications media options · to develop company business campaigns and enhance campaign awareness and campaign visibility",1,0,general_management,reviewed:route:programme
mcf,LINKWAVE TECHNOLOGIES PTE. LTD.,AI+Node.js Full Stack Developer (Fresh Graduate),1,Junior Executive,Full Time,"join linkwave ai — singapore's fast-growing ai-powered telecom & enterprise automation company. we're building the ai workforce for asean smes. key responsibilities participate in full-stack development of web products, using node.js + koa/nest.js to build backend services and restful apis, and using react/vue to implement responsive interactive pages. design database schemas and optimize queries for mysql/mongodb , with basic proficiency in orm frameworks (typeorm/sequelize). deeply integrate ai coding tools (github copilot, cursor, claude code, etc.) throughout the development lifecycle — leveraging ai for code generation, refactoring, unit test writing, and bug fixing — while reviewing and fine-tuning ai‑generated code to ensure quality and security. participate in basic deployment and operations on cloud platforms ( aws/azure/gcp ), and understand the basics of docker containerized development environments. collaborate with the team on code reviews, technical documentation, and agile iterations, following git flow conventions. keep up with the latest trends in ai‑assisted development, and explore potential integration of llm apis (e.g., openai api, claude api) into real business scenarios. assist in system performance analysis and basic troubleshooting, continuously improving application experience and stability. requirements education : bachelor's or master's degree (2025/2026 graduate) in computer science, software engineering, information technology, or a related field. node.js backend fundamentals : familiar with node.js asynchronous programming model, event loop, and built-in modules; knowledge of at least one backend framework (nest.js / koa). frontend basics : proficient in html5, css3, and modern javascript (es6+); familiar with at least one frontend framework (react or vue), able to independently build page components. database basics : ability to write sql queries, basic understanding of mysql or postgresql; experience with orm (typeorm) is a plus. version control & collaboration : proficient in git for code management and team collaboration. ai tool proficiency : have used at least one ai‑assisted programming tool (github copilot, cursor, claude code, etc.) in practical coding or course projects. able to leverage ai to generate code snippets, add comments, explain complex logic, and reasonably review/optimize ai‑generated content. nice-to-have own technical blog, github repository, or have contributed to open‑source projects. basic knowledge of docker (writing dockerfiles, using docker-compose). experience with typescript in projects. basic understanding of redis (caching, session management). familiarity with basic cloud services (e.g., ec2, s3, lambda) on aws, alibaba cloud, or azure. experience calling llm apis (e.g., openai api, claude api) for simple features. strong interest in generative ai, understanding basic concepts like rag and prompt engineering. good english and chinese listening, speaking, reading, and writing skills for daily communication. soft skills passionate about technology, with sustained enthusiasm for full‑stack development and ai‑assisted development. strong team collaboration and communication skills, able to work effectively with product, design, and cross‑regional teams. ability to independently break down and solve problems, skilled at using search engines, ai q&a tools, and technical documentation to resolve development challenges.",1,0,software_engineering,reviewed:route:programme
mcf,THE SUPREME HR ADVISORY PTE. LTD.,Product Manager (FinTech) - LCYL,2,Executive,Permanent|Full Time,"product manager working location: 51 bras basah road, lazada one s189554 working hours: 8am to 5pm/8.30am to 5.30pm/9am to 6pm/930am to 630pm (flexi) working days: monday - friday salary range: $3500 - $3800 k ey role(s), responsibilities and duties define and communicate the product vision, strategy, and road map in alignment with company goals and business objectives collaborate with clients, stakeholders, and internal teams to gather and define project requirements, scope, objectives, and acceptance criteria prioritise the product backlog and manage the entire product lifecycle from conceptualisation to post-launch optimization break down complex requirements into actionable engineering tasks, set timeframes, estimate timelines with engineering teams, and establish detailed project plans monitor project progress, identify technical risks, develop mitigation strategies, and address issues promptly act as the central point of contact, translating technical concepts into business-friendly language and communicating project status to all participants and leadership conduct user testing and internal dogfooding cycles, gather feedback, triage issues, file actionable tickets, verify fixes, and communicate outcomes to stakeholders drive product adoption and user engagement by analysing usage patterns, identifying drop-off points, and implementing strategies to improve retention and active usage engage proactively with product owners, business units, and branch teams to understand on-the-ground needs, conduct training sessions, and gather feedback for product improvements define and monitor key product metrics and analytics to assess performance and identify areas for improvement create and maintain comprehensive product and project documentation, including technical decisions, architecture changes, plans, and reports coordinate technical reviews, sign-offs, and testing efforts to ensure requirements and quality standards are met before deployment, and monitor post-deployment issues plan and write release notes and newsletters for product updates, and stay current with industry trends through market research and competitor analysis utilise project management tools to track work hours, plan execution, and monitor expenditures facilitate technical knowledge sharing between team members and provide user support, ensuring queries and issues are addressed promptly support administrative tasks such as scheduling meetings, taking minutes, and executing necessary legal paperwork including contracts and terms of agreement requirements bachelor is degree in computer science, engineering, business administration, finance, it, or a relevant field proven experience as a product manager, product owner, project manager, project coordinator, or similar role within fintech, financial services, or technology-driven companies hands-on experience managing all stages of the product lifecycle and working with cross-functional teams to deliver high-quality digital products technical background with knowledge of software development and web technologies strong knowledge of agile methodologies, product management principles, and software development lifecycle lsdlcm proficient in analytics platforms (e.g., google analytics, statsig, posthog) and a/b testing tools familiarity with project management software tools, methodologies, and best practices certification in product management (e.g., certified scrum product owner) is a plus cheong yeat long | r25145358 the supreme hr advisory pte ltd | ea 14c7279",0,0,product_management,reviewed:veto:seniority-in-title
mcf,RECRUIT EXPERT PTE. LTD.,IT Product Manager (Cybersecurity & Networking),1,Executive,Permanent,"manage assigned product portfolio and drive sales to achieve revenue targets and business objectives. build and maintain strong relationships with vendors, partners, and internal teams to deliver effective solutions. conduct market analysis and develop strategies to enhance product positioning and increase sales performance. prepare forecasts, pricing, and product proposals, while supporting partner enablement and product training initiatives. requirements: diploma in computer science or equivalent. at least 1 year of sales experience in cyber security/it sector. strong communication, presentation, and stakeholder management skills. proven ability in business development, negotiation, and strategic thinking. if you are keen to apply for the position, kindly email your detailed resume in ms word to hr@recruit-expert.com please note that only shortlisted candidates will be notified. for more job opportunities, please visit our website at www.recruit-expert.com ea licence: 19c9701 registration: r21100996",0,0,product_management,reviewed:veto:seniority-in-title
mcf,BYTEDANCE PTE. LTD.,Backend Engineer Graduate (ByteRec Recommendation Infrastructure) - 2026 Start (BS/MS),0,Professional,Full Time,"about us founded in 2012, bytedance's mission is to inspire creativity and enrich life. with a suite of more than a dozen products, including tiktok, lemon8, capcut and pico as well as platforms specific to the china market, including toutiao, douyin, and xigua, bytedance has made it easier and more fun for people to connect with, consume, and create content.​ why join bytedance inspiring creativity is at the core of bytedance's mission. our innovative products are built to help people authentically express themselves, discover and connect – and our global, diverse teams make that possible. together, we create value for our communities, inspire creativity and enrich life - a mission we work towards every day.​ as bytedancers, we strive to do great things with great people. we lead with curiosity, humility, and a desire to make impact in a rapidly growing tech company. by constantly iterating and fostering an ""always day 1"" mindset, we achieve meaningful breakthroughs for ourselves, our company, and our users. when we create and grow together, the possibilities are limitless. join us.​ diversity & inclusion​ bytedance is committed to creating an inclusive space where employees are valued for their skills, experiences, and unique perspectives. our platform connects people from across the globe and so does our workplace. at bytedance, our mission is to inspire creativity and enrich life. to achieve that goal, we are committed to celebrating our diverse voices and to creating an environment that reflects the many communities we reach. we are passionate about this and hope you are too.​ job highlights yoga and fitness, stock options, positive team atmosphere, career growth opportunity, paid leave, flat organization, 100+ mil users, industry experts, competitive compensation, flexible hours responsibilities about the team the byterec (recommendation architecture middle-platform) team is responsible for system architecture design in the fields of content understanding and content security for products. the scope of work includes the design and development of the entire process of massive multi-modal content processing, retrieval, rag, and sorting, ensuring the high availability of the system, and pursuing flexible abstraction and sustainable iteration. we also maintain vikingdb as a cloud-native rag service. we are looking for talented individuals to join our team in 2026. as a graduate, you will get opportunities to pursue bold ideas, tackle complex challenges, and unlock limitless growth. launch your career where inspiration is infinite at bytedance. successful candidates must be able to commit to an onboarding date by end of year 2026. please state your availability and graduation date clearly in your resume. candidates can apply to a maximum of two positions and will be considered for jobs in the order you apply. the application limit is applicable to bytedance and its affiliates' jobs globally. applications will be reviewed on a rolling basis - we encourage you to apply early. responsibilities - be responsible for the service construction and iteration of the multi-modal content understanding pipeline, solve core problems such as service availability, throughput and storage bottlenecks, and improve the development efficiency of new features. - regarding the repetition and similarity issues of massive video content, closely collaborate with the algorithm team to continuously promote the application of industry-leading video representation models and large-scale vector retrieval technologies at the business level, and overcome engineering problems during the implementation process. - abstract and enrich the multi-modal vector computing components, optimize the model inference performance of vector computing, enhance the stability, performance, and scalability of the system, and strengthen platform-wide integration. qualifications minimum qualifications: - final year or recent graduate with a background in software development, com",1,0,software_engineering,reviewed:route:programme
mcf,HOMIE PTE. LTD.,"Business Development Manager (B2B, Supply Chain)",2,Executive,Full Time,"role summary: we are seeking a strategic and results-driven business development manager to spearhead our expansion into singapore's local retail channels. this individual will play a key role in identifying new business opportunities, building strong relationships with retail partners, and driving revenue growth for our baby, kids, and maternity product categories across brick-and-mortar channels such as department stores, specialty boutiques, pharmacies, and baby stores. key responsibilities: 1. retail channel development identify, evaluate, and onboard new local retail partners and distributors (e.g., mothercare, kiddy palace, bhg, watsons, supermarkets, organizations, b2b, b2g, independent baby boutiques). negotiate and secure listing agreements, trading terms, and promotional placements. build a roadmap for expanding presence in relevant retail formats across singapore. 2. strategic partnerships & account management maintain strong relationships with existing retail accounts, ensuring sales targets and brand presence are optimized. develop joint business plans and seasonal campaigns with key accounts. monitor and analyze sell-through data, in-store feedback, and stock levels. 3. market & consumer insights conduct market analysis to identify trends, pricing strategies, and competitor activity in the baby, kids, and maternity space. translate insights into actionable plans for product positioning, promotions, and channel-specific assortments. 4. sales & revenue growth drive sales performance and meet revenue goals through effective retail strategies and trade activations. manage budget allocation for in-store promotions, sampling, and retail staff training. work closely with the marketing and product teams to ensure brand consistency and product relevance in stores. 5. operational coordination collaborate with internal supply chain/logistics to ensure smooth deliveries and order fulfillment to retail partners. ensure compliance with regulatory requirements for baby and maternity products in singapore. requirements: bachelor’s degree in business, marketing, or a related field. 3–5 years of experience in retail business development or key account management, ideally in baby, kids, maternity, fmcg, or lifestyle categories. strong network and understanding of singapore’s retail landscape. excellent negotiation, communication, and relationship-building skills. entrepreneurial, resourceful, and driven with a hands-on attitude. comfortable working in a fast-growing, family-oriented company culture. nice to have: previous experience working with children’s products or maternity categories. experience in launching or growing brands in retail in singapore. familiarity with trade show participation, store merchandising, and retail training program s.",0,0,supply_chain,reviewed:veto:seniority-in-title
mcf,WORLDQUANT (SINGAPORE) PTE. LTD.,"Vice President, Portfolio Management",2,Professional,Permanent,"worldquant develops and deploys systematic financial strategies across a broad range of asset classes and global markets. we seek to produce high-quality predictive signals (alphas) through our proprietary research platform to employ financial strategies focused on market inefficiencies. our teams work collaboratively to drive the production of alphas and financial strategies – the foundation of a balanced, global investment platform. worldquant is built on a culture that pairs academic sensibility with accountability for results. employees are encouraged to think openly about problems, balancing intellectualism and practicality. excellent ideas come from anyone, anywhere. employees are encouraged to challenge conventional thinking and possess an attitude of continuous improvement. our goal is to hire the best and the brightest. we value intellectual horsepower first and foremost, and people who demonstrate an outstanding talent. there is no road map to future success, so we need people who can help us build it. the role: we are seeking candidates with quantitative portfolio management experience and intimate knowledge of systematic strategies job responsibilities (include, but not limited to the following) develop systematic strategies that use statistical signals associated with various market inefficiencies applied to a broad variety of asset classes including global equities and/or etfs, futures, currencies and options lead, manage and grow quantitative investment portfolio contribute to broader firm research and strategic initiatives what you’ll bring: 2+ years’ experience in developing systematic strategies including a verifiable track record with positive pnl and sharpe strong programming skills in mainstream quant programming languages, such as python and c++ the portfolio manager opportunity: transparent and formula-based compensation opportunities to contribute to other research and strategy initiatives access to worldquant’s alpha pool, portfolio management tools and innovative technology platforms access to a deep and broad menu of datasets supported by a dedicated data team cross-asset execution led by a multi-regional trading team participation in internal research conferences and forums autonomy to build your own strategies along with several opportunities for collaboration and mentorship access to ai and machine learning opportunities applied to financial markets",0,0,finance_accounting,reviewed:veto:seniority-in-title
mcf,CHINA CONSTRUCTION (SOUTH PACIFIC) DEVELOPMENT CO. PTE. LTD.,Quantity Surveyor (Fresh Graduate),0,Fresh/entry level,Permanent,"job description: prepare and analyse cost comparisons and estimates obtain quotations, and liaise and negotiate with subcontractors and suppliers carry out quantity take-offs and measurements prepare variation orders (vo), claims, final accounts, and subcontractor payments assist in cost control and contract administration perform other quantity surveying–related duties as assigned requirements: minimum diploma or degree in civil engineering or a related field (e.g. singapore polytechnic, temasek polytechnic, sit, bca academy, ntu, nus) good team player with a strong willingness to learn, contribute, and grow with the company strong problem-solving skills and a proactive attitude 5days work week candidates must be eligible to work in singapore. preference will be given to singapore citizens job location: project based in singapore",1,0,engineering,reviewed:route:programme
mcf,RECRUITPEDIA PTE. LTD.,Senior HR Recruitment Consultant,2,Senior Executive,Permanent,"we are a centrally located headhunting and recruitment firm experiencing strong growth. as the company scales, we are looking to bring on a senior recruitment consultant who can help support us through the next phase of the growth and development roadmap. duties: develop and setting up new sources of businesses and projects and perform relationship management with new and existing accounts manage full cycle of recruitment process individually and as a team formulate strategic business plans to meet company’s overall objective monitor various recruiting metrics, costs analysis, effectiveness of sales to provide reports to the management other ad-hoc duties may apply description / requirements: minimum diploma / degree in business administration of management at least 2 to 3 years of recruitment consultant experience good communication and interpersonal skills interested candidates please email your resume to talents@recruitpedia.sg. we regret that only the shortlisted candidates will be notified. recruitpedia pte. ltd. ea license no. 19c9682 ea reg. no. r1107107 (tan jia sheng)",0,0,management_consulting,reviewed:veto:seniority-in-title
mcf,WATSON'S PERSONAL CARE STORES PTE LTD,Retail Executive (Management Trainee),1,Junior Executive,Permanent|Full Time,"what awaits you: as a management trainee, you will assist your store manager and will be trained in the full suite of store operations, including executing and monitoring loss prevention and shrinkage programme, quality assurance, people management and excellent customer service delivery. you will be on our “fast-track programme”. typically, you will spend four to six months learning the basics of store operations. once you master the standard operating procedures of the store, you will be given increasing levels of management responsibility and training. upon successful completion of 12 months of management trainee programme, you will be either redesignated to customer executive or promoted to assistant store manager depends on individual performance. if you have what it takes, our rigorous programme will have you ready to manage your own store in as little as three years. we are excited if you have: high energy and strong passion in the retail industry able to work in a fast-paced environment strong management skills with the ability to lead and motivate a team able to work rotating shifts, weekends and public holidays digitally inclined for more information, please visit and follow our linkedin page https://www.linkedin.com/company/watsons-personal-care-stores-pte-ltd/ for exciting updates",1,0,general_management,reviewed:route:entry-level-title
mcf,RICH CONSTRUCTION COMPANY PTE. LTD.,Site Engineer (Fresh Graduate),0,Executive,Full Time,"responsibilities assist the project manager in coordinating technical matters for both on-site and off-site meetings prepare, review, and submit architectural samples, shop drawings, method statements, and technical documents to consultants and relevant authorities coordinate and monitor site work progress, including conducting regular inspections and attending project meetings ensure works are carried out in accordance with project specifications, drawings, and schedule liaise and coordinate effectively with subcontractors, consultants, resident engineers (re), and resident technical officers (rto) support overall project execution and contribute to timely project delivery requirements degree in civil engineering, architecture, or a related discipline strong understanding of construction processes, drawings, and site coordination good communication and interpersonal skills, with the ability to work with multiple stakeholders proactive, detail-oriented, and able to work in a fast-paced environment willing to work a 5.5-day work week open to fresh graduates and candidates with up to 2 years of relevant experience",1,0,engineering,reviewed:route:programme
mcf,RICH CONSTRUCTION COMPANY PTE. LTD.,Quantity Surveyor(Fresh Graduate),0,Executive,Full Time,"job description: assist in preparing cost estimates, cost comparisons, tender evaluation summaries and project cost reports. carry out quantity take-offs, measurements and basic cost analysis for construction works under supervision. obtain quotations from subcontractors and suppliers, assist in price comparison, clarification and negotiation. support procurement, subcontract administration, subcontractor payment assessment and related documentation. assist in preparing variation orders (vo), claims, progress payments, final accounts and other commercial submissions. maintain cost records, contract documents, quotation trackers and project commercial databases. work closely with project, technical, procurement and finance teams to support cost control and contract administration. perform other quantity surveying, commercial and project cost control duties as assigned. requirements: degree or master in quantity surveying, construction management, civil engineering, statistics, data analytics or other construction/quantitative-related disciplines. strong numerical, analytical and problem-solving skills, with willingness to learn construction cost management and contract administration. proficiency in microsoft excel; experience with data analysis, reporting tools or cost tracking systems will be an advantage. good communication skills and ability to coordinate with internal teams, subcontractors and suppliers. detail-oriented, responsible and able to work in a project-based environment. prior internship or project experience in cost analysis, procurement, budgeting, construction, engineering, finance, business analysis or data analysis will be an advantage but is not mandatory.",1,0,supply_chain,reviewed:route:programme
mcf,ORIGIN.S ORGANISATION,Graduate Management Trainee (Sales & Marketing),0,Fresh/entry level,Full Time,"have you always wanted to develop your leadership skills but never knew where to start? many companies expect you to have experience before giving you opportunities. we believe it’s the other way around. if you’re someone who enjoys meeting new people, is willing to learn, and wants to grow both personally and professionally, we’d love to meet you. what you’ll gain structured training and mentorship leadership development exposure to regional markets clear career progression what you’ll do represent established mnc clients at events and roadshows engage customers and create brand awareness learn sales, marketing and communication skills take on leadership responsibilities as you grow we’re looking for someone who is willing to learn positive and self-motivated comfortable communicating with people fresh graduates are welcome. no experience required (full training will be provided) if this sounds like something you’d like to explore, we’d love to hear from you. apply now!",1,0,sales_marketing,reviewed:route:programme
mcf,SUPER TOMATO PTE. LTD.,Mechanical Design Engineer (Fresh Graduate),0,Fresh/entry level,Permanent|Full Time,"are you a mechanical engineer with expertise seeking to make a valuable contribution to the success of a product? super tomato is a company that offers a comprehensive range of automation services, including design, fabrication, and assembly, for our corporate clients. our expertise lies in automation and robotics. we are currently looking for a motivated and competent mechanical engineer to design our upcoming product. as a mechanical design engineer at super tomato, you will play a crucial role in designing our next product. you will be responsible for every stage of the process, from ideation and prototyping to design validation, manufacturing, and reliability testing. your task will be to solve a given problem statement and conduct research to 3d print, test, and eventually bring it for fabrication and final assembly. your experience with mechanisms will be critical as it is required in significant part of our projects. this product will have a significant impact on the public, as it will be deployed in high-traffic areas. you will be able to build a robust portfolio and showcase your skills. responsibilities hands-on assembly designing products from scratch sizing of components communicating effectively with the vendor conduct thorough testing of designs cost-down qualifications having prior experience in designing mechanisms is highly desirable for this position.",1,0,engineering,reviewed:route:programme
mcf,ABRAHAM INTERNATIONAL PROCESS ENGINEERING CORP. PTE. LTD.,ENGINEER (FRESH GRADUATE),1,Professional,Full Time,"company overview abraham international process engineering corp. pte. ltd. job summary lead the design, installation, and commissioning of process systems and mechanical equipment for pharmaceutical/cdmo facilities, ensuring compliance with industry standards and optimizing operational efficiency. responsibilities lead the design, installation, and commissioning of process systems such as reactors, piping networks, hvac, utilities, and mechanical equipment for pharmaceutical/cdmo facilities manage the full project lifecycle including developing technical specifications, performing risk assessments, overseeing on-site installation, testing, and project handover ensure compliance with singapore bca, scdf, hsa, asme standards, and gmp/glp requirements throughout project execution coordinate and manage subcontractors, vendors, and cross-functional teams to deliver projects on schedule and within budget conduct process optimization studies and troubleshoot mechanical systems to improve operational efficiency validate installations to ensure they meet performance and safety standards enforce strict adherence to workplace safety and health (wsh) act guidelines during installation and commissioning activities preferred competencies and qualifications degree in engineering or equivalent (fresh graduates are welcome to apply) 1-3 years of experience in process engineering and mechanical installation within pharmaceutical, chemical, or high-precision manufacturing sectors in-depth knowledge of piping systems, asme b31.3, hvac, and pressure vessel standards",1,0,engineering,reviewed:route:programme
mcf,ACCESS SG LTD.,Access Apprenticeships Graduate Programme (Polytechnic Diploma),0,Executive,Full Time,"kickstart your career with access apprenticeships 🚀 access apprenticeships is an 18-month talent programme designed to open doors to leading companies and fast track the growth of polytechnic graduates. join a leading host company as a full-time employee work alongside industry professionals, taking on meaningful responsibilities that help you gain hands-on experience and showcase your potential as a future leader earn a competitive salary ($2,500 - $3,100) while building a career that sets you apart grow in-demand skills with employers who invest in you and your potential get full wraparound support, every step of the way the programme is open to recent polytechnic diploma graduates who are ready to enter the workforce. learn more about the programme & opportunities: https://www.access-sg.co/apprenticeships - unlock opportunities in the following host companies b. braun singapore finance (accounting) assistant technical services assistant supply chain management assistant quality management & regulatory affairs assistant capella singapore front office and food & beverage the ritz-carlton, millenia singapore guest services and food & beverage ey singapore audit executive *scape marketing & tenancy engagement executive st engineering marine assistant engineer (mechanical / diesel) assistant engineer (electrical) assistant engineer (wharf support) senior technician (electrical - submarine) senior technician (mechanical - submarine) - who can apply? motivated and career-ready polytechnic graduates! singaporean citizen or pr less than 2 years of full-time work experience (excluding internships and part-time work) completed national service (as of july 2026) not currently enrolled in a university / degree programme if you're motivated to learn, grow, and build a meaningful career now , this programme is for you. applications close on 16 august. interviews are conducted on a rolling basis, so early applications are strongly encouraged.",1,0,general_management,reviewed:route:programme
mcf,RECRUIT EXPRESS SERVICES PTE. LTD.,HR Graduate Programme,0,Fresh/entry level,Contract|Full Time,"job summary: a hr graduate trainee’s job is a hybrid role. it not only encompasses recruitment but also business development, account management, customer service, sales & marketing all rolled into one. it is about understanding people’s needs, motivations, and managing clients’ and candidates’ expectations. responsibilities: business development : initiate a range of business development and marketing activities to build new corporate clients and grow your own client portfolio. account management : manage internal and external stakeholders and clients on their hiring needs. talent acquisition : engage in candidate sourcing activities, such as publishing job advertisements and conducting candidate referrals, to ensure a consistent supply of candidates to meet client's needs. candidate management: manage candidates’ job needs and expectations, their payroll and employment benefits what do you get to experience/learn?: paired 1 to 1 mentorship guidance according to working style client visits to gain broader experience improved communication skills & problem-solving tactics improved business acumen & sense get to enjoy: annual company bonding events and quarterly motivational workshops great team spirit and working alongside cohesive divisions comprehensive training dynamic working environment exciting opportunities to develop a rewarding career requirements min. diploma/degree in any field of study. strong interest in marketing and/or business development scope applicants with good track record in sports or other co-curricular activities in school will have an added advantage possess optimism, enthusiasm and most importantly, passion for people! on the job training provided! we regret to inform that only shortlisted applications will be contacted. interested applicants, please email your updated cv to reina.ng@recruitexpress.com.sg ea personnel no: r21103938 ea personnel name: reina ng hwee min company registration number: recruit express services pte ltd (13c6614)",1,0,human_resources,reviewed:route:programme
mcf,MIRXES PTE. LTD.,Management Associate (Graduate Programme),0,Executive,Full Time,"mirxes is a singapore-headquartered molecular diagnostic company with r&d, manufacturing, and clinical lab operations in singapore, usa, japan, and china. we specialize in microrna technologies and the development, manufacturing, and provision of diagnostic test kits and clinical services. our mission is to enable early disease detection and provide insights for better patient care by harnessing the power of microrna to augment traditional testing. our vision is to be the world’s leading developer and provider of accurate, actionable, and affordable microrna-powered diagnostic tests. job summary the singapore global executive programme (sgep) is an exclusive talent development programme developed by enterprise singapore in partnership with high-growth local companies that possess global ambitions to build a strong pipeline of young talent within their organisations. talent will get the chance to hone industry expertise in a structured way, while equipping themselves with in-market knowledge and global business insights to become a future-ready leader. at mirxes, our management associate programme is a cornerstone of this initiative. we provide a structured environment where your academic foundation meets real-world application, helping you transition from a student to a high-impact contributor in the biotech space. roles and responsibilities from lab to life: experience the full value chain of precision medicine. you will witness how research discoveries are translated into world-leading multi-cancer early detection (mced) solutions. a “global-local” powerhouse: experience the agility of a uniquely singaporean company that has scaled to reach global healthcare systems. the interconnected perspective: we do not believe in silos. you will gain a pulse on the entire organisation, understanding how r&d, operations, and commercial strategy function as one interdependent force. desired skills and competencies a bachelor’s, master’s, or post-doctorate in biomedical sciences or a related discipline. a strong willingness to learn and adapt within a high-growth environment. excellent communication skills and a team-oriented mindset. fresh graduates or professionals with less than 3 years of experience in the field. this position is based in singapore. to submit your application, please fill in the form or send your resume to jobs@mirxes.com , quoting the job title in the subject line. we appreciate your interest in the above-mentioned position, however, due to overwhelming response, only shortlisted candidates will be contacted.",1,0,general_management,reviewed:route:programme
mcf,CAMBRIDGE LEARNING GROUP SG,(Fresh Grad Welcome) Management Trainee — Tuition Centre,0,Junior Executive,Full Time,"about us cambridge learning group is a primary–secondary tuition centre in jurong west, teaching maths, english, science, chinese, and poa. we're a lean, founder-run centre in a growth phase, and we're looking for a dependable, people-oriented person ready to take on real responsibility and grow into running the centre. what you'll do you'll go through a structured onboarding under the founder before progressively taking on ownership of the centre's operations: support the daily running of the centre — student enrolment, class scheduling, documentation, and fee collection. handle parent communication across whatsapp, calls, and walk-ins — enquiries, check-ins, and renewals — accurately and professionally. be the day-to-day point of contact for our part-time tutor team: scheduling, huddles, and check-ins. learn to grow our weekend (sat & sun) classes — helping recruit tutors and enrol students. this is the centre's flagship priority and where you'll build toward. run lead follow-up and support the enrolment conversion funnel. take ownership of one assigned focus area — for example, tracking retention, coordinating tutor schedules, or coordinating holiday programmes and assessment cycles. what you'll gain practical experience running a live service operation — enrolment, scheduling, fees, and parent communications. direct people-coordination experience with a tutor team from early in your career. direct founder mentorship, plus exposure to marketing, growth, and ops strategy you won't get at a big chain. a defined, performance-driven track toward centre manager — with salary and responsibility growing as you demonstrate readiness. who we're looking for we hire for character and work ethic first. diploma or degree in any discipline — no prior experience required (1+ year in operations or a service role is a plus). follows through on tasks without being reminded, and takes initiative to fix problems rather than waiting to be told. communicates clearly and stays composed handling parent concerns or operational hiccups. comfortable working with children and families daily. at ease guiding and coordinating a small team. fluent in english, and able to converse in mandarin, malay, or tamil to serve our non-english-speaking parents and students. comfortable with whatsapp business, google workspace, and ai tools. singaporean or pr. what you can expect real autonomy — you'll be trusted to manage your responsibilities without being micromanaged. meaningful work that directly shapes students' learning and their families' confidence. genuine growth in an expanding centre, with responsibility increasing as you show you're ready. medical benefits and leave in line with the employment act; 14 days annual leave (7 flexible + 7 in december). salary $2,200–$2,500/month during the 6-month management trainee period. on confirmation to the permanent role, $3,000–$3,500/month, based on performance during the trainee period. bonus and commission after confirmation, tied to retention and fill rate. working hours 5-day week, approximately 37 hours. months 1–6: tue–fri 2pm–9pm, sat 10am–7pm (sun & mon off). once sunday classes launch, you'll move to a wed–sun schedule (mon & tue off), as our peak hours fall on weekends. how to apply send your cv plus a 3-line answer to this: ""a parent whatsapps you at 9pm — their sec 3 child wants to quit a-maths. what's your first reply?""",1,0,general_management,reviewed:route:programme
mcf,LEONTEQ SECURITIES (SINGAPORE) PTE. LTD.,"Graduate, Trading",1,Fresh/entry level,Contract|Full Time,"graduate, trading asia (12 months fixed termwith option to convert thereafter) we are seeking a highly motivated and detail-oriented junior trader to join our dynamic team in singapore in a12-month fixed term graduate position with option to convert to a permanent position upon successful completion of the graduate program. key responsibilities develop, automate, and maintain python-based trading, risk-management, and booking-control tools. improve the reliability, scalability, and efficiency of desk workflows in cooperation with trading, it, quant, and other teams. support, troubleshoot, and continuously enhance existing trading infrastructure and internal tools. monitor and manage risks arising from the issuance and trading of structured products systematically review trade bookings and positions, identify discrepancies, and ensure accurate position maintenance. produce and automate risk reports and management information. maintain and mark market and pricing parameters. work with sales and structuring to support trading opportunities and acquire deep expertise in exotic derivatives, risk dynamics, and desk systems. provide desk coverage, including order taking and execution, as product knowledge develops. must-have requirements bachelor's or master's degree in a quantitative discipline. strong python programming skills and demonstrated ability to automate workflows. solid understanding of option theory, derivatives pricing, greeks, and risk. strong analytical and problem-solving skills, with a meticulous and methodical approach. ability to work independently while collaborating effectively across teams. strong communication skills additional assets prior experience in exotic equity or exotic fx trading, structuring, quantitative analysis, or a related role. familiarity with structured products, trading systems, trade booking, and product lifecycle processes. experience with databases, apis, version control, or other software-development tools. knowledge of japan and hong kong markets.",1,0,quant_trading,reviewed:route:programme
mcf,EZSVS SINGAPORE (PTE.) LTD.,Data Center Facility Trainee,1,Executive,Full Time,"job summary we are looking for a motivated and detail-oriented data center facility trainee to support the operations and maintenance of critical infrastructure within our data center. this role is ideal for individuals who are keen to build a career in data center facilities management and gain hands-on experience in both mechanical and electrical systems. responsibilities assist in operating and monitoring data center facility systems such as ups, hvac, generators, and electrical systems daily to ensure continuous functionality support routine inspections and preventive maintenance to identify and resolve potential equipment issues troubleshoot system faults and escalate alarms promptly to maintain operational stability follow standard operating procedures and safety standards to complete maintenance activities accurately maintain detailed documentation and logs of all operational and maintenance activities for compliance and tracking collaborate with engineers and technicians to coordinate facility operations and resolve technical challenges participate actively in emergency response and incident management to minimize downtime and ensure safety preferred competencies and qualifications diploma or degree in electrical, mechanical engineering, or related field basic knowledge of electrical and mechanical systems to support learning and operational tasks willingness to learn and adapt to the data center work environment ability to work shifts as required effective communication and teamwork skills to collaborate within multidisciplinary teams",1,0,operations,reviewed:route:entry-level-title
mcf,TIKTOK PTE. LTD.,Frontend Software Engineer Graduate (Global LIVE Transaction) - 2027 Start,1,Professional,Full Time,"about tiktok tiktok is the leading destination for short-form mobile video. at tiktok, our mission is to inspire creativity and bring joy. tiktok's global headquarters are in los angeles and singapore, and we also have offices in new york city, london, dublin, paris, berlin, dubai, jakarta, seoul, and tokyo.​ why join us inspiring creativity is at the core of tiktok's mission. our innovative product is built to help people authentically express themselves, discover and connect – and our global, diverse teams make that possible. together, we create value for our communities, inspire creativity and bring joy - a mission we work towards every day.​ we strive to do great things with great people. we lead with curiosity, humility, and a desire to make impact in a rapidly growing tech company. every challenge is an opportunity to learn and innovate as one team. we're resilient and embrace challenges as they come. by constantly iterating and fostering an ""always day 1"" mindset, we achieve meaningful breakthroughs for ourselves, our company, and our users. when we create and grow together, the possibilities are limitless. join us.​ ​ diversity & inclusion​ tiktok is committed to creating an inclusive space where employees are valued for their skills, experiences, and unique perspectives. our platform connects people from across the globe and so does our workplace. at tiktok, our mission is to inspire creativity and bring joy. to achieve that goal, we are committed to celebrating our diverse voices and to creating an environment that reflects the many communities we reach. we are passionate about this and hope you are too.​ responsibilities with the enormous growth of live streaming in recent years, our mission is to inspire real-time interactions and help live streamers connect to people from all corners of the globe. the tiktok live platform frontend team will focus on frontend development. we will also focus on understanding our users, identifying opportunity areas, prioritizing the problems we must solve, and rapidly creating innovative user experience solutions. we are looking for experienced engineers in the front-end field to build excellent products. we are looking for talented individuals to join our team. as a graduate, you will get opportunities to pursue bold ideas, tackle complex challenges, and unlock limitless growth. successful candidates must be able to commit to an onboarding date by the end of the year. please state your availability and graduation date clearly in your resume. candidates can apply to a maximum of two positions and will be considered for jobs in the order you apply. the application limit is applicable to our company and its affiliates' jobs globally. applications will be reviewed on a rolling basis - we encourage you to apply early. responsibilities: 1. collaborate with multiple cross-functional teams to continuously improve tiktok wallet and payment system to create a stable, agile and robust in-app wallet system 2. improve system design and architecture to ensure high stability, performance and reliability of the product. 3. develop large-scale software systems that powers tiktok app. qualifications minimum qualifications - individuals who are completing or have recently completed a bachelor's degree in software development, computer science, computer engineering or a related discipline. - solid front-end programming skills with experience in solving browser compatibility issues and optimizing front-end performance. - understand front-end engineering and component development, having a certain design skill set and familiar with at least one mv* framework. preferred qualifications - having excellent service awareness, learning ability, communication and collaboration ability and english language skill to use in communication and collaboration. - good to have experience in multi-end (native/pc/server) development. - good to have experience in participating or leading large-scale projects and open sour",1,0,software_engineering,reviewed:route:programme
mcf,BOC AVIATION LIMITED,GRADUATE MANAGEMENT ASSOCIATE (GMA) – SINGAPORE BASED,1,Professional,Contract|Full Time,"about the gma programme an exciting opportunity is now available at boc aviation in our two-year graduate management associate (gma) programme. having inaugurated the course in 2018 it has now run for seven years, and we are seeking candidates who are passionate about the aircraft leasing industry to join the programme. all successful candidates will be engaged in a series of development activities to enable them to better understand boc aviation and appreciate the aircraft leasing business. candidates with proven ability and agility, amongst other desired attributes, will have the opportunity to assume a permanent role based in singapore. roles & responsibilities: successful candidates, who are expected to commence the gma programme in august or september 2026, can look forward to 6 to 12-month placements in key departments during the two-year programme. these departments may include one or more of the following: aircraft sales, oem strategy & procurement, risk management, financial planning & analysis, market research, legal & transaction management and so on. requirements: passionate about aviation and the aircraft leasing industry. fresh graduate or working experience of not more than three years, preferably in aviation and/or finance industries. strong financial analysis skills, commercial acumen, and initiative. good communication and presentation skills. possess innovation and resourcefulness. positive attitude and receptive to learning. able to perform under pressure.",1,0,general_management,reviewed:route:programme
mcf,TALENTSIS PTE. LTD.,Software Engineer (Junior / Senior) | Permanent,1,Senior Executive,Full Time,"you will be responsible for designing, developing, testing, and maintaining software applications while working with modern technologies in an agile development environment. responsibilities develop, enhance, and maintain software applications. design and implement scalable, reliable, and efficient solutions. perform coding, testing, debugging, and system integration. collaborate with technical teams to deliver quality software solutions. participate in agile/scrum activities and continuous improvement initiatives. requirements bachelor’s degree in computer science, software engineering, information technology, or a related field. minimum 4 years of software development experience. strong programming experience in java, c++, and/or javascript/typescript . experience with software development frameworks such as spring boot, reactjs, or nodejs is an advantage. familiarity with git, databases (e.g., mongodb), and devops practices is preferred. strong problem-solving skills and ability to work effectively in a team environment. (ea reg no: 20c0312) interested applicants are invited to submit their updated resume to ann@talentsis.com.sg for immediate processing. only shortlisted candidates will be notified.",1,0,software_engineering,reviewed:route:entry-level-title
mcf,VISTA F&B SERVICES PTE. LTD.,Management Associate (Service),1,Junior Executive,Permanent|Full Time,"job description to conduct services on ground but not limited to servicing, food ordering, reservations, cashiering duties etc to undergo trainings for the skill sets of non-supervisory roles to understand and perform the functions to undergo trainings for supervisory roles and responsibilities so as to be able to lead and manage both operations and management complete all trainings and acquire the knowledge and skills to perform independently within the targeted timeline up to assistant manager perform duties in the best interest of the company, ensuring that the corporate vision, mission statement and values are upheld ensuring all policies and procedures of the company are followed accordingly any other jobs or duties assigned by the restaurant manager from time to time job requirements minimum 1 year working experience in food & beverages industry fresh graduates are welcomed to apply too possess good working attitude team player with good interpersonal communication skills, positive attitude, enthusiasm, and initiative",1,0,general_management,reviewed:route:programme
mcf,CLOUDWISE PTE. LTD.,Junior Business Analyst,1,Junior Executive,Contract|Full Time,"key responsibilities · gather, analyze, and document business and functional requirements. · facilitate workshops and align stakeholders on scope and priorities. · translate requirements into user stories, process flows, and solution specifications. · support delivery execution across sit, uat, deployment, and change management. · drive requirement clarity, scope control, and issue resolution. · contribute to process improvement and reusable delivery assets. requirements · 1–2+ years of business analyst experience. · experience in itsm / enterprise service management projects. · familiarity with incident, request, change, and problem management processes. · strong stakeholder management and communication skills. · experience with agile / sdlc delivery. preferred · itil knowledge. · experience in banking or large enterprise environments. · exposure to saas and integration projects. what success looks like proactive ownership, structured thinking, strong stakeholder engagement, and consistent delivery outcomes. who we are cloudwise accelerates digital transformation in healthcare, education and financial services. we design and deliver intuitive, high-impact itsm and observability solutions that evolve with our clients’ needs. guided by integrity, customer focus and community contribution, we foster an inclusive workplace where every idea is valued. cloudwise pte ltd is an equal-opportunity employer; all qualified applicants are considered without regard to age, race, religion, gender, gender identity, disability or any other protected characteristic.",1,0,business_analyst,reviewed:route:entry-level-title
mcf,DIRECT SEARCH ASIA PTE. LTD.,Trainee Cargo Officer Programme,1,Fresh/entry level,Full Time,"job description & requirements a. initial 6-month training period (bunker cargo officer trainee) trainees will undergo on-the-job training led by experienced bunker cargo officers and cargo superintendents, along with external certification courses for ss 648:2024 and ss 600:2014. the typical work cycle consists of three days onboard followed by three days of shore leave, subject to training needs and vessel schedules. b. months 7 to 18 (junior bunker cargo officer) after successfully completing the training and obtaining the required certifications, the trainee will be promoted to junior bunker cargo officer. this role requires the individual to perform duties independently or with minimal supervision. c. post 2-year bond completion (bunker cargo officer) upon completing the 2-year bond, eligible candidates will be offered a permanent role as bunker cargo officer. requirements: willingness to follow company’s shift duties and stay onboard vessel effective communication skills meticulous, responsible and good follow through skills",1,0,other,reviewed:route:entry-level-title
mcf,RECRUIT EXPRESS PTE LTD,"[1 YEAR AGENCY CONTRACT] Junior Data Analyst, Data Office #HZTS",1,Junior Executive,Contract|Full Time,"job description: assist in the preparation, validation and consolidation of data for reporting and analytics purposes, as well as in the audit and analysis of division’s performance data to identify gaps and improvement opportunities. organise datasets and conduct ad-hoc audit checks to ensure data integrity, consistency and compliance with established standards. develop dashboards and trackers to monitor overall performance achievements and incident rates. manage office administration such as coordination of team meetings, project tracking and documentations and tracking of division’s it assets and stationaries where applicable. participate and support in ad-hoc new projects. requirements: diploma in business analytics, statistics, or related fields. experienced with tableau, powerbi and sql prior experience in data-related roles will be advantageous interested candidate, kindly send a copy of your resume to: healthcare7@recruitexpress.com.sg jessica fong zhi tong [r1879124] email address: healthcare7@recruitexpress.com.sg recruit express pte ltd ea licence no: 99c4599",1,0,data_analyst,reviewed:route:entry-level-title
mcf,FEI SIONG FOOD MANAGEMENT PTE. LTD.,F&B Management Trainee (Quick Services Concept),1,Junior Executive,Permanent|Full Time,"position: f&b management trainee industry: f&b quick services concept 6 work days, 60 hours per week | 1 day off on weekday location: islandwide, singapore requirements: degree holder in any field and keen to work in food and beverages industry shortlisted profiles will undergo training in kitchen duties & service crew in front line able work on weekends / public holidays job scope: prepare and cook menu items in accordance with specifications from recipes maintain highest quality and consistent products standards ensure safe and proper use of equipment at all times maintain a high standard of cleanliness in and around workstation and strictly abide with health/sanitation regulations preparation for opening and closing of shop weekly/ monthly inventory reporting implement, enforce and maintain brand and outlet sops to enhance productivity and service quality across all outlets ensure compliance to food safety, hygiene and sanitation standards daily sales reporting to f&b operation manager run basic sop training for untrained part-timers handle staff grievances and staff monthly roster address and resolve customer complaints and issues promptly and professionally any other ad-hoc duties base on operational need",1,0,general_management,reviewed:route:entry-level-title
mcf,ANRADUS PTE. LTD.,Junior / Senior Sales Operations Executive #10158,1,Junior Executive,Permanent|Full Time,"job description industry/ organization type: marine engine equipment position title: junior / senior sales operations executive working location: kuala lumpur working hours: 5.5 days (mon – fri: 9.30am – 7pm, sat: 9.30am – 2pm) salary package: basic + vb / performance incentive duration: permanent key responsibilities junior sales operations executive process quotations, sales orders, delivery orders, invoices, and customer documents accurately. coordinate with warehouse, logistics, finance, operations, and customer service teams to ensure smooth order fulfilment. maintain crm records, customer documentation, and internal sales operations data. support dealer accounts, showroom enquiries, project requests, and customer follow-ups. attend to walk-in customers and provide product advice, presentations, and demonstrations. assist customers with product selection, quotations, and showroom sales conversion activities. support daily sales operations and perform other ad-hoc duties as assigned. senior sales operations executive manage key dealer accounts, customer relationships, and operational follow-ups. resolve sales and operational issues while improving internal workflows for better efficiency and accuracy. guide and support junior team members in order processing, customer handling, and daily sales operations. support management in preparing reports, monitoring sales operations performance, and improving service standards. assist management in scaling operations, improving processes, and ensuring smooth coordination across departments. apply now!!! relevant experience in sales coordination, sales operations, customer service, showroom sales, or order processing. experience handling quotations, sales orders, delivery orders, invoicing, and customer follow-ups will be an advantage. senior candidates should have experience supporting team coordination, process improvement, or key account handling. able to coordinate with internal teams such as warehouse, logistics, finance, and operations. good communication, customer service, and problem-solving skills. familiar with crm systems and microsoft office applications. able to work independently and support a fast-paced sales operations environment. kindly apply through any of the following methods: submit your application by clicking the apply button; email your resume to job@anradus.com.sg. please indicate #10158 on the email subject. anradus application policy: we value each application and ensure every resume is reviewed. our process is efficient, typically concluding within 3 working days . if you do not receive communication from us within this timeframe, it's likely that your application has not been shortlisted by our client. in such cases, we recommend continuing your job search to maximize your opportunities. anradus pte ltd | ea license no. 20c0161 | angel lim | ea reg no.: r1769781",1,0,sales_marketing,reviewed:route:entry-level-title
mcf,ABEAM CONSULTING (SINGAPORE) PTE. LTD.,Consulting Trainee (SuccessFactors - SFSF),1,Fresh/entry level,Contract|Full Time,"about us: from business process re-engineering to global business expansion for japanese corporations, abeam consulting has served our clients through more than 40 years of growth. with our vision of being the no. 1 global consulting firm from asia, abeam consulting helps our clients take on the challenge of business transformation. with 4,400 consultants in japan, and 3,100 in overseas offices concentrated in asia, our 7,500 consultants and global alliance partners provide truly comprehensive services. about the role we are seeking a motivated and enthusiastic sap successfactors trainee to participate in a comprehensive training program covering multiple sap successfactors modules. this program is designed to provide hands-on experience and foundational knowledge in employee central, recruitment, performance & goals, learning management system (lms), and compensation. you will learn to configure, implement, and support core hr processes on the successfactors platform, with a focus on extensibility, clean core principles, and real-world application. what you can expect end-to-end training across multiple sap successfactors modules including employee central /recruitment /performance & goals/ lms /compensation/sap ai. practical exposure to position management, workflows, hris elements, and talent management processes. learning through configuration walkthroughs, hr transaction simulations, and sandbox exercises. demonstrations of business rule creation, email trigger customization, and workflow automation. hands-on experience with metadata framework (mdf), object configuration, and permission models. sessions on platform maintenance, data models, and user provisioning. peer learning and collaboration opportunities within functional teams. emphasis on practical system use, clean configuration, and sustainable hr transformation. foundational training on sap business technology platform (btp) to help you understand and set up basic system integrations. key responsibilities participate in structured training programs covering architecture and configuration of multiple successfactors modules. learn to build mdf objects, workflows, sap joule ai ,business rules, and event triggers across modules. engage in sandbox sessions for hands-on practice with custom configurations and hr scenarios. practice in self-service scenarios, data validations, approval logic, and role-based permissions. gain understanding of implementation and support lifecycle for each module. receive feedback and coaching throughout the course to support your learning journey. utilize training materials and resources to stay updated with platform enhancements. qualifications and skills at least a degree/diploma in a related field such as computer science, information technology, software engineering, computer engineering, engineering, or other relevant courses like business infotechnology. interest in sap successfactors and cloud-based hr solutions. willingness to learn and collaborate in a team-oriented environment. exposure to or interest in hris lifecycle and hr service delivery. strong communication skills and eagerness to engage in both instructor-led and virtual training formats. basic understanding of business processes in hr, recruitment, performance, learning, and compensation. able to commence full time employment by september 2026. nice to have awareness of hr compliance and data privacy practices. experience with project documentation (process maps, test cases, quick reference guides). why join us at abeam consulting, we place a strong emphasis on collaboration, and helping our employees grow and develop their skills, offering a supportive and empowering work environment. with a presence in multiple countries and a diverse range of clients, abeam consulting offers an exciting and dynamic workplace for individuals looking to build a career in consulting. abeam consulting has also recently joined sap’s regional strategic partner initiative as their first reg",1,0,engineering,reviewed:route:entry-level-title
mcf,PINNACLE GLOBAL ASSETS PTE. LTD.,Investment Trainee,1,Executive,Full Time,"transaction execution: draft, review, and negotiate complex loan agreements, project finance, acquisition finance, and structured lending documentation. client advisory: advise international banks, financial institutions, and corporate clients on local and cross-border financial regulations. client consultation: meet clients to evaluate financial situations, risk tolerances, and long-term goals. portfolio strategy: design, monitor, and rebalance tailored multi-asset investment portfolios. market insights: deliver updates on economic trends and product solutions to internal teams and clients. compliance: ensure all recommendations adhere to regional industry rules and regulatory standards. project & case management: coordinate deal teams, conduct comprehensive legal research, and manage closing processes under tight deadlines.",1,0,finance_accounting,reviewed:route:entry-level-title
mcf,ABEAM CONSULTING (SINGAPORE) PTE. LTD.,Consulting Trainee (SAP),1,Fresh/entry level,Permanent|Full Time,"about us: from business process re-engineering to global business expansion for japanese corporations, abeam consulting has served our clients through more than 40 years of growth. with our vision of being the no. 1 global consulting firm from asia, abeam consulting helps our clients take on the challenge of business transformation. with 4,400 consultants in japan, and 3,100 in overseas offices concentrated in asia, our 7,500 consultants and global alliance partners provide truly comprehensive services. about the role we are seeking a motivated individual to join our sap s/4hana cloud public edition training program as a trainee. this program is designed to equip aspiring consultants and business users with foundational knowledge of cloud-based erp systems, focusing on modules such as financial accounting (fi), sourcing & procurement (mm), sales & distribution (sd) and joule ai. trainees will engage in hands-on learning experiences that emphasize a fit-to-standard approach. what you can expect structured training and ojt across any of the core s/4hana modules. real-time exercises using sap fiori launchpad and cloud sandbox environments. exposure to agile project delivery and sap activate methodology. learning system configuration, extensibility options, analytics, and user access. training on cloud mindset adoption and clean core principles. participation in mock fit-to-standard workshops / testing cycles etc. regular evaluations to track learning progress and engagement. opportunities to provide feedback and contribute to course content improvements foundational training on sap business technology platform (btp) to help you understand and set up basic system integrations. key learning objectives understand the functional roles and responsibilities within sap s/4hana cloud. gain foundational knowledge of fi/ mm /sd/joule ai modules and their business processes. learn sap best practices and application usage through guided sessions. participate in hands-on labs simulating end-to-end business scenarios. acquire basic skills in identity and access management, integrations, and data loading. experience testing simulations (uat, integration testing) and project lifecycle concepts. receive mentoring and feedback to support professional development. maintain personal learning records, assessments, and progress reports. qualifications and skills at least a degree/diploma in a related field such as computer science, information technology, software engineering, computer engineering, engineering, or other relevant courses like business infotechnology. interest in sap s/4hana public cloud modules (fi/mm/sd). willingness to learn technical and functional content in a structured environment. enthusiasm for cloud erp deployment and fit-to-standard implementation. good communication and interpersonal skills. ability to adapt to different learning styles and collaborate with peers. curiosity about sap best practices, activate methodology, and agile delivery. able to commence full time employment by september 2026. why join us at abeam consulting, we place a strong emphasis on collaboration, and helping our employees grow and develop their skills, offering a supportive and empowering work environment. with a presence in multiple countries and a diverse range of clients, abeam consulting offers an exciting and dynamic workplace for individuals looking to build a career in consulting. abeam consulting has also recently joined sap’s regional strategic partner initiative as their first regional partner in the region and has also been recognized by uipath as a diamond partner in providing rpa solutions. with such accolades, we aim to continue driving enterprise and digital transformation initiatives in order to transform the way people work and communicate in the digital age. in addition, our industry team is working tirelessly in order to bring more solutions to the banking and finance sector. we regret only shortlisted candidates will be notified",1,0,engineering,reviewed:route:entry-level-title
mcf,ABEAM CONSULTING (SINGAPORE) PTE. LTD.,Consulting Trainee - Agentic Automation & AI,1,Fresh/entry level,Permanent|Full Time,"about us: from business process re-engineering to global business expansion for japanese corporations, abeam consulting has served our clients through more than 40 years of growth. with our vision of being the no. 1 global consulting firm from asia, abeam consulting helps our clients take on the challenge of business transformation. with 4,400 consultants in japan, and 3,100 in overseas offices concentrated in asia, our 7,500 consultants and global alliance partners provide truly comprehensive services. about the role we are seeking motivated individuals to join our consulting trainee program specializing in agentic automation and agentic ai. this program is designed to equip trainees with competencies in application development, automation engineering, ai integration, and system implementation. trainees will gain hands-on experience in designing, developing, testing, and deploying automation and ai-enabled solutions using platforms and technologies from leading software providers such as uipath, blue prism, xceptor, and microsoft. the role emphasizes software engineering best practices, structured development lifecycle, and real-world implementation. what you can expect instructor-led training in software engineering fundamentals, automation architecture, and solution design hands-on development using rpa and ai-enabled platforms in cloud-based sandbox environments exposure to software development lifecycle (sdlc), including design, development, testing, deployment, and maintenance learning ai capabilities embedded within automation platforms (e.g., ai agents, document understanding, machine learning features) practical exercises involving system integration, api usage, and workflow automation participation in real-world project simulations and use cases mentorship from experienced software engineers and consultants key responsibilities design, develop, test, and deploy automation solutions following software engineering practices analyze business and functional requirements and translate them into technical design specifications develop automation workflows, reusable components, and integration modules utilize ai capabilities available within software platforms to enhance automation solutions perform unit testing, system testing, and support user acceptance testing document technical design, code logic, test cases, and deployment procedures support solution deployment and post-production monitoring troubleshoot technical issues, perform root-cause analysis, and implement fixes collaborate with cross-functional teams including business analysts and project managers follow software engineering best practices including version control, coding standards, and secure development assist in continuous improvement of automation frameworks and reusable components qualifications and skills degree in computer science, information technology, engineering, or related discipline basic understanding of programming concepts (e.g., python, c#, java, or similar) strong interest in software engineering and automation technologies interest in applying ai features within enterprise software solutions understanding of software development lifecycle (sdlc) is an advantage exposure to rpa, ai-enabled platforms, or cloud technologies is a plus analytical and problem-solving mindset good interpersonal, verbal, and written communication skills able to work collaboratively in a team environment adaptable, proactive, and willing to learn new technologies ability to work in a culturally diverse and inclusive environment able to commence full time employment by september 2026 technologies covered rpa platforms: uipath, blue prism, xceptor ai capabilities embedded within automation platforms (e.g., ai agents, document ai) microsoft ecosystem (power platform, azure services) api integration and workflow automation version control and development tools why join us at abeam consulting, we place a strong emphasis on collaboration, and helping our employees grow",1,0,engineering,reviewed:route:entry-level-title
mcf,TALENTSIS PTE. LTD.,Software Engineer (Junior / Senior) | Permanent,1,Senior Executive,Full Time,"you will be responsible for designing, developing, testing, and maintaining software applications while working with modern technologies in an agile development environment. responsibilities develop, enhance, and maintain software applications. design and implement scalable, reliable, and efficient solutions. perform coding, testing, debugging, and system integration. collaborate with technical teams to deliver quality software solutions. participate in agile/scrum activities and continuous improvement initiatives. requirements bachelor’s degree in computer science, software engineering, information technology, or a related field. minimum 4 years of software development experience. strong programming experience in java, c++, and/or javascript/typescript . experience with software development frameworks such as spring boot, reactjs, or nodejs is an advantage. familiarity with git, databases (e.g., mongodb), and devops practices is preferred. strong problem-solving skills and ability to work effectively in a team environment. (ea reg no: 20c0312) interested applicants are invited to submit their updated resume to ann@talentsis.com.sg for immediate processing. only shortlisted candidates will be notified.",1,0,software_engineering,reviewed:route:entry-level-title
mcf,FEI SIONG FOOD MANAGEMENT PTE. LTD.,F&B Management Trainee (Quick Services Concept),1,Junior Executive,Permanent|Full Time,"position: f&b management trainee industry: f&b quick services concept 6 work days, 60 hours per week | 1 day off on weekday location: islandwide, singapore requirements: degree holder in any field and keen to work in food and beverages industry shortlisted profiles will undergo training in kitchen duties & service crew in front line able work on weekends / public holidays job scope: prepare and cook menu items in accordance with specifications from recipes maintain highest quality and consistent products standards ensure safe and proper use of equipment at all times maintain a high standard of cleanliness in and around workstation and strictly abide with health/sanitation regulations preparation for opening and closing of shop weekly/ monthly inventory reporting implement, enforce and maintain brand and outlet sops to enhance productivity and service quality across all outlets ensure compliance to food safety, hygiene and sanitation standards daily sales reporting to f&b operation manager run basic sop training for untrained part-timers handle staff grievances and staff monthly roster address and resolve customer complaints and issues promptly and professionally any other ad-hoc duties base on operational need",1,0,general_management,reviewed:route:entry-level-title
mcf,SQUAREPOINT SERVICES SINGAPORE PTE. LTD.,Junior Quant Researcher,1,Non-executive,Full Time,"squarepoint is a global investment management firm that utilizes a diversified portfolio of systematic and quantitative strategies across financial markets that seeks to achieve high quality, uncorrelated returns for our clients. we have deep expertise in trading, technology and operations and attribute our success to rigorous scientific research. as a technology and data-driven firm, we design and build our own cutting-edge systems, from high performance trading platforms to large scale data analysis and compute farms. with offices around the globe, we emphasize true, global collaboration by aligning our investment, technology and operations teams functionally around the world. overview of quant researcher position: research and implement strategies within the firm’s automated trading framework. analyze large data sets using advanced statistical methods to identify trading opportunities. develop a strong understanding of market structure of various exchanges and asset classes. typical day of quant researcher: primary focus throughout the day is on researching and implementing trading ideas. before market open, check that all required data and related processes are ready for the trading day. during market hours, sporadically monitor behavior and performance of strategies. skill set required for position: quantitative background - includes degrees in mathematics, statistics, econometrics, financial engineering, operations research, computer science and physics. programming proficiency with at least one major programming or scripting language (e.g. c++, java, python). strong communication skills and ability to work well with colleagues across multiple regions. ability to work well under pressure",1,0,quant_research,reviewed:route:entry-level-title
mcf,ELECTRONICS & ENGINEERING (PTE) LIMITED,Sales Management Trainee,1,Executive,Part Time|Full Time,"build experiences. drive innovation. grow with e&e. electronics & engineering pte ltd (e&e) is behind some of singapore’s well-known audio-visual and technology experiences, including landmark projects at marina bay sands and changi airport terminal 2. as one of asia’s leading av and systems integration companies with over 75 years of industry experience, e&e deliver innovative technology solutions across commercial, hospitality, broadcast, and public spaces. our 2-year sales management trainee programme is designed for high-potential individuals with the ambition to develop into future sales leaders within our organisation. what you’ll experience drive business development and support company sales growth initiatives build strong customer relationships and identify new business opportunities support execution of sales strategies and commercial initiatives analyse market opportunities and customer needs to drive business growth work closely with internal teams to deliver effective solutions for clients develop leadership capabilities and commercial acumen for future sales management roles who we’re looking for diploma or degree in engineering, technology, business management, or equivalent fields at least 1 year of working experience preferred strong communication and interpersonal skills passion for sales, business development, and technology solutions self-driven individual with leadership potential why join e&e structured training and mentorship programme hands-on exposure to real-world technology solutions and client engagement career development pathway towards future sales leadership opportunities",1,0,sales_marketing,reviewed:route:entry-level-title
mcf,ANRADUS PTE. LTD.,Junior / Senior Sales Operations Executive #10158,1,Junior Executive,Permanent|Full Time,"job description industry/ organization type: marine engine equipment position title: junior / senior sales operations executive working location: kuala lumpur working hours: 5.5 days (mon – fri: 9.30am – 7pm, sat: 9.30am – 2pm) salary package: basic + vb / performance incentive duration: permanent key responsibilities junior sales operations executive process quotations, sales orders, delivery orders, invoices, and customer documents accurately. coordinate with warehouse, logistics, finance, operations, and customer service teams to ensure smooth order fulfilment. maintain crm records, customer documentation, and internal sales operations data. support dealer accounts, showroom enquiries, project requests, and customer follow-ups. attend to walk-in customers and provide product advice, presentations, and demonstrations. assist customers with product selection, quotations, and showroom sales conversion activities. support daily sales operations and perform other ad-hoc duties as assigned. senior sales operations executive manage key dealer accounts, customer relationships, and operational follow-ups. resolve sales and operational issues while improving internal workflows for better efficiency and accuracy. guide and support junior team members in order processing, customer handling, and daily sales operations. support management in preparing reports, monitoring sales operations performance, and improving service standards. assist management in scaling operations, improving processes, and ensuring smooth coordination across departments. apply now!!! relevant experience in sales coordination, sales operations, customer service, showroom sales, or order processing. experience handling quotations, sales orders, delivery orders, invoicing, and customer follow-ups will be an advantage. senior candidates should have experience supporting team coordination, process improvement, or key account handling. able to coordinate with internal teams such as warehouse, logistics, finance, and operations. good communication, customer service, and problem-solving skills. familiar with crm systems and microsoft office applications. able to work independently and support a fast-paced sales operations environment. kindly apply through any of the following methods: submit your application by clicking the apply button; email your resume to job@anradus.com.sg. please indicate #10158 on the email subject. anradus application policy: we value each application and ensure every resume is reviewed. our process is efficient, typically concluding within 3 working days . if you do not receive communication from us within this timeframe, it's likely that your application has not been shortlisted by our client. in such cases, we recommend continuing your job search to maximize your opportunities. anradus pte ltd | ea license no. 20c0161 | angel lim | ea reg no.: r1769781",1,0,sales_marketing,reviewed:route:entry-level-title
mcf,NATIONAL UNIVERSITY OF SINGAPORE,"Executive, Graduate Studies' Office, School of Computing",1,Executive,Full Time,"interested applicants are invited to apply directly at the nus career portal. please note your application will only be processed if you apply via nus career portal. nus career portal link: https://careers.nus.edu.sg/job/executive%2c-graduate-studies&apos;-office%2c-school-of-computing/33872-en_gb/ we regret that only shortlisted candidates will be notified. job purpose to assist in the administration of postgraduate programmes and other related activities of the graduate studies’ office. job description the candidate will be part of the graduate studies' administration team, and will provide support in the following areas: administration of postgraduate research programmes. provide support in administration of graduate research programmes and initiatives including admissions, student registration, student academic and candidature matters, curriculum administration, etc. handle applicants' enquiries pertaining to postgraduate programme admissions or related programme matters. assist in the coordination of local and overseas graduate programmes' outreach activities, research workshops, etc. consolidation and preparation of data and statistics, etc. assist in other graduate educational activities assigned such as exam invigilation or ad-hoc events, etc. any other duties assigned. qualifications possess a bachelor's degree or a polytechnic diploma, preferably with some relevant administrative work experience. possess a positive attitude and be able to multi-task. a good team player who is self-motivated and well-organized with the ability to work well under pressure as well as tight deadlines. demonstrate initiative with good interpersonal, verbal and written communication skills. proficient in microsoft office applications.",0,0,other,reviewed:veto:graduate-as-subject-matter
greenhouse,janestreet,Cybersecurity Detection and Response Analyst,,,,"<h3>about the position</h3> <p>we're looking to add a passionate cybersecurity analyst to our hong kong or singapore office to help protect jane street’s employees, data and infrastructure from the wilds of the internet. our cybersecurity analysts are responsible for developing and using monitoring tools to guard the firm, as well as handling incident response and remediation when a threat is found.</p> <p>our team considers itself to be tapped into the developments happening within the broader cybersecurity space, and able to tell the difference between the latest cool hack by security researchers and what actually matters in our day-to-day. in this role, you’ll carefully consider the context of our decisions as we think about the trade-offs we’re making in our approach to resolving cybersecurity issues.&nbsp;</p> <p>we’ll expect you to apply a methodical approach to performing unstructured investigations to locate and repair the source of a security issue. while there will be an element of operational coverage, your time will also be spent on projects to improve our detection capabilities, automation and efficiencies, as well as performing threat hunts, allowing you to grow your skill set and impact.&nbsp;</p> <p>you will also act as an ambassador of best practices to the rest of the firm. all of our team members understand and practise good personal cybersecurity hygiene, and are able to talk to others about it. a key component of doing well in this position is bringing everyone else along with you on the cybersecurity journey, and you should be excited to learn from your colleagues and pass that learning on to new analysts.</p> <h3>about you</h3> <ul> <li>bachelor’s degree in computer science, engineering, information systems or equivalent experience preferred</li> <li>an avid follower of cybersecurity news</li> <li>a strong scripter; you should be able to write scripts that are clear, general and could be integrated into existing tooling using a fully featured programming language</li> <li>comfortable and interested in managing your code and configs in version control, and have a working knowledge of your editor (we don't care which though)</li> <li>familiar with threat modelling and able to clearly communicate your understanding of the trade-offs we’re making to internal stakeholders</li> <li>able to explain the cybersecurity decisions you’ve made in your own life and how you’ve approached thinking about those decisions</li> <li>able to adapt to changing scenarios and make challenging decisions under pressure</li> <li>humble attitude about what you know and don’t know; not afraid to ask questions and admit mistakes</li> <li>curious problem solver with a positive, collaborative attitude</li> <li>programming experience is a plus</li> <li>fluent in english</li> </ul> <p><em>if you're a recruiting agency and want to partner with us, please reach out to agency-partnerships@janestreet.com.</em></p>",0,0,other,reviewed:no-route
greenhouse,janestreet,Cybersecurity Engineer,,,,"<h3>about the position</h3> <p>we're looking to add a full-time, passionate cybersecurity engineer to our singapore office to help protect our company's people, data, and infrastructure from the wilds of the internet. our cybersecurity engineers work on firm-wide defenses, provide expertise and advice to other groups, lead employee cybersecurity awareness efforts, and handle some of the event analysis and incident response responsibilities of the firm. we're looking for someone who has a strong technical foundation, who is not afraid to build something themselves, who brings good taste to solving security problems, and who can reason about and explain the “why” behind security practices.</p> <h3>about you</h3> <div class=""job-content row""> <div class=""col-12""> <ul> <li>have strong scripting or programming, and surrounding practices: you have an interest and ability to automate in a real programming language, ability and desire to manage your code and configs in version control, and knowledge of your editor (we don't care which editor, though)</li> <li>a measured responder: not everyone should be locking their entire lives down in the name of security. you can discuss trade-offs when it comes to cybersecurity, think about context, and understand what threat modeling is</li> <li>you understand and practice good personal cybersecurity hygiene, and can talk to others about it: for example, you know what a password manager is, and either use one or have something which you can reasonably argue is better, and can walk someone through the tradeoffs you've made (seriously, we’ll ask you about this sort of thing during the interview process)</li> <li>you’re tapped into cybersecurity developments: you follow cybersecurity news, but can tell the difference between the latest cool hack by security researchers and what actually matters in your day-to-day</li> <li>have a positive and collaborative attitude: you understand that a key component of cybersecurity is bringing others along with you on the journey</li> <li>fluency in english</li> </ul> <p><em>if you're a recruiting agency and want to partner with us, please reach out to agency-partnerships@janestreet.com</em></p> </div> </div> <div class=""footnotes"">&nbsp;</div>",0,0,engineering,reviewed:no-route
greenhouse,janestreet,Facilities Operations Engineer,,,,"<h3>about the position</h3> <p>we are looking for an experienced facilities operations engineer to join a highly technical group responsible for operating and maintaining our physical infrastructure. this includes work on our trading floors, amenity spaces and food service areas which are all supported by dedicated mechanical, electrical and it equipment.</p> <p>our team is collaborative in nature, spanning many internal departments and external vendors, contractors, consultants and operations teams. your work will involve managing projects that cover all aspects of our physical infrastructure, along with our relationships with each of these stakeholders, in order to provide 24/7 critical infrastructure.&nbsp;&nbsp;</p> <p>we are looking for someone who is professionally trained in electrical, mechanical or building services engineering, or has equivalent experience in engineering facilities management. you should also have experience with managing facilities maintenance service level agreements (slas) to ensure the scope meets industry standards and service-level agreements (slas).</p> <p>you are encouraged to apply, regardless of your specific discipline, if you have a proven ability to deliver excellence no matter the task, have solid technical experience and can make well-reasoned engineering decisions as they relate to operational risk.</p> <h3>about you</h3> <ul> <li>have 5+ years of experience working on the maintenance and operation team of mission-critical data centres, trading floors or similar 24/7 environments</li> <li>familiar with mep disciplines including plant infrastructure, cracs, upss, office hvac, generators, fire prevention and building management systems</li> <li>have strong computer skills; comfortable working with technical people in an it-centric environment and learning new software and control systems</li> <li>comfortable working with a wide range of colleagues, including non-engineers, across several business areas&nbsp;</li> <li>excellent written and spoken communicator; able to describe detailed problems with brevity and accuracy</li> <li>able to solve small problems in the field without a tradesperson</li> <li>willing to be part of an on-call rotation for nights and weekends to quickly respond to critical system emergencies</li> <li>creative, collaborative and enthusiastic team player who is eager to learn and take initiative&nbsp;</li> <li>able to prioritise tasks effectively and stay organised; can balance assigned work required for our constantly evolving environments</li> <li>fluent in english; proficiency in cantonese and mandarin is a plus</li> </ul> <p><em>if you're a recruiting agency and want to partner with us, please reach out to agency-partnerships@janestreet.com.</em></p>",0,0,engineering,reviewed:veto:5-years-required
greenhouse,janestreet,FIX Onboarding and Connectivity Engineer,,,,"<h3>about the position</h3> <p>we are looking for a fix onboarding and connectivity engineer to help us grow both our proprietary trading capabilities and client-facing trading business. this role involves working on the technical processes that enable our trading desks to access new products and exchanges, while also onboarding external clients to trade with jane street. you'll work closely with our trading teams to help them grow the business, and with our technology teams to build state-of-the-art connectivity systems.</p> <p>jane street is a place where people come to learn new things (and to eventually teach others what they know). while we welcome experience with fix and other order flow/electronic trading protocols, and value software engineering backgrounds, we're excited to teach you the specifics of our trading and technology.</p> <p>the majority of your time will focus on onboarding and connectivity projects across both proprietary and client-facing trading. this will involve prioritising requests from the trading desks; working with our developers, infrastructure engineers, and external parties; and seeing the onboarding process all the way through to production. you will often find yourself bridging the gap between our clients, trading teams, and technology teams, requiring strong communication and coordination skills, but you will also need to be comfortable navigating the unix command line and developing code of varying complexity to deliver these projects.</p> <p>through this work, we will expect you to keep a thoughtful and empathetic perspective on the way the team functions and collaborates as a whole, and to suggest ways we can improve and promote our best practices. we'll also look to you for opinions on how we approach and deliver project work, and how we should interface with other internal teams.</p> <h3>about you</h3> <ul> <li>interested in learning about the microstructure of different exchanges and trading systems</li> <li>proficient with coding; software engineering experience (building apps) highly valued</li> <li>excellent coordinator and project management skills across multiple stakeholders</li> <li>detail-oriented with clear written and verbal communication</li> <li>able to learn new, complicated, and ever-changing systems</li> <li>fluent in english</li> </ul> <p><em>if you're a recruiting agency and want to partner with us, please reach out to agency-partnerships@janestreet.com.</em></p>",0,0,engineering,reviewed:no-route
greenhouse,janestreet,HR Generalist,,,,"<h3>about the position</h3> <p>we're looking for an hr generalist to support our employees in singapore as part of our regional asia hr team.</p> <p>this role is for someone who loves helping people and solving problems, particularly through making hr processes work seamlessly. you'll be the first point of contact for hr queries on the ground, fielding a wide range of employee and manager inquiries, advising on our policies and processes, assisting with benefit administration and connecting people with the training and support they need to be successful in their roles. you'll also help maintain hr databases with employee files and records. these responsibilities require incredible attention to detail and the highest levels of internal and external confidentiality.</p> <p>you'll work with enough autonomy to triage and resolve issues day-to-day, while collaborating closely with the wider regional team on approach and priorities. our ability to get the little things right and the personal attention we give each of our employees is what drives our hr success and our culture.</p> <p>beyond day-to-day support, you'll assist with hr projects and operational improvements. these projects will provide an opportunity to collaborate across global teams within and outside of hr, giving you exposure to a wide range of hr work across our offices. we don't expect you to know everything immediately, but the right person will be eager to learn and not afraid to ask questions. you should be willing to accept feedback from others and look at any mistake as an opportunity to learn and grow.</p> <h3>about you</h3> <ul> <li>have a bachelor's degree or higher qualification&nbsp;</li> <li>at least 5+ years of hr generalist experience, with a track record of advising employees and managers on hr-related matters</li> <li>able to work independently while thriving as part of a collaborative regional team</li> <li>experience with delivering operational projects independently and in larger cross-functional teams</li> <li>excited by a truly generalist role, focusing on operational excellence</li> <li>experience with pension and benefits administration preferred</li> <li>experience with workday (or similar hris) preferred</li> <li>willing to own administrative tasks</li> <li>excellent interpersonal and communication skills, both spoken and written</li> <li>discreet and capable of exercising sound judgment with sensitive and confidential company and personnel data</li> <li>able to think big-picture, whilst at the same time getting even the smallest details right</li> <li>intellectually curious and eager to learn; humble about what you know and don't know and not afraid to ask questions and admit mistakes</li> <li>reliable and flexible team player with a positive attitude; enjoys helping people and solving problems</li> <li>comfortable working in a fast-paced environment</li> <li>comfortable challenging current processes and looking for ways to improve</li> <li>fluent in english</li> </ul> <p>&nbsp;</p> <p><em>if you're a recruiting agency and want to partner with us, please reach out to agency-partnerships@janestreet.com</em></p>",0,0,human_resources,reviewed:veto:5-years-required
greenhouse,janestreet,Linux Engineer,,,,"<h3>about the position</h3> <p>linux engineers work with the critical infrastructure underlying the rest of the firm’s technology. members of this group are hard-working systems engineers, administrators and programmers, tasked with maintaining and improving the platform that powers jane street's production trading systems. our mix of in-house and open source software allows you to investigate and innovate at every level. on any given day, you could be debugging kernel performance, developing management tools, or resolving production issues in real time. diving into tricky systems problems is our specialty.</p> <p>deployment automation, scalable configuration management, and obsessive monitoring are the focus of some of our ongoing projects. we automate as much of our work as we can, but not because we are lazy. we find that automation reduces our error rate and overall workload - plus, we think it's fun.</p> <p>working in our group provides opportunities for involvement with almost every other facet of the company. we work directly with colleagues in trading, technology, and operations to build and maintain systems with a firm-wide scope. using feedback from other groups and our custom monitoring tools, we strive to resolve production issues quickly, perform comprehensive root-cause analyses, and integrate long-term fixes in a clean and robust way.</p> <h3>about you</h3> <p>we are looking to hire systems programmers and administrators with a deep knowledge of unix internals and the linux ecosystem. candidates should have a willingness to learn ocaml, our language of choice, and meet the following requirements:</p> <ul> <li>bachelor's degree in computer science, software engineering or other technical discipline (or equivalent experience)</li> <li>clear and concise communication skills, as well as the ability to efficiently analyze and deconstruct technical problems</li> <li>deep knowledge of operating system fundamentals, especially linux</li> <li>fluency with the unix command line and shell scripting</li> <li>practical experience with modern linux systems and systems programming concepts like c, sockets, virtual memory, and the process life cycle</li> <li>basic understanding of network protocols</li> <li>strong troubleshooting skills and knowledge of profiling/debugging tools such as gdb, perf, dtrace, ebpf or systemtap</li> <li>programming experience in any language (functional languages a plus)</li> <li>fluent in english</li> </ul> <p>&nbsp;</p> <p><em>if you're a recruiting agency and want to partner with us, please reach out to&nbsp;</em><a href=""mailto:agency-partnerships@janestreet.com""><em>agency-partnerships@janestreet.com</em></a><em>.</em></p>",0,0,engineering,reviewed:no-route
greenhouse,janestreet,Network Engineer,,,,"<h3>about the position</h3> <p>we are looking for an experienced network engineer to join our network security team to help us run, scale, and continuously improve our network security infrastructure through hands-on operations, design, and implementation. the ideal candidate will have strong networking fundamentals and experience with security appliances such as firewalls and proxy.</p> <p>jane street’s numerous distributed systems are built on an agile, reliable, multi-vendor network infrastructure that supports all traffic profiles, from trading to internet connectivity. supporting such a large multi-function network requires advanced tooling for monitoring and automation.&nbsp;</p> <p>strong communication and interpersonal skills will be needed to collaborate with colleagues across the firm globally. you will find and resolve issues, plan and execute deployments, and improve systems where possible. we’ll also look to leverage your advanced networking skills and security knowledge to:&nbsp;</p> <ul> <li>work closely with our network engineering team on the design and deployment of security perimeter and adjacent network infrastructure</li> <li>manage and continuously evolve network segmentation, dmz, and other aspects of network security</li> <li>evaluate and lab test new platforms for our network security infrastructure</li> <li>collaborate with our cybersecurity team on the detection and mitigation of threats and vulnerabilities on our network</li> <li>interface with application owners and traders to enable business workflows securely</li> <li>proactively enhance support by improving network infrastructure observability and scripting, and communicating requirements to our software engineers</li> <li>improve our network security processes and documentation</li> </ul> <p>a holistic approach to system design is critical for this role. our broader networking team prioritizes flexibility, compatibility, and efficiency when crafting solutions, all while seeking ongoing buy-in and feedback from users across the firm. our firm’s culture prizes intellectual humility, openness, and continuous improvement, which translates directly to the daily work of this team. we’re all partners working toward shared goals and are always looking for the next best idea that will make our work stronger.&nbsp;</p> <p>your strong communication skills and analytical thinking will be invaluable as we support the daily work of our colleagues and keep our systems operating at the highest standard.</p> <h3>about you</h3> <ul> <li>have 7+ years of experience operating and deploying network infrastructure</li> <li>experienced with routing and network protocols (ospf, bgp, pim-sm)</li> <li>experienced with troubleshooting transport protocols (tcp/udp)</li> <li>have a strong understanding of firewall hardware architecture, performance metrics, and functional components</li> <li>experienced with firewall configuration and troubleshooting</li> <li>understand public key infrastructure and related technologies</li> <li>understand modern encryption techniques</li> <li>have a high capacity to learn; we are interested in how you think, not just what you know</li> <li>able to context-switch, while still being able to prioritize and organize your stack&nbsp;</li> <li>ideally have experience with overlay networks (evpn, vxlan)</li> <li>a flexible and reliable team player who enjoys working in a collaborative environment</li> <li>preferably have proficiency in a programming language</li> <li>fluency in english required</li> </ul> <p><em>if you're a recruiting agency and want to partner with us, please reach out to&nbsp;</em><em>agency-partnerships@janestreet.com</em><em>.</em></p>",0,0,engineering,reviewed:veto:7-years-required
greenhouse,janestreet,Production Engineer,,,,"<h3>about the position</h3> <p><span style=""font-weight: 400;"">we are hiring production engineers in our hong kong and singapore office. jane street production engineers are software developers who spend time both developing software and also providing high-quality support for software systems that are critical to jane street's trading business.<br><br></span><span style=""font-weight: 400;"">many of our production engineers are embedded in various software teams; others are in standalone teams. in both situations we work alongside application developers with a common goal of creating and running great software systems. as a firm we are big believers in functional programming, and use ocaml as our primary development language.<br><br></span><span style=""font-weight: 400;"">production engineers play an essential role interacting with a wide variety of departments and functions at jane street. we solve real-time issues and make a firm-wide impact. we take ownership of the architecture and design of systems th</span><span style=""font-weight: 400;"">at monitor and support </span><span style=""font-weight: 400;"">the firm’s trading. we also design and develop the tools that we use, and it feels great to be able to shape these tools and then enjoy the improvements.</span></p> <p>if you'd like to learn more, you can read about <a href=""https://www.janestreet.com/production-engineering/"" target=""_blank"">production engineering at jane street</a>.&nbsp;</p> <h3>how is a production engineer role different from a generic software engineering role?</h3> <p><span style=""font-weight: 400;"">as production engineers:</span></p> <ul> <li style=""font-weight: 400;""><span style=""font-weight: 400;"">we split our time between ocaml software development project work and a support rotation, in which we actively resolve live issues in jane street’s critical systems</span></li> <li style=""font-weight: 400;""><span style=""font-weight: 400;"">we are curious and eager to learn about a number of different systems and how they fit together. this gives us a breadth of knowledge and opportunities to collaborate with many other dev and business teams across the firm</span></li> <li style=""font-weight: 400;""><span style=""font-weight: 400;"">we spend less time in total coding (due to the support rotation), and are interrupted more often, and we enjoy adding value to jane street in this way</span></li> <li style=""font-weight: 400;""><span style=""font-weight: 400;"">we get satisfaction from helping others, enabling good trades, and getting to the bottom of complex and urgent production issues</span></li> </ul> <h3>about you</h3> <p><span style=""font-weight: 400;"">we don’t expect you to have a background in functional programming, finance, or any other specific field—we’re looking for smart software developers who enjoy solving interesting problems. we’re more interested in how you think and learn than just what you currently know. you should be:</span></p> <ul> <li style=""font-weight: 400;""><span style=""font-weight: 400;"">a strong programmer with a love for technology; able to write and read code well</span></li> <li style=""font-weight: 400;""><span style=""font-weight: 400;"">an intellectually curious person who is motivated, collaborative, and eager to learn</span></li> <li style=""font-weight: 400;""><span style=""font-weight: 400;"">an excellent communicator, able to be clear and calm during production incidents</span></li> <li style=""font-weight: 400;"">fluent in english</li> </ul> <p>&nbsp;</p> <p><em>if you're a recruiting agency and want to partner with us, please reach out to&nbsp;</em><a href=""mailto:agency-partnerships@janestreet.com""><em>agency-partnerships@janestreet.com</em></a><em>.</em></p>",0,0,engineering,reviewed:no-route
greenhouse,janestreet,Senior Network Engineer,,,,"<h3>about the position</h3> <p>we are looking for a senior network engineer who can help us scale our networks to meet increasing business demands, drive standardisation through automation and look for opportunities to leverage ai to improve operations.</p> <p>jane street’s numerous distributed systems run on a multi-vendor, highly available network infrastructure and handle a variety of traffic profiles – from high-speed trading to everyday internet connectivity. a typical day on the network engineering team includes:</p> <ul> <li>collaborating on new data centre and colocation initiatives, wan routing optimisation and other cross-team design projects</li> <li>interfacing with stakeholders to assess business needs and develop innovative network features/capabilities</li> <li>leading both reactive support tasks and proactive infrastructure improvements, focusing on thorough documentation to reduce outages and enhance troubleshooting</li> <li>exploring ai/ml-driven enhancements to streamline operations and continuously improve service quality using your networking expertise to help us scale our team’s infrastructure at large while maintaining high standards for network performance and reliability</li> <li>documenting solutions and processes that help the team work more efficiently, using a meticulous attention to detail</li> </ul> <p>if you have a passion for innovating within a complex network ecosystem, enjoy building scalable systems and documentation structures and are curious about how ai can refine network operations, this role provides a platform to make a significant impact at jane street. we look forward to learning from your expertise and unique perspective.</p> <h3>about you</h3> <ul> <li>have 7+ years of experience operating and deploying network infrastructure, with 3+ years dedicated to ground-up network design</li> <li>have deep experience with routing and network protocols (ospf, bgp, pim-sm) and the troubleshooting of transport protocols (tcp/udp)</li> <li>comfortable operating in linux environments and proficient in at least one programming language</li> <li>strongly inclined to automate workflows and explore ai/ml approaches to improve efficiency or reduce overhead</li> <li>eager to produce comprehensive, scalable documentation that benefits the entire team</li> <li>have a demonstrated ability to balance multiple priorities, switch contexts effectively and maintain a high level of customer service</li> <li>excellent collaborator and communicator; ready to build strong partnerships with diverse global teams and stakeholders to share your recommendations, issues and outcomes&nbsp;</li> <li>have a flexible, reliable mindset and enthusiasm for sharing knowledge with peers</li> <li>any prior exposure to overlay networks (evpn, vxlan) is a plus</li> <li>fluent in english</li> </ul> <p><em>if you're a recruiting agency and want to partner with us, please reach out to&nbsp;</em><a href=""mailto:agency-partnerships@janestreet.com""><em>agency-partnerships@janestreet.com</em></a><em>.</em></p>",0,0,engineering,reviewed:veto:7-years-required
greenhouse,janestreet,Software Engineer,,,,"<h3>about the position</h3> <p>we’re looking for software engineers who want to help us design and build the systems and tools that run the firm. you’ll find software engineers in all parts of jane street, solving real problems in critical areas ranging from trading desks to our accounting team, as well as building foundational infrastructure, whether that means implementing network monitoring or risk models.&nbsp;</p> <p>we are big believers in functional programming and, using ocaml, a statically -typed functional programming language, as our primary tool. more recently, python has become a vital part of jane street’s research and trading work, acting as the go-to language for data analysis, visualization, and machine learning.&nbsp;</p> <p>beyond our own environment, we also recognize the value of open source software, leveraging it in our daily work and releasing over a million lines of our own code as open source. we’re also always looking for ways to expand open source projects, and provide ongoing support to things like mercurial, the ocaml compiler, and the opam package manager. that said, we’re interested in talented engineers with experience in any language—most of us came in with little to no practical experience in ocaml before we joined.</p> <p>if you’d like to learn more, you can read about our&nbsp;<a href=""https://blog.janestreet.com/applying-to-jane-street/"">interview process</a> and meet some of our <a href=""https://www.janestreet.com/join-jane-street/get-to-know-us/"">newest hires</a>.</p> <h3>about you</h3> <p>we <em>don’t</em> expect you to have a background in functional programming, ocaml, python, finance, or any other specific field—we’re looking for smart programmers who enjoy solving interesting problems. we’re more interested in how you think and learn than what you currently know. you should be:</p> <ul> <li>a top-notch programmer with a love for technology</li> <li>intellectually curious, collaborative, and eager to learn</li> <li>humble and unafraid to ask questions and admit mistakes</li> </ul> <p>if you'd like to get an idea of what we cover in our software engineering interview process, you can visit our <a href=""https://www.janestreet.com/preparing-for-a-software-engineering-interview/"">interview prep page</a>.</p> <p><em>if you're a recruiting agency and want to partner with us, please reach out to </em><em>agency-partnerships@janestreet.com</em><em>.</em></p>",0,0,software_engineering,reviewed:no-route
greenhouse,janestreet,Software Engineer,,,,"<p>&nbsp;</p> <h3>about the position</h3> <p>we're always hiring software engineers for all of our offices. technology is at the core of how we approach our work, and engineers are intimately involved in every area of the business.&nbsp;</p> <p>we are big believers in functional programming and use ocaml, a statically typed functional programming language, as our primary tool. more recently, python has become a vital part of jane street’s research and trading work, acting as the go-to language for data analysis, visualization, and machine learning.</p> <p>we also believe in the value of open source software, using it in our daily work and releasing over a million lines of our own code as open source.</p> <h3>about you</h3> <ul> <li>top-notch programming skills</li> <li>deep experience with—and love for—technology. there's no specific checklist; we use software to approach a variety of problems, so we're interested in everything from machine learning to systems administration to programming language design</li> <li>strong interpersonal skills. software engineering at jane street is highly collaborative, and we are looking for people who can work effectively in small, close-knit teams</li> <li>we <em>don’t </em>expect you to have experience with functional programming, ocaml, python, or finance; we’re happy to hire talented engineers and teach them what they need to know.</li> <li>fluent in english</li> </ul> <p>&nbsp;</p> <p>if you'd like to get an idea of what we cover in our software engineering interview process, you can visit our <a href=""https://www.janestreet.com/preparing-for-a-software-engineering-interview/"">interview prep page</a>.</p> <p>&nbsp;</p> <p><em>if you're a recruiting agency and want to partner with us, please reach out to&nbsp;</em><a href=""mailto:agency-partnerships@janestreet.com""><em>agency-partnerships@janestreet.com</em></a><em>.</em></p>",0,0,software_engineering,reviewed:no-route
greenhouse,janestreet,Software Engineer,,,,"<h3></h3> <p>&nbsp;</p> <h3>about the position</h3> <p>our goal is to give you a real sense of what it's like to work at jane street full time while also providing a truly unparalleled educational experience. as an intern, you are paired with full-time employees who act as mentors, collaborating with you on real-world projects we actually need done.</p> <p>as a software engineering intern, you’ll learn how we use ocaml (our primary development language) in our day to day work, and gain exposure to the libraries and tools that are foundational to our internal systems. some teams also use python, so depending on the project, you might do some work with python as well.&nbsp;</p> <p>during the internship, you'll be closely mentored by full-time software engineers. mentors design intern projects based on their team's current needs and are heavily invested in helping interns build maintainable, high-quality software that is intended to reach production. the projects you will work on are as varied and diverse as those full-timers work on, covering a wide range of problems, from high performance trading systems to programming language design and everything in between.&nbsp;</p> <p><strong>our internship in the singapore office runs for 12 weeks, from mid may to mid august, and you'll need to be available for the entire period. if these dates don't align with your academic schedule, we encourage you to apply to our hong kong software engineering internship instead, which can accommodate a wider range of start and end dates. at the beginning of the program, you'll spend time training in our hong kong office, and you'll also visit our new york office for a week, giving you the chance to learn and work alongside interns and full-time employees across our global offices.</strong></p> <p>if you’d like to learn more, you can read about our <a href=""https://www.janestreet.com/preparing-for-a-software-engineering-interview/"">interview</a> and<a href=""https://blog.janestreet.com/project-pairing/#fn:1""> team placement</a> processes and get a sense of what our <a href=""https://blog.janestreet.com/tag/internship/"">most recent intern projects</a> looked like! you can also learn more about jane street’s internship program <a href=""https://www.janestreet.com/join-jane-street/internships/"">here</a>.</p> <h3>about you</h3> <p>if you’ve never thought about a career in finance, you’re in good company. many of us were in the same position before working here. if you have a curious mind, a collaborative spirit, and a passion for solving interesting problems, we have a feeling you’ll fit right in. we're more interested in how you think and learn than what you currently know. you should be:</p> <ul> <li>a top-notch programmer with a love for technology</li> <li>intellectually curious, collaborative, and eager to learn</li> <li>humble and unafraid to ask questions and admit mistakes</li> <li>fluent in english&nbsp;</li> </ul> <p>please note: jane street will provide flights to and from hong kong as well as accommodation&nbsp;throughout the entirety of the program.</p> <p><em>if you're a recruiting agency and want to partner with us, please reach out to agency-partnerships@janestreet.com</em></p> <p>&nbsp;</p> <p>&nbsp;</p> <h3></h3>",0,0,software_engineering,reviewed:no-route
greenhouse,janestreet,Tax Structuring & Advisory Specialist,,,,"<h3>about the position</h3> <p>we are hiring a newly created tax structuring and advisory role in our hong kong or singapore office with a focus (though not exclusively) on apac-region tax issues . you will help us manage tax and related structural aspects of internal restructurings, including investment structures for senior individuals within the group, acquisitions, dispositions, and other complex transactions related to the broader business of jane street. you will also work on structuring and advisory matters relating to the firm's trading activities.</p> <p>to do this, you can expect to collaborate extensively with our local and global tax team, along with a range of non-tax professionals throughout the organisation. &nbsp;</p> <p>this role provides a great opportunity to join a dynamic and entrepreneurial work environment where you will interact closely with colleagues in various departments at jane street. the right person will be commercially driven, very comfortable with numbers, extremely collaborative and entrepreneurial, and adept at working in a deadline-driven environment.</p> <h3>about you</h3> <ul> <li>qualified lawyer or accountant with 8+ years pqe in leading law firms, accountancy firms, and/or financial institutions, preferably with in-house experience&nbsp;</li> <li>have excellent attention to detail, strong analytical skills, and the ability to manage complex tax issues</li> <li>highly organised and flexible; able to multitask and manage a range of competing priorities and projects with tight deadlines</li> <li>have strong interpersonal skills; can work independently and as part of a team</li> <li>able to communicate with professionals within and outside jane street across all levels and areas of expertise</li> <li>having experience with the taxation of financial products and/or experience with international tax issues is a plus</li> <li>having significant tax transaction and structuring experience is strongly preferred</li> <li>fluency in english is required</li> </ul> <p><em>if you're a recruiting agency and want to partner with us, please reach out to agency-partnerships@janestreet.com.</em></p> <p>&nbsp;</p>",0,0,finance_accounting,reviewed:no-route
greenhouse,janestreet,Unified Communications Engineer,,,,"<h3>about the position</h3> <p>we are looking for a unified communications engineer to help grow, monitor and manage our global voice and video infrastructure. this role sits within our larger it group and will require you to deliver smart solutions in a fast-paced environment without disrupting the daily workflow.</p> <p>the unified communications team is responsible for end-user setup (devices and profiles), asset management and all infrastructure related to collaboration and telephony. our projects include improving tooling and monitoring, refreshing hardware for meeting rooms and executing software and hardware configuration changes globally, while minimising downtime for various collaboration services.&nbsp;</p> <p>our uc engineers are experts at multitasking, monitoring alarms generated by our voice and video systems and juggling project-related tasks, all while serving as an escalation point for users and other technology groups. you’ll interface daily with different tech teams across the firm — it operations, cybersecurity and networking — to provide capacity planning, develop standards and best practices and improve documentation across our global uc infrastructure.&nbsp;</p> <p>the right candidate will be passionate about solving complex problems and supporting users with robust and flexible technical solutions.&nbsp;</p> <h3>about you</h3> <ul> <li>have 7+ years of in-depth experience configuring and supporting the cisco uc and collaboration product suite in a multi-cluster environment, including:&nbsp; <ul> <li>cisco unified communications manager versions 12.5+</li> <li>cisco meeting server</li> <li>cisco expressway</li> </ul> </li> <li>have excellent knowledge of sip, including implementing session border controllers and pstn sip trunking</li> <li>understand uc compliance products, and have experience with modern voice recording platforms (verint, nice, calabrio, etc.) and messaging archiving products (movius, leapxpert, smarsh, etc.)</li> <li>have a working knowledge of cisco apis related to uc products, and experience with creating api automations using python, powershell, etc.&nbsp;</li> <li>experienced with upgrading and maintaining cisco uc products, including supporting phones, softphones and video conferencing endpoints&nbsp;</li> <li>experienced with integrating cloud-based conferencing technologies (webex, zoom, teams, etc.) to on-premise infrastructure</li> <li>able to collect and interpret log files, collaborate with support partners to solve problems while maintaining system stability and properly manage expectations with colleagues and users</li> <li>familiar with the virtualisation of cisco uc applications on enterprise-grade servers (hpe, dell, cisco, etc.)&nbsp;</li> <li>have a strong understanding of current security standards and expectations, and the ability to troubleshoot and use creative thinking to resolve issues</li> <li>fluent in english; fluency in mandarin is preferred</li> </ul> <p>&nbsp;</p> <p><em>if you're a recruiting agency and want to partner with us, please reach out to </em><em>agency-partnerships@janestreet.com</em><em>.&nbsp;</em></p>",0,0,engineering,reviewed:veto:7-years-required
greenhouse,coinbase,Concierge Specialist IV,,,,"<div class=""content-intro""><p>ready to do the most impactful work of your career? at&nbsp;<a href=""https://www.coinbase.com/?utm_campaign=mt_o_m_w_m_m__coi_0_jd-onchain&amp;utm_source=coinbase"">coinbase</a>, we are uncompromising on our mission to increase economic freedom. the bar is high, the environment is intense, and we like it that way. this isn't a place for complacency, it’s a place to be pushed past your perceived limits. if you're ready to build the future of finance alongside people who refuse to settle for ""good enough,"" you belong here. coinbase is a remote-first, but not remote-only company. expect to get together quarterly for intense in-person working sessions called “surges.”&nbsp;<a href=""https://www.coinbase.com/careers"">learn more about working at coinbase</a>.</p></div><p class=""mb-2 whitespace-pre-wrap"">as a concierge specialist iv on the customer experience team, you'll serve as a senior subject matter expert and relationship owner for coinbase's highest-value customers. this team delivers world-class, personalized service to our most valued clients, ensuring they have a seamless experience across all coinbase products. you'll own complex customer relationships end to end, mentor junior concierge agents, and drive measurable improvements in satisfaction, retention, and product adoption.</p> <p class=""mb-2 whitespace-pre-wrap""><strong>what you'll do:</strong></p> <ul> <li>own and deepen relationships with a portfolio of coinbase's highest-value customers, serving as their primary point of contact and trusted advisor across all products and services.</li> <li>lead resolution of complex, escalated customer issues by partnering cross-functionally with product, engineering, compliance, and operations to identify root causes and drive systemic fixes.</li> <li>drive customer onboarding and product adoption by proactively educating clients on new features, staking, coinbase one, and other value-added services tailored to their needs.</li> <li>partner with cx leadership to identify trends, surface customer feedback, and shape process improvements that reduce friction and strengthen trust in coinbase.</li> <li>mentor and support junior concierge agents on relationship management, issue resolution, and best practices, raising the overall quality bar for the team.</li> </ul> <p class=""mb-2 whitespace-pre-wrap""><strong>required skills and experience:</strong></p> <ul> <li>4+ years of experience in customer success, account management, or high-touch client advisory roles within financial services, fintech, or crypto, including familiarity with derivatives products.</li> <li>professional fluency in tamil, with the ability to communicate confidently in a business and customer-facing capacity.</li> <li>demonstrated ability to independently manage a portfolio of high-value client relationships, with measurable outcomes in retention, satisfaction, or revenue growth, including resolving complex cross-functional issues end to end.</li> <li>currently holds or has previously held a cms 6a license, with willingness to obtain it again if needed; proficient with crm and support tooling (e.g., salesforce, zendesk) and google suite.</li> <li>able and willing to support on-call coverage and manage escalations outside normal working hours, including weekends.</li> <li>utilizes generative ai responsibly, maintaining human oversight to deliver business-ready outputs and drive measurable improvements in workflow efficiency, cost, and quality.</li> </ul> <p><strong>job id: p77139</strong></p><div class=""content-pay-transparency""><div class=""pay-input""><div class=""description""><p><strong>pay transparency notice:</strong> the target annual <strong>base</strong> salary for this position can range as detailed below. total compensation may<strong> </strong>also include equity and bonus eligibility and benefits (including medical, dental, and vision).</p></div><div class=""title"">annual base salary range (excluding equity and bonus):</div><div ",0,0,finance_accounting,reviewed:veto:4-years-required
greenhouse,coinbase,Concierge Specialist IV,,,,"<div class=""content-intro""><p>ready to do the most impactful work of your career? at&nbsp;<a href=""https://www.coinbase.com/?utm_campaign=mt_o_m_w_m_m__coi_0_jd-onchain&amp;utm_source=coinbase"">coinbase</a>, we are uncompromising on our mission to increase economic freedom. the bar is high, the environment is intense, and we like it that way. this isn't a place for complacency, it’s a place to be pushed past your perceived limits. if you're ready to build the future of finance alongside people who refuse to settle for ""good enough,"" you belong here. coinbase is a remote-first, but not remote-only company. expect to get together quarterly for intense in-person working sessions called “surges.”&nbsp;<a href=""https://www.coinbase.com/careers"">learn more about working at coinbase</a>.</p></div><p class=""mb-2 whitespace-pre-wrap"">as a concierge specialist iv on the customer experience team, you'll serve as a senior subject matter expert and relationship owner for coinbase's highest-value customers. this team delivers world-class, personalized service to our most valued clients, ensuring they have a seamless experience across all coinbase products. you'll own complex customer relationships end to end, mentor junior concierge agents, and drive measurable improvements in satisfaction, retention, and product adoption.</p> <p class=""mb-2 whitespace-pre-wrap""><strong>what you'll do:</strong></p> <ul> <li>own and deepen relationships with a portfolio of coinbase's highest-value customers, serving as their primary point of contact and trusted advisor across all products and services.</li> <li>lead resolution of complex, escalated customer issues by partnering cross-functionally with product, engineering, compliance, and operations to identify root causes and drive systemic fixes.</li> <li>drive customer onboarding and product adoption by proactively educating clients on new features, staking, coinbase one, and other value-added services tailored to their needs.</li> <li>partner with cx leadership to identify trends, surface customer feedback, and shape process improvements that reduce friction and strengthen trust in coinbase.</li> <li>mentor and support junior concierge agents on relationship management, issue resolution, and best practices, raising the overall quality bar for the team.</li> </ul> <p class=""mb-2 whitespace-pre-wrap""><strong>required skills and experience:</strong></p> <ul> <li>4+ years of experience in customer success, account management, or high-touch client advisory roles within financial services, fintech, or crypto, including familiarity with derivatives products.</li> <li>professional fluency in both english and cantonese, with the ability to communicate confidently in a business and customer-facing capacity.</li> <li>demonstrated ability to independently manage a portfolio of high-value client relationships, with measurable outcomes in retention, satisfaction, or revenue growth, including resolving complex cross-functional issues end to end.</li> <li>currently holds or has previously held a cms 6a license, with willingness to obtain it again if needed; proficient with crm and support tooling (e.g., salesforce, zendesk) and google suite.</li> <li>able and willing to support on-call coverage and manage escalations outside normal working hours, including weekends.</li> <li>utilizes generative ai responsibly, maintaining human oversight to deliver business-ready outputs and drive measurable improvements in workflow efficiency, cost, and quality.</li> </ul> <p><strong>job id: p77136</strong></p> <div id=""fortidlp-input-element-parent""></div><div class=""content-pay-transparency""><div class=""pay-input""><div class=""description""><p><strong>pay transparency notice:</strong> the target annual <strong>base</strong> salary for this position can range as detailed below. total compensation may<strong> </strong>also include equity and bonus eligibility and benefits (including medical, dental, and vision).</p></div><div class=""titl",0,0,finance_accounting,reviewed:veto:4-years-required
greenhouse,coinbase,Principal Recruiter,,,,"<div class=""content-intro""><p>ready to do the most impactful work of your career? at&nbsp;<a href=""https://www.coinbase.com/?utm_campaign=mt_o_m_w_m_m__coi_0_jd-onchain&amp;utm_source=coinbase"">coinbase</a>, we are uncompromising on our mission to increase economic freedom. the bar is high, the environment is intense, and we like it that way. this isn't a place for complacency, it’s a place to be pushed past your perceived limits. if you're ready to build the future of finance alongside people who refuse to settle for ""good enough,"" you belong here. coinbase is a remote-first, but not remote-only company. expect to get together quarterly for intense in-person working sessions called “surges.”&nbsp;<a href=""https://www.coinbase.com/careers"">learn more about working at coinbase</a>.</p></div><p>we're hiring a principal recruiter to join our core recruiting team within people success. this team owns hiring across coinbase's g&amp;a, customer experience, eaa and it, and you'll be responsible for owning full-lifecycle recruiting across your portfolio. depending on business needs, you may also support product group hiring, so flexibility across talent markets is key.&nbsp;you'll partner directly with senior leaders to deeply understand their talent needs, build strong pipelines, and drive process improvements that help the recruiting team scale.</p> <p><strong>what you'll do:</strong></p> <ul> <li>own the full recruitment lifecycle from role intake through close for complex, senior-level searches across your core portfolio</li> <li>build candidate pipelines through self-sourcing and competitive research, ensuring sufficient depth and quality at each stage to maintain hiring velocity</li> <li>partner with senior leaders across your client groups to translate hiring needs into effective search strategies and a strong candidate and interviewer experience</li> <li>drive data integrity and use pipeline analytics to inform hiring efficiency, surface bottlenecks, and improve outcomes for your hiring teams</li> <li>design and implement recruiting processes and pilot programs that help the team scale its impact across global markets</li> </ul> <p><strong>required skills and experience:</strong></p> <ul> <li>8+ years of full-lifecycle recruiting experience in a technology company or similarly fast-paced, high-growth environment,&nbsp;with demonstrated success closing competitive candidates across g&amp;a and/or technical functions</li> <li>experience building and scaling recruiting processes across global markets</li> <li>deep knowledge across the entire candidate lifecycle, from talent mapping and sourcing through interviewing and closing</li> <li>data-driven approach to pipeline management with the ability to translate recruiting metrics into strategic recommendations for stakeholders</li> <li>utilizes generative ai responsibly, maintaining human oversight to deliver business-ready outputs and drive measurable improvements in workflow efficiency, cost, and quality.</li> </ul> <p>position id: p77768</p> <p>#li-remote</p><div class=""content-pay-transparency""><div class=""pay-input""><div class=""description""><p><strong>pay transparency notice:</strong> the target annual <strong>base</strong> salary for this position can range as detailed below. total compensation may<strong> </strong>also include equity and bonus eligibility and benefits (including medical, dental, and vision).</p></div><div class=""title"">annual base salary range (excluding equity and bonus):</div><div class=""pay-range""><span>$212,200</span><span class=""divider"">&mdash;</span><span>$212,200 sgd</span></div></div></div><div class=""content-conclusion""><ul> <li style=""font-style: italic; font-size: 8pt;""><strong><em>application limit: </em></strong>candidates may submit a maximum of 3 applications within a 6-month period.</li> <li style=""font-style: italic; font-size: 8pt;""><span style=""font-size: 8pt;""><em><strong>equal opportunity employer: </strong>coinbase is an equal opportuni",0,0,finance_accounting,reviewed:veto:8-years-required
greenhouse,coinbase,Regional Threat Assessment Manager,,,,"<div class=""content-intro""><p>ready to do the most impactful work of your career? at&nbsp;<a href=""https://www.coinbase.com/?utm_campaign=mt_o_m_w_m_m__coi_0_jd-onchain&amp;utm_source=coinbase"">coinbase</a>, we are uncompromising on our mission to increase economic freedom. the bar is high, the environment is intense, and we like it that way. this isn't a place for complacency, it’s a place to be pushed past your perceived limits. if you're ready to build the future of finance alongside people who refuse to settle for ""good enough,"" you belong here. coinbase is a remote-first, but not remote-only company. expect to get together quarterly for intense in-person working sessions called “surges.”&nbsp;<a href=""https://www.coinbase.com/careers"">learn more about working at coinbase</a>.</p></div><p>we're hiring a <strong>regional threat assessment manager</strong> to join the protective intelligence program within coinbase's security organization. this team protects coinbase employees, executives, facilities, and operations by identifying, assessing, and mitigating threats through intelligence-led case management and structured behavioral assessment. you'll serve as the regional lead and subject matter expert for threat assessment and management, owning complex and sensitive threat cases end-to-end while partnering with gsoc, executive protection, legal, hr/er, insider threat, and other stakeholders to drive coordinated response and help mature the program's regional capabilities.</p> <p>what you'll do:</p> <ul> <li>own end-to-end threat case management for your region, from intake, triage, and behavioral assessment through mitigation planning, documentation, and closure for threats impacting employees, executives, facilities, and other coinbase assets.</li> <li>lead structured behavioral threat assessments using coinbase methodologies and accepted frameworks (e.g., jaca, wavr-21, ctap-25) to evaluate motivation, capability, escalation indicators, and stabilizers, then translate findings into clear operational recommendations.</li> <li>drive intelligence-led incident response by serving as the intelligence lead during active incidents, coordinating with gsoc, ensuring timely escalation, and delivering decision support through resolution.</li> <li>partner cross-functionally with executive protection, gsoc, legal, hr/er, insider threat, and communications to coordinate response actions, align mitigations, and manage reporting obligations.</li> <li>produce decision-ready briefings, written assessments, and executive updates that communicate threat posture, risk rationale, and recommended next steps to security leadership and cross-functional partners.</li> <li>strengthen regional program maturity by improving intake standards, qa/qc, playbooks, metrics, training, and handoff processes, and by mentoring peers through expertise and influence.</li> </ul> <p>required skills and experience:</p> <ul> <li>7+ years of progressively responsible experience in threat assessment and management, protective intelligence, workplace violence prevention, behavioral threat assessment, or closely related security functions.</li> <li>demonstrated track record operating as a senior individual contributor and regional sme, independently owning ambiguous, high-consequence casework with limited oversight while influencing outcomes across teams without direct authority.</li> <li>proven ability to conduct threat investigations and translate fragmented information into clear assessments, prioritized risks, and practical mitigation plans using structured professional judgment frameworks.</li> <li>proficiency with case management and intelligence tools (e.g., ontic, osint platforms, public records research, social media monitoring) with a track record of improving processes and tooling to increase signal quality.</li> <li>experience coordinating with law enforcement, managing investigative referrals, and navigating workplace violence reporting obligations across j",0,0,finance_accounting,reviewed:veto:7-years-required
greenhouse,coinbase,"Senior Software Engineer, Consumer",,,,"<div class=""content-intro""><p>ready to do the most impactful work of your career? at&nbsp;<a href=""https://www.coinbase.com/?utm_campaign=mt_o_m_w_m_m__coi_0_jd-onchain&amp;utm_source=coinbase"">coinbase</a>, we are uncompromising on our mission to increase economic freedom. the bar is high, the environment is intense, and we like it that way. this isn't a place for complacency, it’s a place to be pushed past your perceived limits. if you're ready to build the future of finance alongside people who refuse to settle for ""good enough,"" you belong here. coinbase is a remote-first, but not remote-only company. expect to get together quarterly for intense in-person working sessions called “surges.”&nbsp;<a href=""https://www.coinbase.com/careers"">learn more about working at coinbase</a>.</p></div><p class=""mb-2 whitespace-pre-wrap"">as a senior software engineer on the onboarding team, you'll build the systems that power user onboarding and kyc across every coinbase product and market. this team enables coinbase to launch in new countries and ship new products quickly while meeting compliance and regulatory requirements. you'll own backend services that drive onboarding conversion at global scale and shape the architecture that makes rapid expansion possible.</p> <p class=""mb-2 whitespace-pre-wrap""><strong><br>what you'll do:</strong></p> <ul> <li>own the design, development, and scaling of backend services in golang that power onboarding and kyc workflows across multiple products and geographies.</li> <li>build scalable, service-oriented systems using modern cloud infrastructure and industry best practices to solve novel platform challenges.</li> <li>drive improvements to onboarding and mtu conversion funnels by identifying bottlenecks and shipping data-informed solutions.</li> <li>partner with engineers, product managers, designers, and senior leadership to translate product and technical vision into quarterly execution roadmaps.</li> <li>lead cross-cutting design reviews within your product area, ensuring security, operational integrity, and architectural clarity across all features shipped.</li> </ul> <p class=""mb-2 whitespace-pre-wrap""><strong>required skills and experience:</strong></p> <ul> <li>5+ years of professional software engineering experience building, scaling, and maintaining production backend services in a service-oriented architecture.</li> <li>proven track record designing distributed systems that operate reliably at scale, including experience with cloud-native tooling (e.g., docker, kubernetes, aws/gcp).</li> <li>proficiency in golang or a similar statically-typed language, with demonstrated ability to write well-tested, production-grade code.</li> <li>experience owning end-to-end delivery of platform capabilities, from technical design through deployment, monitoring, and iteration.</li> <li>utilizes generative ai responsibly, maintaining human oversight to deliver business-ready outputs and drive measurable improvements in workflow efficiency, cost, and quality.</li> </ul> <p>&nbsp;</p> <p>p77353</p><div class=""content-pay-transparency""><div class=""pay-input""><div class=""description""><p><strong>pay transparency notice:</strong> the target annual <strong>base</strong> salary for this position can range as detailed below. total compensation may<strong> </strong>also include equity and bonus eligibility and benefits (including medical, dental, and vision).</p></div><div class=""title"">annual base salary range (excluding equity and bonus):</div><div class=""pay-range""><span>$191,100</span><span class=""divider"">&mdash;</span><span>$191,100 sgd</span></div></div></div><div class=""content-conclusion""><ul> <li style=""font-style: italic; font-size: 8pt;""><strong><em>application limit: </em></strong>candidates may submit a maximum of 3 applications within a 6-month period.</li> <li style=""font-style: italic; font-size: 8pt;""><span style=""font-size: 8pt;""><em><strong>equal opportunity employer: </strong>coinbase is an equal ",0,0,software_engineering,reviewed:veto:5-years-required
greenhouse,coinbase,Senior Software Engineer - Trading,,,,"<div class=""content-intro""><p>ready to do the most impactful work of your career? at&nbsp;<a href=""https://www.coinbase.com/?utm_campaign=mt_o_m_w_m_m__coi_0_jd-onchain&amp;utm_source=coinbase"">coinbase</a>, we are uncompromising on our mission to increase economic freedom. the bar is high, the environment is intense, and we like it that way. this isn't a place for complacency, it’s a place to be pushed past your perceived limits. if you're ready to build the future of finance alongside people who refuse to settle for ""good enough,"" you belong here. coinbase is a remote-first, but not remote-only company. expect to get together quarterly for intense in-person working sessions called “surges.”&nbsp;<a href=""https://www.coinbase.com/careers"">learn more about working at coinbase</a>.</p></div><p class=""mb-2 whitespace-pre-wrap"">as a senior software engineer on the consumer &amp; business advanced trading team, you'll architect and deliver coinbase's next-generation trading systems for the intx product, working from singapore in close collaboration with the trading team. this team builds the fastest, most reliable crypto trading infrastructure globally. you'll lead multi-quarter, cross-organizational initiatives that define how millions of customers trade, while mentoring engineers and raising the technical bar across the organization.</p> <p class=""mb-2 whitespace-pre-wrap""><strong>what you'll do:</strong></p> <ul> <li>own the technical vision and architecture for mission-critical trading systems, including order management, execution engines, and reliability infrastructure.</li> <li>drive multi-quarter projects across multiple engineering teams from design through production delivery.</li> <li>lead system design and code review processes that elevate engineering quality and set standards for the trading stack.</li> <li>partner with product management and design to align product strategy with long-term technical bets and roadmap priorities.</li> <li>shape the strategic direction of the trading platform by identifying high-leverage technical initiatives and driving consensus across organizational boundaries.</li> <li>deepen engineering talent across the team by coaching engineers at various levels and developing the next generation of trading infrastructure leaders.</li> </ul> <p class=""mb-2 whitespace-pre-wrap""><strong>required skills and experience:</strong></p> <ul> <li>5+ years of software engineering experience with demonstrated ownership of large-scale distributed systems.</li> <li>hands-on expertise in trading systems (traditional or crypto), with direct experience building or operating order management, execution, market data, or risk management components.</li> <li>track record of leading complex, cross-team initiatives from ambiguous problem statements through delivered outcomes, with measurable impact on product or platform reliability.</li> <li>demonstrated ability to translate product requirements into scalable system designs and communicate technical trade-offs to non-technical stakeholders.</li> <li>experience with performant backend languages in production trading environments.</li> <li>utilizes generative ai responsibly, maintaining human oversight to deliver business-ready outputs and drive measurable improvements in workflow efficiency, cost, and quality.</li> </ul> <p>&nbsp;</p> <p>p76880</p><div class=""content-pay-transparency""><div class=""pay-input""><div class=""description""><p><strong>pay transparency notice:</strong> the target annual <strong>base</strong> salary for this position can range as detailed below. total compensation may<strong> </strong>also include equity and bonus eligibility and benefits (including medical, dental, and vision).</p></div><div class=""title"">annual base salary range (excluding equity and bonus):</div><div class=""pay-range""><span>$191,100</span><span class=""divider"">&mdash;</span><span>$191,100 sgd</span></div></div></div><div class=""content-conclusion""><ul> <li style=""font-style:",0,0,quant_trading,reviewed:veto:5-years-required
